#2026 03 05 11:48:08.589#Z#DEBUG#0066f6cb-1889-11f1-a16f-eeee0a90b015.c25c385-2-approuter#flowable-async-job-executor-thread-712#
[PollStageAppStatusExecution] a5c869df-1334-45d0-87fb-b2433d952c83 [2026-03-05T11:36:36.934200] Updated app with guid a5c869df-1334-45d0-87fb-b2433d952c83 ({"lifecycle"=>{"data"=>{"buildpacks"=>[]}, "type"=>"buildpack"}}) (STDOUT, API)#
#2026 03 05 11:48:08.589#Z#DEBUG#0066f6cb-1889-11f1-a16f-eeee0a90b015.c25c385-2-approuter#flowable-async-job-executor-thread-712#
[PollStageAppStatusExecution] a5c869df-1334-45d0-87fb-b2433d952c83 [2026-03-05T11:36:37.027435] Updating process: "web" (STDOUT, API)#
#2026 03 05 11:48:08.589#Z#DEBUG#0066f6cb-1889-11f1-a16f-eeee0a90b015.c25c385-2-approuter#flowable-async-job-executor-thread-712#
[PollStageAppStatusExecution] a5c869df-1334-45d0-87fb-b2433d952c83 [2026-03-05T11:37:14.749995] Uploading app package for app with guid a5c869df-1334-45d0-87fb-b2433d952c83 (STDOUT, API)#
#2026 03 05 11:48:08.589#Z#DEBUG#0066f6cb-1889-11f1-a16f-eeee0a90b015.c25c385-2-approuter#flowable-async-job-executor-thread-712#
[PollStageAppStatusExecution] a5c869df-1334-45d0-87fb-b2433d952c83 [2026-03-05T11:37:25.174541] Creating build for app with guid a5c869df-1334-45d0-87fb-b2433d952c83 (STDOUT, API)#
#2026 03 05 11:48:08.589#Z#DEBUG#0066f6cb-1889-11f1-a16f-eeee0a90b015.c25c385-2-approuter#flowable-async-job-executor-thread-712#
[PollStageAppStatusExecution] a5c869df-1334-45d0-87fb-b2433d952c83 [2026-03-05T11:37:25.712295] Downloading zero_trust_sidecar_buildpack_1_15... (STDOUT, STG)#
#2026 03 05 11:48:08.589#Z#DEBUG#0066f6cb-1889-11f1-a16f-eeee0a90b015.c25c385-2-approuter#flowable-async-job-executor-thread-712#
[PollStageAppStatusExecution] a5c869df-1334-45d0-87fb-b2433d952c83 [2026-03-05T11:37:25.712306] Downloading java_buildpack... (STDOUT, STG)#
#2026 03 05 11:48:08.589#Z#DEBUG#0066f6cb-1889-11f1-a16f-eeee0a90b015.c25c385-2-approuter#flowable-async-job-executor-thread-712#
[PollStageAppStatusExecution] a5c869df-1334-45d0-87fb-b2433d952c83 [2026-03-05T11:37:25.712370] Downloading sap_java_buildpack_jakarta... (STDOUT, STG)#
#2026 03 05 11:48:08.589#Z#DEBUG#0066f6cb-1889-11f1-a16f-eeee0a90b015.c25c385-2-approuter#flowable-async-job-executor-thread-712#
[PollStageAppStatusExecution] a5c869df-1334-45d0-87fb-b2433d952c83 [2026-03-05T11:37:25.712402] Downloading staticfile_buildpack... (STDOUT, STG)#
#2026 03 05 11:48:08.589#Z#DEBUG#0066f6cb-1889-11f1-a16f-eeee0a90b015.c25c385-2-approuter#flowable-async-job-executor-thread-712#
[PollStageAppStatusExecution] a5c869df-1334-45d0-87fb-b2433d952c83 [2026-03-05T11:37:25.721332] Downloading nodejs_buildpack... (STDOUT, STG)#
#2026 03 05 11:48:08.589#Z#DEBUG#0066f6cb-1889-11f1-a16f-eeee0a90b015.c25c385-2-approuter#flowable-async-job-executor-thread-712#
[PollStageAppStatusExecution] a5c869df-1334-45d0-87fb-b2433d952c83 [2026-03-05T11:37:25.743935] Downloaded sap_java_buildpack_jakarta (STDOUT, STG)#
#2026 03 05 11:48:08.589#Z#DEBUG#0066f6cb-1889-11f1-a16f-eeee0a90b015.c25c385-2-approuter#flowable-async-job-executor-thread-712#
[PollStageAppStatusExecution] a5c869df-1334-45d0-87fb-b2433d952c83 [2026-03-05T11:37:25.743967] Downloading go_buildpack... (STDOUT, STG)#
#2026 03 05 11:48:08.589#Z#DEBUG#0066f6cb-1889-11f1-a16f-eeee0a90b015.c25c385-2-approuter#flowable-async-job-executor-thread-712#
[PollStageAppStatusExecution] a5c869df-1334-45d0-87fb-b2433d952c83 [2026-03-05T11:37:25.758837] Downloaded zero_trust_sidecar_buildpack_1_15 (STDOUT, STG)#
#2026 03 05 11:48:08.589#Z#DEBUG#0066f6cb-1889-11f1-a16f-eeee0a90b015.c25c385-2-approuter#flowable-async-job-executor-thread-712#
[PollStageAppStatusExecution] a5c869df-1334-45d0-87fb-b2433d952c83 [2026-03-05T11:37:25.758896] Downloading python_buildpack... (STDOUT, STG)#
#2026 03 05 11:48:08.589#Z#DEBUG#0066f6cb-1889-11f1-a16f-eeee0a90b015.c25c385-2-approuter#flowable-async-job-executor-thread-712#
[PollStageAppStatusExecution] a5c869df-1334-45d0-87fb-b2433d952c83 [2026-03-05T11:37:25.759135] Downloaded java_buildpack (STDOUT, STG)#
#2026 03 05 11:48:08.589#Z#DEBUG#0066f6cb-1889-11f1-a16f-eeee0a90b015.c25c385-2-approuter#flowable-async-job-executor-thread-712#
[PollStageAppStatusExecution] a5c869df-1334-45d0-87fb-b2433d952c83 [2026-03-05T11:37:25.759181] Downloading php_buildpack... (STDOUT, STG)#
#2026 03 05 11:48:08.589#Z#DEBUG#0066f6cb-1889-11f1-a16f-eeee0a90b015.c25c385-2-approuter#flowable-async-job-executor-thread-712#
[PollStageAppStatusExecution] a5c869df-1334-45d0-87fb-b2433d952c83 [2026-03-05T11:37:25.767466] Downloaded go_buildpack (STDOUT, STG)#
#2026 03 05 11:48:08.589#Z#DEBUG#0066f6cb-1889-11f1-a16f-eeee0a90b015.c25c385-2-approuter#flowable-async-job-executor-thread-712#
[PollStageAppStatusExecution] a5c869df-1334-45d0-87fb-b2433d952c83 [2026-03-05T11:37:25.767504] Downloading nginx_buildpack... (STDOUT, STG)#
#2026 03 05 11:48:08.589#Z#DEBUG#0066f6cb-1889-11f1-a16f-eeee0a90b015.c25c385-2-approuter#flowable-async-job-executor-thread-712#
[PollStageAppStatusExecution] a5c869df-1334-45d0-87fb-b2433d952c83 [2026-03-05T11:37:25.767521] Downloaded staticfile_buildpack (STDOUT, STG)#
#2026 03 05 11:48:08.589#Z#DEBUG#0066f6cb-1889-11f1-a16f-eeee0a90b015.c25c385-2-approuter#flowable-async-job-executor-thread-712#
[PollStageAppStatusExecution] a5c869df-1334-45d0-87fb-b2433d952c83 [2026-03-05T11:37:25.767541] Downloading binary_buildpack... (STDOUT, STG)#
#2026 03 05 11:48:08.589#Z#DEBUG#0066f6cb-1889-11f1-a16f-eeee0a90b015.c25c385-2-approuter#flowable-async-job-executor-thread-712#
[PollStageAppStatusExecution] a5c869df-1334-45d0-87fb-b2433d952c83 [2026-03-05T11:37:25.772468] Downloaded nodejs_buildpack (STDOUT, STG)#
#2026 03 05 11:48:08.589#Z#DEBUG#0066f6cb-1889-11f1-a16f-eeee0a90b015.c25c385-2-approuter#flowable-async-job-executor-thread-712#
[PollStageAppStatusExecution] a5c869df-1334-45d0-87fb-b2433d952c83 [2026-03-05T11:37:25.772484] Downloading sap_java_buildpack_jakarta_2_51... (STDOUT, STG)#
#2026 03 05 11:48:08.589#Z#DEBUG#0066f6cb-1889-11f1-a16f-eeee0a90b015.c25c385-2-approuter#flowable-async-job-executor-thread-712#
[PollStageAppStatusExecution] a5c869df-1334-45d0-87fb-b2433d952c83 [2026-03-05T11:37:25.804278] Downloaded python_buildpack (STDOUT, STG)#
#2026 03 05 11:48:08.589#Z#DEBUG#0066f6cb-1889-11f1-a16f-eeee0a90b015.c25c385-2-approuter#flowable-async-job-executor-thread-712#
[PollStageAppStatusExecution] a5c869df-1334-45d0-87fb-b2433d952c83 [2026-03-05T11:37:25.804338] Downloading sap_java_buildpack_jakarta_2_50... (STDOUT, STG)#
#2026 03 05 11:48:08.589#Z#DEBUG#0066f6cb-1889-11f1-a16f-eeee0a90b015.c25c385-2-approuter#flowable-async-job-executor-thread-712#
[PollStageAppStatusExecution] a5c869df-1334-45d0-87fb-b2433d952c83 [2026-03-05T11:37:25.806595] Downloaded php_buildpack (STDOUT, STG)#
#2026 03 05 11:48:08.589#Z#DEBUG#0066f6cb-1889-11f1-a16f-eeee0a90b015.c25c385-2-approuter#flowable-async-job-executor-thread-712#
[PollStageAppStatusExecution] a5c869df-1334-45d0-87fb-b2433d952c83 [2026-03-05T11:37:25.806610] Downloading zero_trust_sidecar_buildpack_1_13... (STDOUT, STG)#
#2026 03 05 11:48:08.589#Z#DEBUG#0066f6cb-1889-11f1-a16f-eeee0a90b015.c25c385-2-approuter#flowable-async-job-executor-thread-712#
[PollStageAppStatusExecution] a5c869df-1334-45d0-87fb-b2433d952c83 [2026-03-05T11:37:25.807902] Downloaded binary_buildpack (STDOUT, STG)#
#2026 03 05 11:48:08.589#Z#DEBUG#0066f6cb-1889-11f1-a16f-eeee0a90b015.c25c385-2-approuter#flowable-async-job-executor-thread-712#
[PollStageAppStatusExecution] a5c869df-1334-45d0-87fb-b2433d952c83 [2026-03-05T11:37:25.807921] Downloading zero_trust_sidecar_buildpack_1_14... (STDOUT, STG)#
#2026 03 05 11:48:08.589#Z#DEBUG#0066f6cb-1889-11f1-a16f-eeee0a90b015.c25c385-2-approuter#flowable-async-job-executor-thread-712#
[PollStageAppStatusExecution] a5c869df-1334-45d0-87fb-b2433d952c83 [2026-03-05T11:37:25.813455] Downloaded sap_java_buildpack_jakarta_2_51 (STDOUT, STG)#
#2026 03 05 11:48:08.589#Z#DEBUG#0066f6cb-1889-11f1-a16f-eeee0a90b015.c25c385-2-approuter#flowable-async-job-executor-thread-712#
[PollStageAppStatusExecution] a5c869df-1334-45d0-87fb-b2433d952c83 [2026-03-05T11:37:25.813472] Downloading zero_trust_sidecar_buildpack... (STDOUT, STG)#
#2026 03 05 11:48:08.589#Z#DEBUG#0066f6cb-1889-11f1-a16f-eeee0a90b015.c25c385-2-approuter#flowable-async-job-executor-thread-712#
[PollStageAppStatusExecution] a5c869df-1334-45d0-87fb-b2433d952c83 [2026-03-05T11:37:25.836721] Downloaded nginx_buildpack (STDOUT, STG)#
#2026 03 05 11:48:08.589#Z#DEBUG#0066f6cb-1889-11f1-a16f-eeee0a90b015.c25c385-2-approuter#flowable-async-job-executor-thread-712#
[PollStageAppStatusExecution] a5c869df-1334-45d0-87fb-b2433d952c83 [2026-03-05T11:37:25.836740] Downloading sap_java_buildpack_jakarta_2_49... (STDOUT, STG)#
#2026 03 05 11:48:08.589#Z#DEBUG#0066f6cb-1889-11f1-a16f-eeee0a90b015.c25c385-2-approuter#flowable-async-job-executor-thread-712#
[PollStageAppStatusExecution] a5c869df-1334-45d0-87fb-b2433d952c83 [2026-03-05T11:37:25.845572] Downloaded zero_trust_sidecar_buildpack_1_13 (STDOUT, STG)#
#2026 03 05 11:48:08.589#Z#DEBUG#0066f6cb-1889-11f1-a16f-eeee0a90b015.c25c385-2-approuter#flowable-async-job-executor-thread-712#
[PollStageAppStatusExecution] a5c869df-1334-45d0-87fb-b2433d952c83 [2026-03-05T11:37:25.849329] Downloaded sap_java_buildpack_jakarta_2_50 (STDOUT, STG)#
#2026 03 05 11:48:08.589#Z#DEBUG#0066f6cb-1889-11f1-a16f-eeee0a90b015.c25c385-2-approuter#flowable-async-job-executor-thread-712#
[PollStageAppStatusExecution] a5c869df-1334-45d0-87fb-b2433d952c83 [2026-03-05T11:37:25.851526] Downloaded zero_trust_sidecar_buildpack (STDOUT, STG)#
#2026 03 05 11:48:08.589#Z#DEBUG#0066f6cb-1889-11f1-a16f-eeee0a90b015.c25c385-2-approuter#flowable-async-job-executor-thread-712#
[PollStageAppStatusExecution] a5c869df-1334-45d0-87fb-b2433d952c83 [2026-03-05T11:37:25.855142] Downloaded sap_java_buildpack_jakarta_2_49 (STDOUT, STG)#
#2026 03 05 11:48:08.590#Z#DEBUG#0066f6cb-1889-11f1-a16f-eeee0a90b015.c25c385-2-approuter#flowable-async-job-executor-thread-712#
[PollStageAppStatusExecution] a5c869df-1334-45d0-87fb-b2433d952c83 [2026-03-05T11:37:25.870624] Downloaded zero_trust_sidecar_buildpack_1_14 (STDOUT, STG)#
#2026 03 05 11:48:08.590#Z#DEBUG#0066f6cb-1889-11f1-a16f-eeee0a90b015.c25c385-2-approuter#flowable-async-job-executor-thread-712#
[PollStageAppStatusExecution] a5c869df-1334-45d0-87fb-b2433d952c83 [2026-03-05T11:37:25.870732] Cell c839c7b1-088e-41af-b9b7-66256aacd457 creating container for instance a550f7c0-39c3-464e-81b2-6e8e163be38b (STDOUT, STG)#
#2026 03 05 11:48:08.590#Z#DEBUG#0066f6cb-1889-11f1-a16f-eeee0a90b015.c25c385-2-approuter#flowable-async-job-executor-thread-712#
[PollStageAppStatusExecution] a5c869df-1334-45d0-87fb-b2433d952c83 [2026-03-05T11:37:26.300897] Security group rules were updated (STDOUT, STG)#
#2026 03 05 11:48:08.590#Z#DEBUG#0066f6cb-1889-11f1-a16f-eeee0a90b015.c25c385-2-approuter#flowable-async-job-executor-thread-712#
[PollStageAppStatusExecution] a5c869df-1334-45d0-87fb-b2433d952c83 [2026-03-05T11:37:26.355837] Cell c839c7b1-088e-41af-b9b7-66256aacd457 successfully created container for instance a550f7c0-39c3-464e-81b2-6e8e163be38b (STDOUT, STG)#
#2026 03 05 11:48:08.590#Z#DEBUG#0066f6cb-1889-11f1-a16f-eeee0a90b015.c25c385-2-approuter#flowable-async-job-executor-thread-712#
[PollStageAppStatusExecution] a5c869df-1334-45d0-87fb-b2433d952c83 [2026-03-05T11:37:26.737739] Downloading app package... (STDOUT, STG)#
#2026 03 05 11:48:08.590#Z#DEBUG#0066f6cb-1889-11f1-a16f-eeee0a90b015.c25c385-2-approuter#flowable-async-job-executor-thread-712#
[PollStageAppStatusExecution] a5c869df-1334-45d0-87fb-b2433d952c83 [2026-03-05T11:37:27.585800] Downloaded app package (7.7M) (STDOUT, STG)#
#2026 03 05 11:48:08.590#Z#DEBUG#0066f6cb-1889-11f1-a16f-eeee0a90b015.c25c385-2-approuter#flowable-async-job-executor-thread-712#
[PollStageAppStatusExecution] a5c869df-1334-45d0-87fb-b2433d952c83 [2026-03-05T11:37:28.131493] -----> Nodejs Buildpack version 1.8.41 (STDOUT, STG)#
#2026 03 05 11:48:08.590#Z#DEBUG#0066f6cb-1889-11f1-a16f-eeee0a90b015.c25c385-2-approuter#flowable-async-job-executor-thread-712#
[PollStageAppStatusExecution] a5c869df-1334-45d0-87fb-b2433d952c83 [2026-03-05T11:37:28.425463] -----> Bootstrapping python (STDOUT, STG)#
#2026 03 05 11:48:08.590#Z#DEBUG#0066f6cb-1889-11f1-a16f-eeee0a90b015.c25c385-2-approuter#flowable-async-job-executor-thread-712#
[PollStageAppStatusExecution] a5c869df-1334-45d0-87fb-b2433d952c83 [2026-03-05T11:37:28.425488] -----> Installing python 3.11.14 (STDOUT, STG)#
#2026 03 05 11:48:08.590#Z#DEBUG#0066f6cb-1889-11f1-a16f-eeee0a90b015.c25c385-2-approuter#flowable-async-job-executor-thread-712#
[PollStageAppStatusExecution] a5c869df-1334-45d0-87fb-b2433d952c83 [2026-03-05T11:37:28.425550] Copy [/tmp/buildpacks/dfa36c7d15e4ae2c/dependencies/c334a3cd7ccf4e78ab45ef5e33dcd936/python_3.11.14_linux_x64_cflinuxfs4_5d0a9d8b.tgz] (STDOUT, STG)#
#2026 03 05 11:48:08.590#Z#DEBUG#0066f6cb-1889-11f1-a16f-eeee0a90b015.c25c385-2-approuter#flowable-async-job-executor-thread-712#
[PollStageAppStatusExecution] a5c869df-1334-45d0-87fb-b2433d952c83 [2026-03-05T11:37:31.371782] -----> Installing binaries (STDOUT, STG)#
#2026 03 05 11:48:08.590#Z#DEBUG#0066f6cb-1889-11f1-a16f-eeee0a90b015.c25c385-2-approuter#flowable-async-job-executor-thread-712#
[PollStageAppStatusExecution] a5c869df-1334-45d0-87fb-b2433d952c83 [2026-03-05T11:37:31.372040] engines.node (package.json): ^16.0.0 || ^18.0.0 (STDOUT, STG)#
#2026 03 05 11:48:08.590#Z#DEBUG#0066f6cb-1889-11f1-a16f-eeee0a90b015.c25c385-2-approuter#flowable-async-job-executor-thread-712#
[PollStageAppStatusExecution] a5c869df-1334-45d0-87fb-b2433d952c83 [2026-03-05T11:37:31.372057] engines.npm (package.json): unspecified (use default) (STDOUT, STG)#
#2026 03 05 11:48:08.590#Z#DEBUG#0066f6cb-1889-11f1-a16f-eeee0a90b015.c25c385-2-approuter#flowable-async-job-executor-thread-712#
[PollStageAppStatusExecution] a5c869df-1334-45d0-87fb-b2433d952c83 [2026-03-05T11:37:31.372115] [31;1m**ERROR**[0m Unable to install node: no match found for ^16.0.0 || ^18.0.0 in [20.19.3 20.19.5 22.20.0 22.21.1 24.3.0 24.10.0] (STDOUT, STG)#
#2026 03 05 11:48:08.590#Z#DEBUG#0066f6cb-1889-11f1-a16f-eeee0a90b015.c25c385-2-approuter#flowable-async-job-executor-thread-712#
[PollStageAppStatusExecution] a5c869df-1334-45d0-87fb-b2433d952c83 [2026-03-05T11:37:31.374213] Failed to compile droplet: Failed to run all supply scripts: exit status 14 (STDERR, STG)#
#2026 03 05 11:48:08.590#Z#DEBUG#0066f6cb-1889-11f1-a16f-eeee0a90b015.c25c385-2-approuter#flowable-async-job-executor-thread-712#
[PollStageAppStatusExecution] a5c869df-1334-45d0-87fb-b2433d952c83 [2026-03-05T11:37:31.380887] Exit status 223 (STDOUT, STG)#
#2026 03 05 11:48:08.590#Z#DEBUG#0066f6cb-1889-11f1-a16f-eeee0a90b015.c25c385-2-approuter#flowable-async-job-executor-thread-712#
[PollStageAppStatusExecution] a5c869df-1334-45d0-87fb-b2433d952c83 [2026-03-05T11:37:31.977377] Cell c839c7b1-088e-41af-b9b7-66256aacd457 stopping instance a550f7c0-39c3-464e-81b2-6e8e163be38b (STDOUT, STG)#
#2026 03 05 11:48:08.590#Z#DEBUG#0066f6cb-1889-11f1-a16f-eeee0a90b015.c25c385-2-approuter#flowable-async-job-executor-thread-712#
[PollStageAppStatusExecution] a5c869df-1334-45d0-87fb-b2433d952c83 [2026-03-05T11:37:31.977419] Cell c839c7b1-088e-41af-b9b7-66256aacd457 destroying container for instance a550f7c0-39c3-464e-81b2-6e8e163be38b (STDOUT, STG)#
#2026 03 05 11:48:08.590#Z#DEBUG#0066f6cb-1889-11f1-a16f-eeee0a90b015.c25c385-2-approuter#flowable-async-job-executor-thread-712#
[PollStageAppStatusExecution] a5c869df-1334-45d0-87fb-b2433d952c83 [2026-03-05T11:37:32.017235] Failed to stage build: staging failed (STDERR, API)#
#2026 03 05 11:48:08.590#Z#DEBUG#0066f6cb-1889-11f1-a16f-eeee0a90b015.c25c385-2-approuter#flowable-async-job-executor-thread-712#
[PollStageAppStatusExecution] a5c869df-1334-45d0-87fb-b2433d952c83 [2026-03-05T11:37:34.775960] Cell c839c7b1-088e-41af-b9b7-66256aacd457 successfully destroyed container for instance a550f7c0-39c3-464e-81b2-6e8e163be38b (STDOUT, STG)#
#2026 03 05 11:48:08.590#Z#DEBUG#0066f6cb-1889-11f1-a16f-eeee0a90b015.c25c385-2-approuter#flowable-async-job-executor-thread-712#
[PollStageAppStatusExecution] a5c869df-1334-45d0-87fb-b2433d952c83 [2026-03-05T11:37:35.974197] Creating build for app with guid a5c869df-1334-45d0-87fb-b2433d952c83 (STDOUT, API)#
#2026 03 05 11:48:08.590#Z#DEBUG#0066f6cb-1889-11f1-a16f-eeee0a90b015.c25c385-2-approuter#flowable-async-job-executor-thread-712#
[PollStageAppStatusExecution] a5c869df-1334-45d0-87fb-b2433d952c83 [2026-03-05T11:37:36.605406] Downloading go_buildpack... (STDOUT, STG)#
#2026 03 05 11:48:08.590#Z#DEBUG#0066f6cb-1889-11f1-a16f-eeee0a90b015.c25c385-2-approuter#flowable-async-job-executor-thread-712#
[PollStageAppStatusExecution] a5c869df-1334-45d0-87fb-b2433d952c83 [2026-03-05T11:37:36.605413] Downloading zero_trust_sidecar_buildpack_1_15... (STDOUT, STG)#
#2026 03 05 11:48:08.590#Z#DEBUG#0066f6cb-1889-11f1-a16f-eeee0a90b015.c25c385-2-approuter#flowable-async-job-executor-thread-712#
[PollStageAppStatusExecution] a5c869df-1334-45d0-87fb-b2433d952c83 [2026-03-05T11:37:36.605501] Downloading java_buildpack... (STDOUT, STG)#
#2026 03 05 11:48:08.590#Z#DEBUG#0066f6cb-1889-11f1-a16f-eeee0a90b015.c25c385-2-approuter#flowable-async-job-executor-thread-712#
[PollStageAppStatusExecution] a5c869df-1334-45d0-87fb-b2433d952c83 [2026-03-05T11:37:36.605502] Downloading sap_java_buildpack_jakarta_2_51... (STDOUT, STG)#
#2026 03 05 11:48:08.590#Z#DEBUG#0066f6cb-1889-11f1-a16f-eeee0a90b015.c25c385-2-approuter#flowable-async-job-executor-thread-712#
[PollStageAppStatusExecution] a5c869df-1334-45d0-87fb-b2433d952c83 [2026-03-05T11:37:36.614055] Downloading sap_java_buildpack_jakarta_2_50... (STDOUT, STG)#
#2026 03 05 11:48:08.590#Z#DEBUG#0066f6cb-1889-11f1-a16f-eeee0a90b015.c25c385-2-approuter#flowable-async-job-executor-thread-712#
[PollStageAppStatusExecution] a5c869df-1334-45d0-87fb-b2433d952c83 [2026-03-05T11:37:36.645745] Downloaded java_buildpack (STDOUT, STG)#
#2026 03 05 11:48:08.590#Z#DEBUG#0066f6cb-1889-11f1-a16f-eeee0a90b015.c25c385-2-approuter#flowable-async-job-executor-thread-712#
[PollStageAppStatusExecution] a5c869df-1334-45d0-87fb-b2433d952c83 [2026-03-05T11:37:36.645777] Downloading sap_java_buildpack_jakarta_2_49... (STDOUT, STG)#
#2026 03 05 11:48:08.590#Z#DEBUG#0066f6cb-1889-11f1-a16f-eeee0a90b015.c25c385-2-approuter#flowable-async-job-executor-thread-712#
[PollStageAppStatusExecution] a5c869df-1334-45d0-87fb-b2433d952c83 [2026-03-05T11:37:36.645899] Downloaded go_buildpack (STDOUT, STG)#
#2026 03 05 11:48:08.590#Z#DEBUG#0066f6cb-1889-11f1-a16f-eeee0a90b015.c25c385-2-approuter#flowable-async-job-executor-thread-712#
[PollStageAppStatusExecution] a5c869df-1334-45d0-87fb-b2433d952c83 [2026-03-05T11:37:36.645922] Downloading zero_trust_sidecar_buildpack_1_14... (STDOUT, STG)#
#2026 03 05 11:48:08.590#Z#DEBUG#0066f6cb-1889-11f1-a16f-eeee0a90b015.c25c385-2-approuter#flowable-async-job-executor-thread-712#
[PollStageAppStatusExecution] a5c869df-1334-45d0-87fb-b2433d952c83 [2026-03-05T11:37:36.649458] Downloaded zero_trust_sidecar_buildpack_1_15 (STDOUT, STG)#
#2026 03 05 11:48:08.590#Z#DEBUG#0066f6cb-1889-11f1-a16f-eeee0a90b015.c25c385-2-approuter#flowable-async-job-executor-thread-712#
[PollStageAppStatusExecution] a5c869df-1334-45d0-87fb-b2433d952c83 [2026-03-05T11:37:36.649478] Downloading zero_trust_sidecar_buildpack_1_13... (STDOUT, STG)#
#2026 03 05 11:48:08.590#Z#DEBUG#0066f6cb-1889-11f1-a16f-eeee0a90b015.c25c385-2-approuter#flowable-async-job-executor-thread-712#
[PollStageAppStatusExecution] a5c869df-1334-45d0-87fb-b2433d952c83 [2026-03-05T11:37:36.650997] Downloaded sap_java_buildpack_jakarta_2_50 (STDOUT, STG)#
#2026 03 05 11:48:08.590#Z#DEBUG#0066f6cb-1889-11f1-a16f-eeee0a90b015.c25c385-2-approuter#flowable-async-job-executor-thread-712#
[PollStageAppStatusExecution] a5c869df-1334-45d0-87fb-b2433d952c83 [2026-03-05T11:37:36.651013] Downloading nodejs_buildpack... (STDOUT, STG)#
#2026 03 05 11:48:08.590#Z#DEBUG#0066f6cb-1889-11f1-a16f-eeee0a90b015.c25c385-2-approuter#flowable-async-job-executor-thread-712#
[PollStageAppStatusExecution] a5c869df-1334-45d0-87fb-b2433d952c83 [2026-03-05T11:37:36.659266] Downloaded sap_java_buildpack_jakarta_2_51 (STDOUT, STG)#
#2026 03 05 11:48:08.590#Z#DEBUG#0066f6cb-1889-11f1-a16f-eeee0a90b015.c25c385-2-approuter#flowable-async-job-executor-thread-712#
[PollStageAppStatusExecution] a5c869df-1334-45d0-87fb-b2433d952c83 [2026-03-05T11:37:36.659293] Downloading zero_trust_sidecar_buildpack... (STDOUT, STG)#
#2026 03 05 11:48:08.590#Z#DEBUG#0066f6cb-1889-11f1-a16f-eeee0a90b015.c25c385-2-approuter#flowable-async-job-executor-thread-712#
[PollStageAppStatusExecution] a5c869df-1334-45d0-87fb-b2433d952c83 [2026-03-05T11:37:36.688648] Downloaded zero_trust_sidecar_buildpack_1_13 (STDOUT, STG)#
#2026 03 05 11:48:08.590#Z#DEBUG#0066f6cb-1889-11f1-a16f-eeee0a90b015.c25c385-2-approuter#flowable-async-job-executor-thread-712#
[PollStageAppStatusExecution] a5c869df-1334-45d0-87fb-b2433d952c83 [2026-03-05T11:37:36.688688] Downloading nginx_buildpack... (STDOUT, STG)#
#2026 03 05 11:48:08.590#Z#DEBUG#0066f6cb-1889-11f1-a16f-eeee0a90b015.c25c385-2-approuter#flowable-async-job-executor-thread-712#
[PollStageAppStatusExecution] a5c869df-1334-45d0-87fb-b2433d952c83 [2026-03-05T11:37:36.689699] Downloaded nodejs_buildpack (STDOUT, STG)#
#2026 03 05 11:48:08.590#Z#DEBUG#0066f6cb-1889-11f1-a16f-eeee0a90b015.c25c385-2-approuter#flowable-async-job-executor-thread-712#
[PollStageAppStatusExecution] a5c869df-1334-45d0-87fb-b2433d952c83 [2026-03-05T11:37:36.689725] Downloading python_buildpack... (STDOUT, STG)#
#2026 03 05 11:48:08.590#Z#DEBUG#0066f6cb-1889-11f1-a16f-eeee0a90b015.c25c385-2-approuter#flowable-async-job-executor-thread-712#
[PollStageAppStatusExecution] a5c869df-1334-45d0-87fb-b2433d952c83 [2026-03-05T11:37:36.690782] Downloaded sap_java_buildpack_jakarta_2_49 (STDOUT, STG)#
#2026 03 05 11:48:08.590#Z#DEBUG#0066f6cb-1889-11f1-a16f-eeee0a90b015.c25c385-2-approuter#flowable-async-job-executor-thread-712#
[PollStageAppStatusExecution] a5c869df-1334-45d0-87fb-b2433d952c83 [2026-03-05T11:37:36.690797] Downloading staticfile_buildpack... (STDOUT, STG)#
#2026 03 05 11:48:08.590#Z#DEBUG#0066f6cb-1889-11f1-a16f-eeee0a90b015.c25c385-2-approuter#flowable-async-job-executor-thread-712#
[PollStageAppStatusExecution] a5c869df-1334-45d0-87fb-b2433d952c83 [2026-03-05T11:37:36.701916] Downloaded zero_trust_sidecar_buildpack_1_14 (STDOUT, STG)#
#2026 03 05 11:48:08.590#Z#DEBUG#0066f6cb-1889-11f1-a16f-eeee0a90b015.c25c385-2-approuter#flowable-async-job-executor-thread-712#
[PollStageAppStatusExecution] a5c869df-1334-45d0-87fb-b2433d952c83 [2026-03-05T11:37:36.701938] Downloading php_buildpack... (STDOUT, STG)#
#2026 03 05 11:48:08.590#Z#DEBUG#0066f6cb-1889-11f1-a16f-eeee0a90b015.c25c385-2-approuter#flowable-async-job-executor-thread-712#
[PollStageAppStatusExecution] a5c869df-1334-45d0-87fb-b2433d952c83 [2026-03-05T11:37:36.704465] Downloaded zero_trust_sidecar_buildpack (STDOUT, STG)#
#2026 03 05 11:48:08.590#Z#DEBUG#0066f6cb-1889-11f1-a16f-eeee0a90b015.c25c385-2-approuter#flowable-async-job-executor-thread-712#
[PollStageAppStatusExecution] a5c869df-1334-45d0-87fb-b2433d952c83 [2026-03-05T11:37:36.704482] Downloading binary_buildpack... (STDOUT, STG)#
#2026 03 05 11:48:08.590#Z#DEBUG#0066f6cb-1889-11f1-a16f-eeee0a90b015.c25c385-2-approuter#flowable-async-job-executor-thread-712#
[PollStageAppStatusExecution] a5c869df-1334-45d0-87fb-b2433d952c83 [2026-03-05T11:37:36.731622] Downloaded nginx_buildpack (STDOUT, STG)#
#2026 03 05 11:48:08.590#Z#DEBUG#0066f6cb-1889-11f1-a16f-eeee0a90b015.c25c385-2-approuter#flowable-async-job-executor-thread-712#
[PollStageAppStatusExecution] a5c869df-1334-45d0-87fb-b2433d952c83 [2026-03-05T11:37:36.731643] Downloading sap_java_buildpack_jakarta... (STDOUT, STG)#
#2026 03 05 11:48:08.590#Z#DEBUG#0066f6cb-1889-11f1-a16f-eeee0a90b015.c25c385-2-approuter#flowable-async-job-executor-thread-712#
[PollStageAppStatusExecution] a5c869df-1334-45d0-87fb-b2433d952c83 [2026-03-05T11:37:36.734400] Downloaded staticfile_buildpack (STDOUT, STG)#
#2026 03 05 11:48:08.590#Z#DEBUG#0066f6cb-1889-11f1-a16f-eeee0a90b015.c25c385-2-approuter#flowable-async-job-executor-thread-712#
[PollStageAppStatusExecution] a5c869df-1334-45d0-87fb-b2433d952c83 [2026-03-05T11:37:36.737695] Downloaded python_buildpack (STDOUT, STG)#
#2026 03 05 11:48:08.590#Z#DEBUG#0066f6cb-1889-11f1-a16f-eeee0a90b015.c25c385-2-approuter#flowable-async-job-executor-thread-712#
[PollStageAppStatusExecution] a5c869df-1334-45d0-87fb-b2433d952c83 [2026-03-05T11:37:36.748126] Downloaded binary_buildpack (STDOUT, STG)#
#2026 03 05 11:48:08.590#Z#DEBUG#0066f6cb-1889-11f1-a16f-eeee0a90b015.c25c385-2-approuter#flowable-async-job-executor-thread-712#
[PollStageAppStatusExecution] a5c869df-1334-45d0-87fb-b2433d952c83 [2026-03-05T11:37:36.752570] Downloaded php_buildpack (STDOUT, STG)#
#2026 03 05 11:48:08.590#Z#DEBUG#0066f6cb-1889-11f1-a16f-eeee0a90b015.c25c385-2-approuter#flowable-async-job-executor-thread-712#
[PollStageAppStatusExecution] a5c869df-1334-45d0-87fb-b2433d952c83 [2026-03-05T11:37:36.772680] Downloaded sap_java_buildpack_jakarta (STDOUT, STG)#
#2026 03 05 11:48:08.590#Z#DEBUG#0066f6cb-1889-11f1-a16f-eeee0a90b015.c25c385-2-approuter#flowable-async-job-executor-thread-712#
[PollStageAppStatusExecution] a5c869df-1334-45d0-87fb-b2433d952c83 [2026-03-05T11:37:36.772776] Cell 77283d80-dfa7-40ba-ba4e-265aef112085 creating container for instance ca15f312-bbd7-4d48-a961-6cbbfbe36484 (STDOUT, STG)#
#2026 03 05 11:48:08.590#Z#DEBUG#0066f6cb-1889-11f1-a16f-eeee0a90b015.c25c385-2-approuter#flowable-async-job-executor-thread-712#
[PollStageAppStatusExecution] a5c869df-1334-45d0-87fb-b2433d952c83 [2026-03-05T11:37:37.349548] Security group rules were updated (STDOUT, STG)#
#2026 03 05 11:48:08.590#Z#DEBUG#0066f6cb-1889-11f1-a16f-eeee0a90b015.c25c385-2-approuter#flowable-async-job-executor-thread-712#
[PollStageAppStatusExecution] a5c869df-1334-45d0-87fb-b2433d952c83 [2026-03-05T11:37:37.415239] Cell 77283d80-dfa7-40ba-ba4e-265aef112085 successfully created container for instance ca15f312-bbd7-4d48-a961-6cbbfbe36484 (STDOUT, STG)#
#2026 03 05 11:48:08.590#Z#DEBUG#0066f6cb-1889-11f1-a16f-eeee0a90b015.c25c385-2-approuter#flowable-async-job-executor-thread-712#
[PollStageAppStatusExecution] a5c869df-1334-45d0-87fb-b2433d952c83 [2026-03-05T11:37:37.720226] Downloading app package... (STDOUT, STG)#
#2026 03 05 11:48:08.590#Z#DEBUG#0066f6cb-1889-11f1-a16f-eeee0a90b015.c25c385-2-approuter#flowable-async-job-executor-thread-712#
[PollStageAppStatusExecution] a5c869df-1334-45d0-87fb-b2433d952c83 [2026-03-05T11:37:38.603374] Downloaded app package (7.7M) (STDOUT, STG)#
#2026 03 05 11:48:08.590#Z#DEBUG#0066f6cb-1889-11f1-a16f-eeee0a90b015.c25c385-2-approuter#flowable-async-job-executor-thread-712#
[PollStageAppStatusExecution] a5c869df-1334-45d0-87fb-b2433d952c83 [2026-03-05T11:37:39.134875] -----> Nodejs Buildpack version 1.8.41 (STDOUT, STG)#
#2026 03 05 11:48:08.590#Z#DEBUG#0066f6cb-1889-11f1-a16f-eeee0a90b015.c25c385-2-approuter#flowable-async-job-executor-thread-712#
[PollStageAppStatusExecution] a5c869df-1334-45d0-87fb-b2433d952c83 [2026-03-05T11:37:39.446643] -----> Bootstrapping python (STDOUT, STG)#
#2026 03 05 11:48:08.590#Z#DEBUG#0066f6cb-1889-11f1-a16f-eeee0a90b015.c25c385-2-approuter#flowable-async-job-executor-thread-712#
[PollStageAppStatusExecution] a5c869df-1334-45d0-87fb-b2433d952c83 [2026-03-05T11:37:39.447026] -----> Installing python 3.11.14 (STDOUT, STG)#
#2026 03 05 11:48:08.590#Z#DEBUG#0066f6cb-1889-11f1-a16f-eeee0a90b015.c25c385-2-approuter#flowable-async-job-executor-thread-712#
[PollStageAppStatusExecution] a5c869df-1334-45d0-87fb-b2433d952c83 [2026-03-05T11:37:39.447264] Copy [/tmp/buildpacks/dfa36c7d15e4ae2c/dependencies/c334a3cd7ccf4e78ab45ef5e33dcd936/python_3.11.14_linux_x64_cflinuxfs4_5d0a9d8b.tgz] (STDOUT, STG)#
#2026 03 05 11:48:08.590#Z#DEBUG#0066f6cb-1889-11f1-a16f-eeee0a90b015.c25c385-2-approuter#flowable-async-job-executor-thread-712#
[PollStageAppStatusExecution] a5c869df-1334-45d0-87fb-b2433d952c83 [2026-03-05T11:37:42.498297] -----> Installing binaries (STDOUT, STG)#
#2026 03 05 11:48:08.590#Z#DEBUG#0066f6cb-1889-11f1-a16f-eeee0a90b015.c25c385-2-approuter#flowable-async-job-executor-thread-712#
[PollStageAppStatusExecution] a5c869df-1334-45d0-87fb-b2433d952c83 [2026-03-05T11:37:42.498334] engines.node (package.json): ^16.0.0 || ^18.0.0 (STDOUT, STG)#
#2026 03 05 11:48:08.590#Z#DEBUG#0066f6cb-1889-11f1-a16f-eeee0a90b015.c25c385-2-approuter#flowable-async-job-executor-thread-712#
[PollStageAppStatusExecution] a5c869df-1334-45d0-87fb-b2433d952c83 [2026-03-05T11:37:42.498338] engines.npm (package.json): unspecified (use default) (STDOUT, STG)#
#2026 03 05 11:48:08.590#Z#DEBUG#0066f6cb-1889-11f1-a16f-eeee0a90b015.c25c385-2-approuter#flowable-async-job-executor-thread-712#
[PollStageAppStatusExecution] a5c869df-1334-45d0-87fb-b2433d952c83 [2026-03-05T11:37:42.498468] [31;1m**ERROR**[0m Unable to install node: no match found for ^16.0.0 || ^18.0.0 in [20.19.3 20.19.5 22.20.0 22.21.1 24.3.0 24.10.0] (STDOUT, STG)#
#2026 03 05 11:48:08.590#Z#DEBUG#0066f6cb-1889-11f1-a16f-eeee0a90b015.c25c385-2-approuter#flowable-async-job-executor-thread-712#
[PollStageAppStatusExecution] a5c869df-1334-45d0-87fb-b2433d952c83 [2026-03-05T11:37:42.500401] Failed to compile droplet: Failed to run all supply scripts: exit status 14 (STDERR, STG)#
#2026 03 05 11:48:08.590#Z#DEBUG#0066f6cb-1889-11f1-a16f-eeee0a90b015.c25c385-2-approuter#flowable-async-job-executor-thread-712#
[PollStageAppStatusExecution] a5c869df-1334-45d0-87fb-b2433d952c83 [2026-03-05T11:37:42.506617] Exit status 223 (STDOUT, STG)#
#2026 03 05 11:48:08.590#Z#DEBUG#0066f6cb-1889-11f1-a16f-eeee0a90b015.c25c385-2-approuter#flowable-async-job-executor-thread-712#
[PollStageAppStatusExecution] a5c869df-1334-45d0-87fb-b2433d952c83 [2026-03-05T11:37:43.033384] Cell 77283d80-dfa7-40ba-ba4e-265aef112085 stopping instance ca15f312-bbd7-4d48-a961-6cbbfbe36484 (STDOUT, STG)#
#2026 03 05 11:48:08.590#Z#DEBUG#0066f6cb-1889-11f1-a16f-eeee0a90b015.c25c385-2-approuter#flowable-async-job-executor-thread-712#
[PollStageAppStatusExecution] a5c869df-1334-45d0-87fb-b2433d952c83 [2026-03-05T11:37:43.033427] Cell 77283d80-dfa7-40ba-ba4e-265aef112085 destroying container for instance ca15f312-bbd7-4d48-a961-6cbbfbe36484 (STDOUT, STG)#
#2026 03 05 11:48:08.590#Z#DEBUG#0066f6cb-1889-11f1-a16f-eeee0a90b015.c25c385-2-approuter#flowable-async-job-executor-thread-712#
[PollStageAppStatusExecution] a5c869df-1334-45d0-87fb-b2433d952c83 [2026-03-05T11:37:43.078592] Failed to stage build: staging failed (STDERR, API)#
#2026 03 05 11:48:08.590#Z#DEBUG#0066f6cb-1889-11f1-a16f-eeee0a90b015.c25c385-2-approuter#flowable-async-job-executor-thread-712#
[PollStageAppStatusExecution] a5c869df-1334-45d0-87fb-b2433d952c83 [2026-03-05T11:37:45.554813] Creating build for app with guid a5c869df-1334-45d0-87fb-b2433d952c83 (STDOUT, API)#
#2026 03 05 11:48:08.590#Z#DEBUG#0066f6cb-1889-11f1-a16f-eeee0a90b015.c25c385-2-approuter#flowable-async-job-executor-thread-712#
[PollStageAppStatusExecution] a5c869df-1334-45d0-87fb-b2433d952c83 [2026-03-05T11:37:45.619319] Cell 77283d80-dfa7-40ba-ba4e-265aef112085 successfully destroyed container for instance ca15f312-bbd7-4d48-a961-6cbbfbe36484 (STDOUT, STG)#
#2026 03 05 11:48:08.590#Z#DEBUG#0066f6cb-1889-11f1-a16f-eeee0a90b015.c25c385-2-approuter#flowable-async-job-executor-thread-712#
[PollStageAppStatusExecution] a5c869df-1334-45d0-87fb-b2433d952c83 [2026-03-05T11:37:46.157751] Downloading zero_trust_sidecar_buildpack_1_15... (STDOUT, STG)#
#2026 03 05 11:48:08.590#Z#DEBUG#0066f6cb-1889-11f1-a16f-eeee0a90b015.c25c385-2-approuter#flowable-async-job-executor-thread-712#
[PollStageAppStatusExecution] a5c869df-1334-45d0-87fb-b2433d952c83 [2026-03-05T11:37:46.157769] Downloading nginx_buildpack... (STDOUT, STG)#
#2026 03 05 11:48:08.590#Z#DEBUG#0066f6cb-1889-11f1-a16f-eeee0a90b015.c25c385-2-approuter#flowable-async-job-executor-thread-712#
[PollStageAppStatusExecution] a5c869df-1334-45d0-87fb-b2433d952c83 [2026-03-05T11:37:46.157792] Downloading sap_java_buildpack_jakarta_2_50... (STDOUT, STG)#
#2026 03 05 11:48:08.590#Z#DEBUG#0066f6cb-1889-11f1-a16f-eeee0a90b015.c25c385-2-approuter#flowable-async-job-executor-thread-712#
[PollStageAppStatusExecution] a5c869df-1334-45d0-87fb-b2433d952c83 [2026-03-05T11:37:46.157824] Downloading zero_trust_sidecar_buildpack_1_14... (STDOUT, STG)#
#2026 03 05 11:48:08.590#Z#DEBUG#0066f6cb-1889-11f1-a16f-eeee0a90b015.c25c385-2-approuter#flowable-async-job-executor-thread-712#
[PollStageAppStatusExecution] a5c869df-1334-45d0-87fb-b2433d952c83 [2026-03-05T11:37:46.157856] Downloading sap_java_buildpack_jakarta_2_49... (STDOUT, STG)#
#2026 03 05 11:48:08.590#Z#DEBUG#0066f6cb-1889-11f1-a16f-eeee0a90b015.c25c385-2-approuter#flowable-async-job-executor-thread-712#
[PollStageAppStatusExecution] a5c869df-1334-45d0-87fb-b2433d952c83 [2026-03-05T11:37:46.196276] Downloaded sap_java_buildpack_jakarta_2_49 (STDOUT, STG)#
#2026 03 05 11:48:08.590#Z#DEBUG#0066f6cb-1889-11f1-a16f-eeee0a90b015.c25c385-2-approuter#flowable-async-job-executor-thread-712#
[PollStageAppStatusExecution] a5c869df-1334-45d0-87fb-b2433d952c83 [2026-03-05T11:37:46.196347] Downloading binary_buildpack... (STDOUT, STG)#
#2026 03 05 11:48:08.590#Z#DEBUG#0066f6cb-1889-11f1-a16f-eeee0a90b015.c25c385-2-approuter#flowable-async-job-executor-thread-712#
[PollStageAppStatusExecution] a5c869df-1334-45d0-87fb-b2433d952c83 [2026-03-05T11:37:46.198859] Downloaded nginx_buildpack (STDOUT, STG)#
#2026 03 05 11:48:08.590#Z#DEBUG#0066f6cb-1889-11f1-a16f-eeee0a90b015.c25c385-2-approuter#flowable-async-job-executor-thread-712#
[PollStageAppStatusExecution] a5c869df-1334-45d0-87fb-b2433d952c83 [2026-03-05T11:37:46.198872] Downloading sap_java_buildpack_jakarta... (STDOUT, STG)#
#2026 03 05 11:48:08.590#Z#DEBUG#0066f6cb-1889-11f1-a16f-eeee0a90b015.c25c385-2-approuter#flowable-async-job-executor-thread-712#
[PollStageAppStatusExecution] a5c869df-1334-45d0-87fb-b2433d952c83 [2026-03-05T11:37:46.201287] Downloaded zero_trust_sidecar_buildpack_1_15 (STDOUT, STG)#
#2026 03 05 11:48:08.590#Z#DEBUG#0066f6cb-1889-11f1-a16f-eeee0a90b015.c25c385-2-approuter#flowable-async-job-executor-thread-712#
[PollStageAppStatusExecution] a5c869df-1334-45d0-87fb-b2433d952c83 [2026-03-05T11:37:46.201300] Downloading sap_java_buildpack_jakarta_2_51... (STDOUT, STG)#
#2026 03 05 11:48:08.590#Z#DEBUG#0066f6cb-1889-11f1-a16f-eeee0a90b015.c25c385-2-approuter#flowable-async-job-executor-thread-712#
[PollStageAppStatusExecution] a5c869df-1334-45d0-87fb-b2433d952c83 [2026-03-05T11:37:46.204161] Downloaded sap_java_buildpack_jakarta_2_50 (STDOUT, STG)#
#2026 03 05 11:48:08.590#Z#DEBUG#0066f6cb-1889-11f1-a16f-eeee0a90b015.c25c385-2-approuter#flowable-async-job-executor-thread-712#
[PollStageAppStatusExecution] a5c869df-1334-45d0-87fb-b2433d952c83 [2026-03-05T11:37:46.204181] Downloading nodejs_buildpack... (STDOUT, STG)#
#2026 03 05 11:48:08.590#Z#DEBUG#0066f6cb-1889-11f1-a16f-eeee0a90b015.c25c385-2-approuter#flowable-async-job-executor-thread-712#
[PollStageAppStatusExecution] a5c869df-1334-45d0-87fb-b2433d952c83 [2026-03-05T11:37:46.215228] Downloaded sap_java_buildpack_jakarta (STDOUT, STG)#
#2026 03 05 11:48:08.590#Z#DEBUG#0066f6cb-1889-11f1-a16f-eeee0a90b015.c25c385-2-approuter#flowable-async-job-executor-thread-712#
[PollStageAppStatusExecution] a5c869df-1334-45d0-87fb-b2433d952c83 [2026-03-05T11:37:46.223679] Downloading staticfile_buildpack... (STDOUT, STG)#
#2026 03 05 11:48:08.590#Z#DEBUG#0066f6cb-1889-11f1-a16f-eeee0a90b015.c25c385-2-approuter#flowable-async-job-executor-thread-712#
[PollStageAppStatusExecution] a5c869df-1334-45d0-87fb-b2433d952c83 [2026-03-05T11:37:46.236797] Downloaded binary_buildpack (STDOUT, STG)#
#2026 03 05 11:48:08.590#Z#DEBUG#0066f6cb-1889-11f1-a16f-eeee0a90b015.c25c385-2-approuter#flowable-async-job-executor-thread-712#
[PollStageAppStatusExecution] a5c869df-1334-45d0-87fb-b2433d952c83 [2026-03-05T11:37:46.236849] Downloading java_buildpack... (STDOUT, STG)#
#2026 03 05 11:48:08.590#Z#DEBUG#0066f6cb-1889-11f1-a16f-eeee0a90b015.c25c385-2-approuter#flowable-async-job-executor-thread-712#
[PollStageAppStatusExecution] a5c869df-1334-45d0-87fb-b2433d952c83 [2026-03-05T11:37:46.239918] Downloaded staticfile_buildpack (STDOUT, STG)#
#2026 03 05 11:48:08.590#Z#DEBUG#0066f6cb-1889-11f1-a16f-eeee0a90b015.c25c385-2-approuter#flowable-async-job-executor-thread-712#
[PollStageAppStatusExecution] a5c869df-1334-45d0-87fb-b2433d952c83 [2026-03-05T11:37:46.239937] Downloading zero_trust_sidecar_buildpack... (STDOUT, STG)#
#2026 03 05 11:48:08.590#Z#DEBUG#0066f6cb-1889-11f1-a16f-eeee0a90b015.c25c385-2-approuter#flowable-async-job-executor-thread-712#
[PollStageAppStatusExecution] a5c869df-1334-45d0-87fb-b2433d952c83 [2026-03-05T11:37:46.241193] Downloaded nodejs_buildpack (STDOUT, STG)#
#2026 03 05 11:48:08.590#Z#DEBUG#0066f6cb-1889-11f1-a16f-eeee0a90b015.c25c385-2-approuter#flowable-async-job-executor-thread-712#
[PollStageAppStatusExecution] a5c869df-1334-45d0-87fb-b2433d952c83 [2026-03-05T11:37:46.241207] Downloading zero_trust_sidecar_buildpack_1_13... (STDOUT, STG)#
#2026 03 05 11:48:08.590#Z#DEBUG#0066f6cb-1889-11f1-a16f-eeee0a90b015.c25c385-2-approuter#flowable-async-job-executor-thread-712#
[PollStageAppStatusExecution] a5c869df-1334-45d0-87fb-b2433d952c83 [2026-03-05T11:37:46.242365] Downloaded zero_trust_sidecar_buildpack_1_14 (STDOUT, STG)#
#2026 03 05 11:48:08.590#Z#DEBUG#0066f6cb-1889-11f1-a16f-eeee0a90b015.c25c385-2-approuter#flowable-async-job-executor-thread-712#
[PollStageAppStatusExecution] a5c869df-1334-45d0-87fb-b2433d952c83 [2026-03-05T11:37:46.242382] Downloading python_buildpack... (STDOUT, STG)#
#2026 03 05 11:48:08.590#Z#DEBUG#0066f6cb-1889-11f1-a16f-eeee0a90b015.c25c385-2-approuter#flowable-async-job-executor-thread-712#
[PollStageAppStatusExecution] a5c869df-1334-45d0-87fb-b2433d952c83 [2026-03-05T11:37:46.247875] Downloaded sap_java_buildpack_jakarta_2_51 (STDOUT, STG)#
#2026 03 05 11:48:08.590#Z#DEBUG#0066f6cb-1889-11f1-a16f-eeee0a90b015.c25c385-2-approuter#flowable-async-job-executor-thread-712#
[PollStageAppStatusExecution] a5c869df-1334-45d0-87fb-b2433d952c83 [2026-03-05T11:37:46.247894] Downloading go_buildpack... (STDOUT, STG)#
#2026 03 05 11:48:08.590#Z#DEBUG#0066f6cb-1889-11f1-a16f-eeee0a90b015.c25c385-2-approuter#flowable-async-job-executor-thread-712#
[PollStageAppStatusExecution] a5c869df-1334-45d0-87fb-b2433d952c83 [2026-03-05T11:37:46.255297] Downloaded zero_trust_sidecar_buildpack_1_13 (STDOUT, STG)#
#2026 03 05 11:48:08.590#Z#DEBUG#0066f6cb-1889-11f1-a16f-eeee0a90b015.c25c385-2-approuter#flowable-async-job-executor-thread-712#
[PollStageAppStatusExecution] a5c869df-1334-45d0-87fb-b2433d952c83 [2026-03-05T11:37:46.255319] Downloading php_buildpack... (STDOUT, STG)#
#2026 03 05 11:48:08.590#Z#DEBUG#0066f6cb-1889-11f1-a16f-eeee0a90b015.c25c385-2-approuter#flowable-async-job-executor-thread-712#
[PollStageAppStatusExecution] a5c869df-1334-45d0-87fb-b2433d952c83 [2026-03-05T11:37:46.255673] Downloaded zero_trust_sidecar_buildpack (STDOUT, STG)#
#2026 03 05 11:48:08.590#Z#DEBUG#0066f6cb-1889-11f1-a16f-eeee0a90b015.c25c385-2-approuter#flowable-async-job-executor-thread-712#
[PollStageAppStatusExecution] a5c869df-1334-45d0-87fb-b2433d952c83 [2026-03-05T11:37:46.259004] Downloaded python_buildpack (STDOUT, STG)#
#2026 03 05 11:48:08.590#Z#DEBUG#0066f6cb-1889-11f1-a16f-eeee0a90b015.c25c385-2-approuter#flowable-async-job-executor-thread-712#
[PollStageAppStatusExecution] a5c869df-1334-45d0-87fb-b2433d952c83 [2026-03-05T11:37:46.277152] Downloaded java_buildpack (STDOUT, STG)#
#2026 03 05 11:48:08.590#Z#DEBUG#0066f6cb-1889-11f1-a16f-eeee0a90b015.c25c385-2-approuter#flowable-async-job-executor-thread-712#
[PollStageAppStatusExecution] a5c869df-1334-45d0-87fb-b2433d952c83 [2026-03-05T11:37:46.278149] Downloaded php_buildpack (STDOUT, STG)#
#2026 03 05 11:48:08.590#Z#DEBUG#0066f6cb-1889-11f1-a16f-eeee0a90b015.c25c385-2-approuter#flowable-async-job-executor-thread-712#
[PollStageAppStatusExecution] a5c869df-1334-45d0-87fb-b2433d952c83 [2026-03-05T11:37:46.289160] Downloaded go_buildpack (STDOUT, STG)#
#2026 03 05 11:48:08.590#Z#DEBUG#0066f6cb-1889-11f1-a16f-eeee0a90b015.c25c385-2-approuter#flowable-async-job-executor-thread-712#
[PollStageAppStatusExecution] a5c869df-1334-45d0-87fb-b2433d952c83 [2026-03-05T11:37:46.289213] Cell 684caff8-89cd-492b-be01-b3d0835f1763 creating container for instance 380f8ee7-7787-4b0f-9889-da3804b50583 (STDOUT, STG)#
#2026 03 05 11:48:08.590#Z#DEBUG#0066f6cb-1889-11f1-a16f-eeee0a90b015.c25c385-2-approuter#flowable-async-job-executor-thread-712#
[PollStageAppStatusExecution] a5c869df-1334-45d0-87fb-b2433d952c83 [2026-03-05T11:37:46.736080] Security group rules were updated (STDOUT, STG)#
#2026 03 05 11:48:08.590#Z#DEBUG#0066f6cb-1889-11f1-a16f-eeee0a90b015.c25c385-2-approuter#flowable-async-job-executor-thread-712#
[PollStageAppStatusExecution] a5c869df-1334-45d0-87fb-b2433d952c83 [2026-03-05T11:37:46.814180] Cell 684caff8-89cd-492b-be01-b3d0835f1763 successfully created container for instance 380f8ee7-7787-4b0f-9889-da3804b50583 (STDOUT, STG)#
#2026 03 05 11:48:08.590#Z#DEBUG#0066f6cb-1889-11f1-a16f-eeee0a90b015.c25c385-2-approuter#flowable-async-job-executor-thread-712#
[PollStageAppStatusExecution] a5c869df-1334-45d0-87fb-b2433d952c83 [2026-03-05T11:37:47.572662] Downloading app package... (STDOUT, STG)#
#2026 03 05 11:48:08.590#Z#DEBUG#0066f6cb-1889-11f1-a16f-eeee0a90b015.c25c385-2-approuter#flowable-async-job-executor-thread-712#
[PollStageAppStatusExecution] a5c869df-1334-45d0-87fb-b2433d952c83 [2026-03-05T11:37:48.389171] Downloaded app package (7.7M) (STDOUT, STG)#
#2026 03 05 11:48:08.590#Z#DEBUG#0066f6cb-1889-11f1-a16f-eeee0a90b015.c25c385-2-approuter#flowable-async-job-executor-thread-712#
[PollStageAppStatusExecution] a5c869df-1334-45d0-87fb-b2433d952c83 [2026-03-05T11:37:48.914671] -----> Nodejs Buildpack version 1.8.41 (STDOUT, STG)#
#2026 03 05 11:48:08.590#Z#DEBUG#0066f6cb-1889-11f1-a16f-eeee0a90b015.c25c385-2-approuter#flowable-async-job-executor-thread-712#
[PollStageAppStatusExecution] a5c869df-1334-45d0-87fb-b2433d952c83 [2026-03-05T11:37:49.220827] -----> Bootstrapping python (STDOUT, STG)#
#2026 03 05 11:48:08.590#Z#DEBUG#0066f6cb-1889-11f1-a16f-eeee0a90b015.c25c385-2-approuter#flowable-async-job-executor-thread-712#
[PollStageAppStatusExecution] a5c869df-1334-45d0-87fb-b2433d952c83 [2026-03-05T11:37:49.220851] -----> Installing python 3.11.14 (STDOUT, STG)#
#2026 03 05 11:48:08.590#Z#DEBUG#0066f6cb-1889-11f1-a16f-eeee0a90b015.c25c385-2-approuter#flowable-async-job-executor-thread-712#
[PollStageAppStatusExecution] a5c869df-1334-45d0-87fb-b2433d952c83 [2026-03-05T11:37:49.220956] Copy [/tmp/buildpacks/dfa36c7d15e4ae2c/dependencies/c334a3cd7ccf4e78ab45ef5e33dcd936/python_3.11.14_linux_x64_cflinuxfs4_5d0a9d8b.tgz] (STDOUT, STG)#
#2026 03 05 11:48:08.590#Z#DEBUG#0066f6cb-1889-11f1-a16f-eeee0a90b015.c25c385-2-approuter#flowable-async-job-executor-thread-712#
[PollStageAppStatusExecution] a5c869df-1334-45d0-87fb-b2433d952c83 [2026-03-05T11:37:52.209496] -----> Installing binaries (STDOUT, STG)#
#2026 03 05 11:48:08.590#Z#DEBUG#0066f6cb-1889-11f1-a16f-eeee0a90b015.c25c385-2-approuter#flowable-async-job-executor-thread-712#
[PollStageAppStatusExecution] a5c869df-1334-45d0-87fb-b2433d952c83 [2026-03-05T11:37:52.209858] engines.node (package.json): ^16.0.0 || ^18.0.0 (STDOUT, STG)#
#2026 03 05 11:48:08.590#Z#DEBUG#0066f6cb-1889-11f1-a16f-eeee0a90b015.c25c385-2-approuter#flowable-async-job-executor-thread-712#
[PollStageAppStatusExecution] a5c869df-1334-45d0-87fb-b2433d952c83 [2026-03-05T11:37:52.209897] engines.npm (package.json): unspecified (use default) (STDOUT, STG)#
#2026 03 05 11:48:08.590#Z#DEBUG#0066f6cb-1889-11f1-a16f-eeee0a90b015.c25c385-2-approuter#flowable-async-job-executor-thread-712#
[PollStageAppStatusExecution] a5c869df-1334-45d0-87fb-b2433d952c83 [2026-03-05T11:37:52.210013] [31;1m**ERROR**[0m Unable to install node: no match found for ^16.0.0 || ^18.0.0 in [20.19.3 20.19.5 22.20.0 22.21.1 24.3.0 24.10.0] (STDOUT, STG)#
#2026 03 05 11:48:08.590#Z#DEBUG#0066f6cb-1889-11f1-a16f-eeee0a90b015.c25c385-2-approuter#flowable-async-job-executor-thread-712#
[PollStageAppStatusExecution] a5c869df-1334-45d0-87fb-b2433d952c83 [2026-03-05T11:37:52.212126] Failed to compile droplet: Failed to run all supply scripts: exit status 14 (STDERR, STG)#
#2026 03 05 11:48:08.590#Z#DEBUG#0066f6cb-1889-11f1-a16f-eeee0a90b015.c25c385-2-approuter#flowable-async-job-executor-thread-712#
[PollStageAppStatusExecution] a5c869df-1334-45d0-87fb-b2433d952c83 [2026-03-05T11:37:52.219204] Exit status 223 (STDOUT, STG)#
#2026 03 05 11:48:08.590#Z#DEBUG#0066f6cb-1889-11f1-a16f-eeee0a90b015.c25c385-2-approuter#flowable-async-job-executor-thread-712#
[PollStageAppStatusExecution] a5c869df-1334-45d0-87fb-b2433d952c83 [2026-03-05T11:37:52.578384] Cell 684caff8-89cd-492b-be01-b3d0835f1763 stopping instance 380f8ee7-7787-4b0f-9889-da3804b50583 (STDOUT, STG)#
#2026 03 05 11:48:08.590#Z#DEBUG#0066f6cb-1889-11f1-a16f-eeee0a90b015.c25c385-2-approuter#flowable-async-job-executor-thread-712#
[PollStageAppStatusExecution] a5c869df-1334-45d0-87fb-b2433d952c83 [2026-03-05T11:37:52.578413] Cell 684caff8-89cd-492b-be01-b3d0835f1763 destroying container for instance 380f8ee7-7787-4b0f-9889-da3804b50583 (STDOUT, STG)#
#2026 03 05 11:48:08.590#Z#DEBUG#0066f6cb-1889-11f1-a16f-eeee0a90b015.c25c385-2-approuter#flowable-async-job-executor-thread-712#
[PollStageAppStatusExecution] a5c869df-1334-45d0-87fb-b2433d952c83 [2026-03-05T11:37:52.620170] Failed to stage build: staging failed (STDERR, API)#
#2026 03 05 11:48:08.590#Z#DEBUG#0066f6cb-1889-11f1-a16f-eeee0a90b015.c25c385-2-approuter#flowable-async-job-executor-thread-712#
[PollStageAppStatusExecution] a5c869df-1334-45d0-87fb-b2433d952c83 [2026-03-05T11:37:55.012101] Cell 684caff8-89cd-492b-be01-b3d0835f1763 successfully destroyed container for instance 380f8ee7-7787-4b0f-9889-da3804b50583 (STDOUT, STG)#
#2026 03 05 11:48:08.590#Z#DEBUG#0066f6cb-1889-11f1-a16f-eeee0a90b015.c25c385-2-approuter#flowable-async-job-executor-thread-712#
[PollStageAppStatusExecution] a5c869df-1334-45d0-87fb-b2433d952c83 [2026-03-05T11:37:57.877755] Creating build for app with guid a5c869df-1334-45d0-87fb-b2433d952c83 (STDOUT, API)#
#2026 03 05 11:48:08.590#Z#DEBUG#0066f6cb-1889-11f1-a16f-eeee0a90b015.c25c385-2-approuter#flowable-async-job-executor-thread-712#
[PollStageAppStatusExecution] a5c869df-1334-45d0-87fb-b2433d952c83 [2026-03-05T11:37:58.458010] Downloading zero_trust_sidecar_buildpack_1_15... (STDOUT, STG)#
#2026 03 05 11:48:08.590#Z#DEBUG#0066f6cb-1889-11f1-a16f-eeee0a90b015.c25c385-2-approuter#flowable-async-job-executor-thread-712#
[PollStageAppStatusExecution] a5c869df-1334-45d0-87fb-b2433d952c83 [2026-03-05T11:37:58.458017] Downloading go_buildpack... (STDOUT, STG)#
#2026 03 05 11:48:08.590#Z#DEBUG#0066f6cb-1889-11f1-a16f-eeee0a90b015.c25c385-2-approuter#flowable-async-job-executor-thread-712#
[PollStageAppStatusExecution] a5c869df-1334-45d0-87fb-b2433d952c83 [2026-03-05T11:37:58.458031] Downloading staticfile_buildpack... (STDOUT, STG)#
#2026 03 05 11:48:08.590#Z#DEBUG#0066f6cb-1889-11f1-a16f-eeee0a90b015.c25c385-2-approuter#flowable-async-job-executor-thread-712#
[PollStageAppStatusExecution] a5c869df-1334-45d0-87fb-b2433d952c83 [2026-03-05T11:37:58.458057] Downloading nodejs_buildpack... (STDOUT, STG)#
#2026 03 05 11:48:08.590#Z#DEBUG#0066f6cb-1889-11f1-a16f-eeee0a90b015.c25c385-2-approuter#flowable-async-job-executor-thread-712#
[PollStageAppStatusExecution] a5c869df-1334-45d0-87fb-b2433d952c83 [2026-03-05T11:37:58.458072] Downloading java_buildpack... (STDOUT, STG)#
#2026 03 05 11:48:08.590#Z#DEBUG#0066f6cb-1889-11f1-a16f-eeee0a90b015.c25c385-2-approuter#flowable-async-job-executor-thread-712#
[PollStageAppStatusExecution] a5c869df-1334-45d0-87fb-b2433d952c83 [2026-03-05T11:37:58.500452] Downloaded go_buildpack (STDOUT, STG)#
#2026 03 05 11:48:08.590#Z#DEBUG#0066f6cb-1889-11f1-a16f-eeee0a90b015.c25c385-2-approuter#flowable-async-job-executor-thread-712#
[PollStageAppStatusExecution] a5c869df-1334-45d0-87fb-b2433d952c83 [2026-03-05T11:37:58.501014] Downloaded zero_trust_sidecar_buildpack_1_15 (STDOUT, STG)#
#2026 03 05 11:48:08.590#Z#DEBUG#0066f6cb-1889-11f1-a16f-eeee0a90b015.c25c385-2-approuter#flowable-async-job-executor-thread-712#
[PollStageAppStatusExecution] a5c869df-1334-45d0-87fb-b2433d952c83 [2026-03-05T11:37:58.501068] Downloading zero_trust_sidecar_buildpack_1_14... (STDOUT, STG)#
#2026 03 05 11:48:08.590#Z#DEBUG#0066f6cb-1889-11f1-a16f-eeee0a90b015.c25c385-2-approuter#flowable-async-job-executor-thread-712#
[PollStageAppStatusExecution] a5c869df-1334-45d0-87fb-b2433d952c83 [2026-03-05T11:37:58.503489] Downloaded staticfile_buildpack (STDOUT, STG)#
#2026 03 05 11:48:08.590#Z#DEBUG#0066f6cb-1889-11f1-a16f-eeee0a90b015.c25c385-2-approuter#flowable-async-job-executor-thread-712#
[PollStageAppStatusExecution] a5c869df-1334-45d0-87fb-b2433d952c83 [2026-03-05T11:37:58.503512] Downloading sap_java_buildpack_jakarta_2_50... (STDOUT, STG)#
#2026 03 05 11:48:08.590#Z#DEBUG#0066f6cb-1889-11f1-a16f-eeee0a90b015.c25c385-2-approuter#flowable-async-job-executor-thread-712#
[PollStageAppStatusExecution] a5c869df-1334-45d0-87fb-b2433d952c83 [2026-03-05T11:37:58.505131] Downloaded java_buildpack (STDOUT, STG)#
#2026 03 05 11:48:08.590#Z#DEBUG#0066f6cb-1889-11f1-a16f-eeee0a90b015.c25c385-2-approuter#flowable-async-job-executor-thread-712#
[PollStageAppStatusExecution] a5c869df-1334-45d0-87fb-b2433d952c83 [2026-03-05T11:37:58.505148] Downloading sap_java_buildpack_jakarta_2_49... (STDOUT, STG)#
#2026 03 05 11:48:08.590#Z#DEBUG#0066f6cb-1889-11f1-a16f-eeee0a90b015.c25c385-2-approuter#flowable-async-job-executor-thread-712#
[PollStageAppStatusExecution] a5c869df-1334-45d0-87fb-b2433d952c83 [2026-03-05T11:37:58.509293] Downloading nginx_buildpack... (STDOUT, STG)#
#2026 03 05 11:48:08.590#Z#DEBUG#0066f6cb-1889-11f1-a16f-eeee0a90b015.c25c385-2-approuter#flowable-async-job-executor-thread-712#
[PollStageAppStatusExecution] a5c869df-1334-45d0-87fb-b2433d952c83 [2026-03-05T11:37:58.509991] Downloaded nodejs_buildpack (STDOUT, STG)#
#2026 03 05 11:48:08.590#Z#DEBUG#0066f6cb-1889-11f1-a16f-eeee0a90b015.c25c385-2-approuter#flowable-async-job-executor-thread-712#
[PollStageAppStatusExecution] a5c869df-1334-45d0-87fb-b2433d952c83 [2026-03-05T11:37:58.510005] Downloading python_buildpack... (STDOUT, STG)#
#2026 03 05 11:48:08.590#Z#DEBUG#0066f6cb-1889-11f1-a16f-eeee0a90b015.c25c385-2-approuter#flowable-async-job-executor-thread-712#
[PollStageAppStatusExecution] a5c869df-1334-45d0-87fb-b2433d952c83 [2026-03-05T11:37:58.544391] Downloaded sap_java_buildpack_jakarta_2_50 (STDOUT, STG)#
#2026 03 05 11:48:08.590#Z#DEBUG#0066f6cb-1889-11f1-a16f-eeee0a90b015.c25c385-2-approuter#flowable-async-job-executor-thread-712#
[PollStageAppStatusExecution] a5c869df-1334-45d0-87fb-b2433d952c83 [2026-03-05T11:37:58.544414] Downloading php_buildpack... (STDOUT, STG)#
#2026 03 05 11:48:08.590#Z#DEBUG#0066f6cb-1889-11f1-a16f-eeee0a90b015.c25c385-2-approuter#flowable-async-job-executor-thread-712#
[PollStageAppStatusExecution] a5c869df-1334-45d0-87fb-b2433d952c83 [2026-03-05T11:37:58.546880] Downloaded zero_trust_sidecar_buildpack_1_14 (STDOUT, STG)#
#2026 03 05 11:48:08.590#Z#DEBUG#0066f6cb-1889-11f1-a16f-eeee0a90b015.c25c385-2-approuter#flowable-async-job-executor-thread-712#
[PollStageAppStatusExecution] a5c869df-1334-45d0-87fb-b2433d952c83 [2026-03-05T11:37:58.546895] Downloading binary_buildpack... (STDOUT, STG)#
#2026 03 05 11:48:08.590#Z#DEBUG#0066f6cb-1889-11f1-a16f-eeee0a90b015.c25c385-2-approuter#flowable-async-job-executor-thread-712#
[PollStageAppStatusExecution] a5c869df-1334-45d0-87fb-b2433d952c83 [2026-03-05T11:37:58.547120] Downloaded sap_java_buildpack_jakarta_2_49 (STDOUT, STG)#
#2026 03 05 11:48:08.590#Z#DEBUG#0066f6cb-1889-11f1-a16f-eeee0a90b015.c25c385-2-approuter#flowable-async-job-executor-thread-712#
[PollStageAppStatusExecution] a5c869df-1334-45d0-87fb-b2433d952c83 [2026-03-05T11:37:58.547143] Downloading sap_java_buildpack_jakarta... (STDOUT, STG)#
#2026 03 05 11:48:08.590#Z#DEBUG#0066f6cb-1889-11f1-a16f-eeee0a90b015.c25c385-2-approuter#flowable-async-job-executor-thread-712#
[PollStageAppStatusExecution] a5c869df-1334-45d0-87fb-b2433d952c83 [2026-03-05T11:37:58.551441] Downloaded nginx_buildpack (STDOUT, STG)#
#2026 03 05 11:48:08.590#Z#DEBUG#0066f6cb-1889-11f1-a16f-eeee0a90b015.c25c385-2-approuter#flowable-async-job-executor-thread-712#
[PollStageAppStatusExecution] a5c869df-1334-45d0-87fb-b2433d952c83 [2026-03-05T11:37:58.551457] Downloading zero_trust_sidecar_buildpack_1_13... (STDOUT, STG)#
#2026 03 05 11:48:08.590#Z#DEBUG#0066f6cb-1889-11f1-a16f-eeee0a90b015.c25c385-2-approuter#flowable-async-job-executor-thread-712#
[PollStageAppStatusExecution] a5c869df-1334-45d0-87fb-b2433d952c83 [2026-03-05T11:37:58.558307] Downloaded python_buildpack (STDOUT, STG)#
#2026 03 05 11:48:08.590#Z#DEBUG#0066f6cb-1889-11f1-a16f-eeee0a90b015.c25c385-2-approuter#flowable-async-job-executor-thread-712#
[PollStageAppStatusExecution] a5c869df-1334-45d0-87fb-b2433d952c83 [2026-03-05T11:37:58.558325] Downloading zero_trust_sidecar_buildpack... (STDOUT, STG)#
#2026 03 05 11:48:08.590#Z#DEBUG#0066f6cb-1889-11f1-a16f-eeee0a90b015.c25c385-2-approuter#flowable-async-job-executor-thread-712#
[PollStageAppStatusExecution] a5c869df-1334-45d0-87fb-b2433d952c83 [2026-03-05T11:37:58.563531] Downloaded php_buildpack (STDOUT, STG)#
#2026 03 05 11:48:08.590#Z#DEBUG#0066f6cb-1889-11f1-a16f-eeee0a90b015.c25c385-2-approuter#flowable-async-job-executor-thread-712#
[PollStageAppStatusExecution] a5c869df-1334-45d0-87fb-b2433d952c83 [2026-03-05T11:37:58.563545] Downloading sap_java_buildpack_jakarta_2_51... (STDOUT, STG)#
#2026 03 05 11:48:08.590#Z#DEBUG#0066f6cb-1889-11f1-a16f-eeee0a90b015.c25c385-2-approuter#flowable-async-job-executor-thread-712#
[PollStageAppStatusExecution] a5c869df-1334-45d0-87fb-b2433d952c83 [2026-03-05T11:37:58.567657] Downloaded sap_java_buildpack_jakarta (STDOUT, STG)#
#2026 03 05 11:48:08.590#Z#DEBUG#0066f6cb-1889-11f1-a16f-eeee0a90b015.c25c385-2-approuter#flowable-async-job-executor-thread-712#
[PollStageAppStatusExecution] a5c869df-1334-45d0-87fb-b2433d952c83 [2026-03-05T11:37:58.577241] Downloaded zero_trust_sidecar_buildpack (STDOUT, STG)#
#2026 03 05 11:48:08.590#Z#DEBUG#0066f6cb-1889-11f1-a16f-eeee0a90b015.c25c385-2-approuter#flowable-async-job-executor-thread-712#
[PollStageAppStatusExecution] a5c869df-1334-45d0-87fb-b2433d952c83 [2026-03-05T11:37:58.579239] Downloaded zero_trust_sidecar_buildpack_1_13 (STDOUT, STG)#
#2026 03 05 11:48:08.590#Z#DEBUG#0066f6cb-1889-11f1-a16f-eeee0a90b015.c25c385-2-approuter#flowable-async-job-executor-thread-712#
[PollStageAppStatusExecution] a5c869df-1334-45d0-87fb-b2433d952c83 [2026-03-05T11:37:58.597735] Downloaded binary_buildpack (STDOUT, STG)#
#2026 03 05 11:48:08.590#Z#DEBUG#0066f6cb-1889-11f1-a16f-eeee0a90b015.c25c385-2-approuter#flowable-async-job-executor-thread-712#
[PollStageAppStatusExecution] a5c869df-1334-45d0-87fb-b2433d952c83 [2026-03-05T11:37:58.608574] Downloaded sap_java_buildpack_jakarta_2_51 (STDOUT, STG)#
#2026 03 05 11:48:08.590#Z#DEBUG#0066f6cb-1889-11f1-a16f-eeee0a90b015.c25c385-2-approuter#flowable-async-job-executor-thread-712#
[PollStageAppStatusExecution] a5c869df-1334-45d0-87fb-b2433d952c83 [2026-03-05T11:37:58.608634] Cell 684caff8-89cd-492b-be01-b3d0835f1763 creating container for instance 07b0985a-b8c1-4932-9ca5-1e40b7a46fcf (STDOUT, STG)#
#2026 03 05 11:48:08.590#Z#DEBUG#0066f6cb-1889-11f1-a16f-eeee0a90b015.c25c385-2-approuter#flowable-async-job-executor-thread-712#
[PollStageAppStatusExecution] a5c869df-1334-45d0-87fb-b2433d952c83 [2026-03-05T11:37:59.034064] Security group rules were updated (STDOUT, STG)#
#2026 03 05 11:48:08.590#Z#DEBUG#0066f6cb-1889-11f1-a16f-eeee0a90b015.c25c385-2-approuter#flowable-async-job-executor-thread-712#
[PollStageAppStatusExecution] a5c869df-1334-45d0-87fb-b2433d952c83 [2026-03-05T11:37:59.105860] Cell 684caff8-89cd-492b-be01-b3d0835f1763 successfully created container for instance 07b0985a-b8c1-4932-9ca5-1e40b7a46fcf (STDOUT, STG)#
#2026 03 05 11:48:08.590#Z#DEBUG#0066f6cb-1889-11f1-a16f-eeee0a90b015.c25c385-2-approuter#flowable-async-job-executor-thread-712#
[PollStageAppStatusExecution] a5c869df-1334-45d0-87fb-b2433d952c83 [2026-03-05T11:37:59.613507] Downloading app package... (STDOUT, STG)#
#2026 03 05 11:48:08.590#Z#DEBUG#0066f6cb-1889-11f1-a16f-eeee0a90b015.c25c385-2-approuter#flowable-async-job-executor-thread-712#
[PollStageAppStatusExecution] a5c869df-1334-45d0-87fb-b2433d952c83 [2026-03-05T11:38:00.490503] Downloaded app package (7.7M) (STDOUT, STG)#
#2026 03 05 11:48:08.590#Z#DEBUG#0066f6cb-1889-11f1-a16f-eeee0a90b015.c25c385-2-approuter#flowable-async-job-executor-thread-712#
[PollStageAppStatusExecution] a5c869df-1334-45d0-87fb-b2433d952c83 [2026-03-05T11:38:01.019453] -----> Nodejs Buildpack version 1.8.41 (STDOUT, STG)#
#2026 03 05 11:48:08.590#Z#DEBUG#0066f6cb-1889-11f1-a16f-eeee0a90b015.c25c385-2-approuter#flowable-async-job-executor-thread-712#
[PollStageAppStatusExecution] a5c869df-1334-45d0-87fb-b2433d952c83 [2026-03-05T11:38:01.320556] -----> Bootstrapping python (STDOUT, STG)#
#2026 03 05 11:48:08.590#Z#DEBUG#0066f6cb-1889-11f1-a16f-eeee0a90b015.c25c385-2-approuter#flowable-async-job-executor-thread-712#
[PollStageAppStatusExecution] a5c869df-1334-45d0-87fb-b2433d952c83 [2026-03-05T11:38:01.320579] -----> Installing python 3.11.14 (STDOUT, STG)#
#2026 03 05 11:48:08.590#Z#DEBUG#0066f6cb-1889-11f1-a16f-eeee0a90b015.c25c385-2-approuter#flowable-async-job-executor-thread-712#
[PollStageAppStatusExecution] a5c869df-1334-45d0-87fb-b2433d952c83 [2026-03-05T11:38:01.320593] Copy [/tmp/buildpacks/dfa36c7d15e4ae2c/dependencies/c334a3cd7ccf4e78ab45ef5e33dcd936/python_3.11.14_linux_x64_cflinuxfs4_5d0a9d8b.tgz] (STDOUT, STG)#
#2026 03 05 11:48:08.590#Z#DEBUG#0066f6cb-1889-11f1-a16f-eeee0a90b015.c25c385-2-approuter#flowable-async-job-executor-thread-712#
[PollStageAppStatusExecution] a5c869df-1334-45d0-87fb-b2433d952c83 [2026-03-05T11:38:04.300790] -----> Installing binaries (STDOUT, STG)#
#2026 03 05 11:48:08.590#Z#DEBUG#0066f6cb-1889-11f1-a16f-eeee0a90b015.c25c385-2-approuter#flowable-async-job-executor-thread-712#
[PollStageAppStatusExecution] a5c869df-1334-45d0-87fb-b2433d952c83 [2026-03-05T11:38:04.300995] engines.node (package.json): ^16.0.0 || ^18.0.0 (STDOUT, STG)#
#2026 03 05 11:48:08.590#Z#DEBUG#0066f6cb-1889-11f1-a16f-eeee0a90b015.c25c385-2-approuter#flowable-async-job-executor-thread-712#
[PollStageAppStatusExecution] a5c869df-1334-45d0-87fb-b2433d952c83 [2026-03-05T11:38:04.301028] engines.npm (package.json): unspecified (use default) (STDOUT, STG)#
#2026 03 05 11:48:08.590#Z#DEBUG#0066f6cb-1889-11f1-a16f-eeee0a90b015.c25c385-2-approuter#flowable-async-job-executor-thread-712#
[PollStageAppStatusExecution] a5c869df-1334-45d0-87fb-b2433d952c83 [2026-03-05T11:38:04.301035] [31;1m**ERROR**[0m Unable to install node: no match found for ^16.0.0 || ^18.0.0 in [20.19.3 20.19.5 22.20.0 22.21.1 24.3.0 24.10.0] (STDOUT, STG)#
#2026 03 05 11:48:08.590#Z#DEBUG#0066f6cb-1889-11f1-a16f-eeee0a90b015.c25c385-2-approuter#flowable-async-job-executor-thread-712#
[PollStageAppStatusExecution] a5c869df-1334-45d0-87fb-b2433d952c83 [2026-03-05T11:38:04.303610] Failed to compile droplet: Failed to run all supply scripts: exit status 14 (STDERR, STG)#
#2026 03 05 11:48:08.590#Z#DEBUG#0066f6cb-1889-11f1-a16f-eeee0a90b015.c25c385-2-approuter#flowable-async-job-executor-thread-712#
[PollStageAppStatusExecution] a5c869df-1334-45d0-87fb-b2433d952c83 [2026-03-05T11:38:04.311011] Exit status 223 (STDOUT, STG)#
#2026 03 05 11:48:08.590#Z#DEBUG#0066f6cb-1889-11f1-a16f-eeee0a90b015.c25c385-2-approuter#flowable-async-job-executor-thread-712#
[PollStageAppStatusExecution] a5c869df-1334-45d0-87fb-b2433d952c83 [2026-03-05T11:38:04.632229] Cell 684caff8-89cd-492b-be01-b3d0835f1763 stopping instance 07b0985a-b8c1-4932-9ca5-1e40b7a46fcf (STDOUT, STG)#
#2026 03 05 11:48:08.590#Z#DEBUG#0066f6cb-1889-11f1-a16f-eeee0a90b015.c25c385-2-approuter#flowable-async-job-executor-thread-712#
[PollStageAppStatusExecution] a5c869df-1334-45d0-87fb-b2433d952c83 [2026-03-05T11:38:04.632278] Cell 684caff8-89cd-492b-be01-b3d0835f1763 destroying container for instance 07b0985a-b8c1-4932-9ca5-1e40b7a46fcf (STDOUT, STG)#
#2026 03 05 11:48:08.590#Z#DEBUG#0066f6cb-1889-11f1-a16f-eeee0a90b015.c25c385-2-approuter#flowable-async-job-executor-thread-712#
[PollStageAppStatusExecution] a5c869df-1334-45d0-87fb-b2433d952c83 [2026-03-05T11:38:04.671665] Failed to stage build: staging failed (STDERR, API)#
#2026 03 05 11:48:08.590#Z#DEBUG#0066f6cb-1889-11f1-a16f-eeee0a90b015.c25c385-2-approuter#flowable-async-job-executor-thread-712#
[PollStageAppStatusExecution] a5c869df-1334-45d0-87fb-b2433d952c83 [2026-03-05T11:38:07.890671] Cell 684caff8-89cd-492b-be01-b3d0835f1763 successfully destroyed container for instance 07b0985a-b8c1-4932-9ca5-1e40b7a46fcf (STDOUT, STG)#
#2026 03 05 11:48:08.590#Z#DEBUG#0066f6cb-1889-11f1-a16f-eeee0a90b015.c25c385-2-approuter#flowable-async-job-executor-thread-712#
[PollStageAppStatusExecution] a5c869df-1334-45d0-87fb-b2433d952c83 [2026-03-05T11:43:41.380656] Updated app with guid a5c869df-1334-45d0-87fb-b2433d952c83 ({"lifecycle"=>{"data"=>{"buildpacks"=>[]}, "type"=>"buildpack"}}) (STDOUT, API)#
#2026 03 05 11:48:08.590#Z#DEBUG#0066f6cb-1889-11f1-a16f-eeee0a90b015.c25c385-2-approuter#flowable-async-job-executor-thread-712#
[PollStageAppStatusExecution] a5c869df-1334-45d0-87fb-b2433d952c83 [2026-03-05T11:43:41.474866] Updating process: "web" (STDOUT, API)#
#2026 03 05 11:48:08.590#Z#DEBUG#0066f6cb-1889-11f1-a16f-eeee0a90b015.c25c385-2-approuter#flowable-async-job-executor-thread-712#
[PollStageAppStatusExecution] a5c869df-1334-45d0-87fb-b2433d952c83 [2026-03-05T11:44:17.665556] Uploading app package for app with guid a5c869df-1334-45d0-87fb-b2433d952c83 (STDOUT, API)#
#2026 03 05 11:48:08.590#Z#DEBUG#0066f6cb-1889-11f1-a16f-eeee0a90b015.c25c385-2-approuter#flowable-async-job-executor-thread-712#
[PollStageAppStatusExecution] a5c869df-1334-45d0-87fb-b2433d952c83 [2026-03-05T11:44:27.394108] Creating build for app with guid a5c869df-1334-45d0-87fb-b2433d952c83 (STDOUT, API)#
#2026 03 05 11:48:08.590#Z#DEBUG#0066f6cb-1889-11f1-a16f-eeee0a90b015.c25c385-2-approuter#flowable-async-job-executor-thread-712#
[PollStageAppStatusExecution] a5c869df-1334-45d0-87fb-b2433d952c83 [2026-03-05T11:44:27.957469] Downloading zero_trust_sidecar_buildpack_1_15... (STDOUT, STG)#
#2026 03 05 11:48:08.590#Z#DEBUG#0066f6cb-1889-11f1-a16f-eeee0a90b015.c25c385-2-approuter#flowable-async-job-executor-thread-712#
[PollStageAppStatusExecution] a5c869df-1334-45d0-87fb-b2433d952c83 [2026-03-05T11:44:27.957495] Downloading java_buildpack... (STDOUT, STG)#
#2026 03 05 11:48:08.590#Z#DEBUG#0066f6cb-1889-11f1-a16f-eeee0a90b015.c25c385-2-approuter#flowable-async-job-executor-thread-712#
[PollStageAppStatusExecution] a5c869df-1334-45d0-87fb-b2433d952c83 [2026-03-05T11:44:27.957502] Downloading php_buildpack... (STDOUT, STG)#
#2026 03 05 11:48:08.590#Z#DEBUG#0066f6cb-1889-11f1-a16f-eeee0a90b015.c25c385-2-approuter#flowable-async-job-executor-thread-712#
[PollStageAppStatusExecution] a5c869df-1334-45d0-87fb-b2433d952c83 [2026-03-05T11:44:27.957567] Downloading go_buildpack... (STDOUT, STG)#
#2026 03 05 11:48:08.590#Z#DEBUG#0066f6cb-1889-11f1-a16f-eeee0a90b015.c25c385-2-approuter#flowable-async-job-executor-thread-712#
[PollStageAppStatusExecution] a5c869df-1334-45d0-87fb-b2433d952c83 [2026-03-05T11:44:27.957622] Downloading sap_java_buildpack_jakarta_2_50... (STDOUT, STG)#
#2026 03 05 11:48:08.590#Z#DEBUG#0066f6cb-1889-11f1-a16f-eeee0a90b015.c25c385-2-approuter#flowable-async-job-executor-thread-712#
[PollStageAppStatusExecution] a5c869df-1334-45d0-87fb-b2433d952c83 [2026-03-05T11:44:28.003638] Downloaded sap_java_buildpack_jakarta_2_50 (STDOUT, STG)#
#2026 03 05 11:48:08.590#Z#DEBUG#0066f6cb-1889-11f1-a16f-eeee0a90b015.c25c385-2-approuter#flowable-async-job-executor-thread-712#
[PollStageAppStatusExecution] a5c869df-1334-45d0-87fb-b2433d952c83 [2026-03-05T11:44:28.003669] Downloading zero_trust_sidecar_buildpack_1_14... (STDOUT, STG)#
#2026 03 05 11:48:08.590#Z#DEBUG#0066f6cb-1889-11f1-a16f-eeee0a90b015.c25c385-2-approuter#flowable-async-job-executor-thread-712#
[PollStageAppStatusExecution] a5c869df-1334-45d0-87fb-b2433d952c83 [2026-03-05T11:44:28.005403] Downloaded go_buildpack (STDOUT, STG)#
#2026 03 05 11:48:08.590#Z#DEBUG#0066f6cb-1889-11f1-a16f-eeee0a90b015.c25c385-2-approuter#flowable-async-job-executor-thread-712#
[PollStageAppStatusExecution] a5c869df-1334-45d0-87fb-b2433d952c83 [2026-03-05T11:44:28.005426] Downloading sap_java_buildpack_jakarta_2_49... (STDOUT, STG)#
#2026 03 05 11:48:08.590#Z#DEBUG#0066f6cb-1889-11f1-a16f-eeee0a90b015.c25c385-2-approuter#flowable-async-job-executor-thread-712#
[PollStageAppStatusExecution] a5c869df-1334-45d0-87fb-b2433d952c83 [2026-03-05T11:44:28.006570] Downloaded java_buildpack (STDOUT, STG)#
#2026 03 05 11:48:08.590#Z#DEBUG#0066f6cb-1889-11f1-a16f-eeee0a90b015.c25c385-2-approuter#flowable-async-job-executor-thread-712#
[PollStageAppStatusExecution] a5c869df-1334-45d0-87fb-b2433d952c83 [2026-03-05T11:44:28.006592] Downloading staticfile_buildpack... (STDOUT, STG)#
#2026 03 05 11:48:08.590#Z#DEBUG#0066f6cb-1889-11f1-a16f-eeee0a90b015.c25c385-2-approuter#flowable-async-job-executor-thread-712#
[PollStageAppStatusExecution] a5c869df-1334-45d0-87fb-b2433d952c83 [2026-03-05T11:44:28.007045] Downloaded zero_trust_sidecar_buildpack_1_15 (STDOUT, STG)#
#2026 03 05 11:48:08.590#Z#DEBUG#0066f6cb-1889-11f1-a16f-eeee0a90b015.c25c385-2-approuter#flowable-async-job-executor-thread-712#
[PollStageAppStatusExecution] a5c869df-1334-45d0-87fb-b2433d952c83 [2026-03-05T11:44:28.014482] Downloading python_buildpack... (STDOUT, STG)#
#2026 03 05 11:48:08.590#Z#DEBUG#0066f6cb-1889-11f1-a16f-eeee0a90b015.c25c385-2-approuter#flowable-async-job-executor-thread-712#
[PollStageAppStatusExecution] a5c869df-1334-45d0-87fb-b2433d952c83 [2026-03-05T11:44:28.030233] Downloaded python_buildpack (STDOUT, STG)#
#2026 03 05 11:48:08.590#Z#DEBUG#0066f6cb-1889-11f1-a16f-eeee0a90b015.c25c385-2-approuter#flowable-async-job-executor-thread-712#
[PollStageAppStatusExecution] a5c869df-1334-45d0-87fb-b2433d952c83 [2026-03-05T11:44:28.030269] Downloading nodejs_buildpack... (STDOUT, STG)#
#2026 03 05 11:48:08.590#Z#DEBUG#0066f6cb-1889-11f1-a16f-eeee0a90b015.c25c385-2-approuter#flowable-async-job-executor-thread-712#
[PollStageAppStatusExecution] a5c869df-1334-45d0-87fb-b2433d952c83 [2026-03-05T11:44:28.043661] Downloaded sap_java_buildpack_jakarta_2_49 (STDOUT, STG)#
#2026 03 05 11:48:08.590#Z#DEBUG#0066f6cb-1889-11f1-a16f-eeee0a90b015.c25c385-2-approuter#flowable-async-job-executor-thread-712#
[PollStageAppStatusExecution] a5c869df-1334-45d0-87fb-b2433d952c83 [2026-03-05T11:44:28.043678] Downloading binary_buildpack... (STDOUT, STG)#
#2026 03 05 11:48:08.590#Z#DEBUG#0066f6cb-1889-11f1-a16f-eeee0a90b015.c25c385-2-approuter#flowable-async-job-executor-thread-712#
[PollStageAppStatusExecution] a5c869df-1334-45d0-87fb-b2433d952c83 [2026-03-05T11:44:28.045553] Downloaded zero_trust_sidecar_buildpack_1_14 (STDOUT, STG)#
#2026 03 05 11:48:08.590#Z#DEBUG#0066f6cb-1889-11f1-a16f-eeee0a90b015.c25c385-2-approuter#flowable-async-job-executor-thread-712#
[PollStageAppStatusExecution] a5c869df-1334-45d0-87fb-b2433d952c83 [2026-03-05T11:44:28.045568] Downloading nginx_buildpack... (STDOUT, STG)#
#2026 03 05 11:48:08.590#Z#DEBUG#0066f6cb-1889-11f1-a16f-eeee0a90b015.c25c385-2-approuter#flowable-async-job-executor-thread-712#
[PollStageAppStatusExecution] a5c869df-1334-45d0-87fb-b2433d952c83 [2026-03-05T11:44:28.050599] Downloaded staticfile_buildpack (STDOUT, STG)#
#2026 03 05 11:48:08.590#Z#DEBUG#0066f6cb-1889-11f1-a16f-eeee0a90b015.c25c385-2-approuter#flowable-async-job-executor-thread-712#
[PollStageAppStatusExecution] a5c869df-1334-45d0-87fb-b2433d952c83 [2026-03-05T11:44:28.050623] Downloading sap_java_buildpack_jakarta... (STDOUT, STG)#
#2026 03 05 11:48:08.590#Z#DEBUG#0066f6cb-1889-11f1-a16f-eeee0a90b015.c25c385-2-approuter#flowable-async-job-executor-thread-712#
[PollStageAppStatusExecution] a5c869df-1334-45d0-87fb-b2433d952c83 [2026-03-05T11:44:28.071667] Downloaded nodejs_buildpack (STDOUT, STG)#
#2026 03 05 11:48:08.590#Z#DEBUG#0066f6cb-1889-11f1-a16f-eeee0a90b015.c25c385-2-approuter#flowable-async-job-executor-thread-712#
[PollStageAppStatusExecution] a5c869df-1334-45d0-87fb-b2433d952c83 [2026-03-05T11:44:28.071705] Downloading zero_trust_sidecar_buildpack_1_13... (STDOUT, STG)#
#2026 03 05 11:48:08.590#Z#DEBUG#0066f6cb-1889-11f1-a16f-eeee0a90b015.c25c385-2-approuter#flowable-async-job-executor-thread-712#
[PollStageAppStatusExecution] a5c869df-1334-45d0-87fb-b2433d952c83 [2026-03-05T11:44:28.072835] Downloaded php_buildpack (STDOUT, STG)#
#2026 03 05 11:48:08.590#Z#DEBUG#0066f6cb-1889-11f1-a16f-eeee0a90b015.c25c385-2-approuter#flowable-async-job-executor-thread-712#
[PollStageAppStatusExecution] a5c869df-1334-45d0-87fb-b2433d952c83 [2026-03-05T11:44:28.072869] Downloading zero_trust_sidecar_buildpack... (STDOUT, STG)#
#2026 03 05 11:48:08.590#Z#DEBUG#0066f6cb-1889-11f1-a16f-eeee0a90b015.c25c385-2-approuter#flowable-async-job-executor-thread-712#
[PollStageAppStatusExecution] a5c869df-1334-45d0-87fb-b2433d952c83 [2026-03-05T11:44:28.090261] Downloaded sap_java_buildpack_jakarta (STDOUT, STG)#
#2026 03 05 11:48:08.590#Z#DEBUG#0066f6cb-1889-11f1-a16f-eeee0a90b015.c25c385-2-approuter#flowable-async-job-executor-thread-712#
[PollStageAppStatusExecution] a5c869df-1334-45d0-87fb-b2433d952c83 [2026-03-05T11:44:28.090293] Downloading sap_java_buildpack_jakarta_2_51... (STDOUT, STG)#
#2026 03 05 11:48:08.590#Z#DEBUG#0066f6cb-1889-11f1-a16f-eeee0a90b015.c25c385-2-approuter#flowable-async-job-executor-thread-712#
[PollStageAppStatusExecution] a5c869df-1334-45d0-87fb-b2433d952c83 [2026-03-05T11:44:28.090835] Downloaded zero_trust_sidecar_buildpack (STDOUT, STG)#
#2026 03 05 11:48:08.590#Z#DEBUG#0066f6cb-1889-11f1-a16f-eeee0a90b015.c25c385-2-approuter#flowable-async-job-executor-thread-712#
[PollStageAppStatusExecution] a5c869df-1334-45d0-87fb-b2433d952c83 [2026-03-05T11:44:28.092643] Downloaded binary_buildpack (STDOUT, STG)#
#2026 03 05 11:48:08.590#Z#DEBUG#0066f6cb-1889-11f1-a16f-eeee0a90b015.c25c385-2-approuter#flowable-async-job-executor-thread-712#
[PollStageAppStatusExecution] a5c869df-1334-45d0-87fb-b2433d952c83 [2026-03-05T11:44:28.096834] Downloaded nginx_buildpack (STDOUT, STG)#
#2026 03 05 11:48:08.590#Z#DEBUG#0066f6cb-1889-11f1-a16f-eeee0a90b015.c25c385-2-approuter#flowable-async-job-executor-thread-712#
[PollStageAppStatusExecution] a5c869df-1334-45d0-87fb-b2433d952c83 [2026-03-05T11:44:28.120986] Downloaded zero_trust_sidecar_buildpack_1_13 (STDOUT, STG)#
#2026 03 05 11:48:08.590#Z#DEBUG#0066f6cb-1889-11f1-a16f-eeee0a90b015.c25c385-2-approuter#flowable-async-job-executor-thread-712#
[PollStageAppStatusExecution] a5c869df-1334-45d0-87fb-b2433d952c83 [2026-03-05T11:44:28.145320] Downloaded sap_java_buildpack_jakarta_2_51 (STDOUT, STG)#
#2026 03 05 11:48:08.590#Z#DEBUG#0066f6cb-1889-11f1-a16f-eeee0a90b015.c25c385-2-approuter#flowable-async-job-executor-thread-712#
[PollStageAppStatusExecution] a5c869df-1334-45d0-87fb-b2433d952c83 [2026-03-05T11:44:28.145432] Cell 77283d80-dfa7-40ba-ba4e-265aef112085 creating container for instance d862eea4-0d6b-4e66-9c86-a25662295486 (STDOUT, STG)#
#2026 03 05 11:48:08.590#Z#DEBUG#0066f6cb-1889-11f1-a16f-eeee0a90b015.c25c385-2-approuter#flowable-async-job-executor-thread-712#
[PollStageAppStatusExecution] a5c869df-1334-45d0-87fb-b2433d952c83 [2026-03-05T11:44:28.697428] Security group rules were updated (STDOUT, STG)#
#2026 03 05 11:48:08.590#Z#DEBUG#0066f6cb-1889-11f1-a16f-eeee0a90b015.c25c385-2-approuter#flowable-async-job-executor-thread-712#
[PollStageAppStatusExecution] a5c869df-1334-45d0-87fb-b2433d952c83 [2026-03-05T11:44:28.746917] Cell 77283d80-dfa7-40ba-ba4e-265aef112085 successfully created container for instance d862eea4-0d6b-4e66-9c86-a25662295486 (STDOUT, STG)#
#2026 03 05 11:48:08.590#Z#DEBUG#0066f6cb-1889-11f1-a16f-eeee0a90b015.c25c385-2-approuter#flowable-async-job-executor-thread-712#
[PollStageAppStatusExecution] a5c869df-1334-45d0-87fb-b2433d952c83 [2026-03-05T11:44:29.236327] Downloading app package... (STDOUT, STG)#
#2026 03 05 11:48:08.590#Z#DEBUG#0066f6cb-1889-11f1-a16f-eeee0a90b015.c25c385-2-approuter#flowable-async-job-executor-thread-712#
[PollStageAppStatusExecution] a5c869df-1334-45d0-87fb-b2433d952c83 [2026-03-05T11:44:30.129905] Downloaded app package (7.7M) (STDOUT, STG)#
#2026 03 05 11:48:08.590#Z#DEBUG#0066f6cb-1889-11f1-a16f-eeee0a90b015.c25c385-2-approuter#flowable-async-job-executor-thread-712#
[PollStageAppStatusExecution] a5c869df-1334-45d0-87fb-b2433d952c83 [2026-03-05T11:44:30.665510] -----> Nodejs Buildpack version 1.8.41 (STDOUT, STG)#
#2026 03 05 11:48:08.590#Z#DEBUG#0066f6cb-1889-11f1-a16f-eeee0a90b015.c25c385-2-approuter#flowable-async-job-executor-thread-712#
[PollStageAppStatusExecution] a5c869df-1334-45d0-87fb-b2433d952c83 [2026-03-05T11:44:30.973315] -----> Bootstrapping python (STDOUT, STG)#
#2026 03 05 11:48:08.590#Z#DEBUG#0066f6cb-1889-11f1-a16f-eeee0a90b015.c25c385-2-approuter#flowable-async-job-executor-thread-712#
[PollStageAppStatusExecution] a5c869df-1334-45d0-87fb-b2433d952c83 [2026-03-05T11:44:30.973338] -----> Installing python 3.11.14 (STDOUT, STG)#
#2026 03 05 11:48:08.590#Z#DEBUG#0066f6cb-1889-11f1-a16f-eeee0a90b015.c25c385-2-approuter#flowable-async-job-executor-thread-712#
[PollStageAppStatusExecution] a5c869df-1334-45d0-87fb-b2433d952c83 [2026-03-05T11:44:30.973354] Copy [/tmp/buildpacks/dfa36c7d15e4ae2c/dependencies/c334a3cd7ccf4e78ab45ef5e33dcd936/python_3.11.14_linux_x64_cflinuxfs4_5d0a9d8b.tgz] (STDOUT, STG)#
#2026 03 05 11:48:08.590#Z#DEBUG#0066f6cb-1889-11f1-a16f-eeee0a90b015.c25c385-2-approuter#flowable-async-job-executor-thread-712#
[PollStageAppStatusExecution] a5c869df-1334-45d0-87fb-b2433d952c83 [2026-03-05T11:44:34.019914] -----> Installing binaries (STDOUT, STG)#
#2026 03 05 11:48:08.590#Z#DEBUG#0066f6cb-1889-11f1-a16f-eeee0a90b015.c25c385-2-approuter#flowable-async-job-executor-thread-712#
[PollStageAppStatusExecution] a5c869df-1334-45d0-87fb-b2433d952c83 [2026-03-05T11:44:34.020108] engines.node (package.json): ^16.0.0 || ^18.0.0 (STDOUT, STG)#
#2026 03 05 11:48:08.590#Z#DEBUG#0066f6cb-1889-11f1-a16f-eeee0a90b015.c25c385-2-approuter#flowable-async-job-executor-thread-712#
[PollStageAppStatusExecution] a5c869df-1334-45d0-87fb-b2433d952c83 [2026-03-05T11:44:34.020140] engines.npm (package.json): unspecified (use default) (STDOUT, STG)#
#2026 03 05 11:48:08.590#Z#DEBUG#0066f6cb-1889-11f1-a16f-eeee0a90b015.c25c385-2-approuter#flowable-async-job-executor-thread-712#
[PollStageAppStatusExecution] a5c869df-1334-45d0-87fb-b2433d952c83 [2026-03-05T11:44:34.020146] [31;1m**ERROR**[0m Unable to install node: no match found for ^16.0.0 || ^18.0.0 in [20.19.3 20.19.5 22.20.0 22.21.1 24.3.0 24.10.0] (STDOUT, STG)#
#2026 03 05 11:48:08.590#Z#DEBUG#0066f6cb-1889-11f1-a16f-eeee0a90b015.c25c385-2-approuter#flowable-async-job-executor-thread-712#
[PollStageAppStatusExecution] a5c869df-1334-45d0-87fb-b2433d952c83 [2026-03-05T11:44:34.022664] Failed to compile droplet: Failed to run all supply scripts: exit status 14 (STDERR, STG)#
#2026 03 05 11:48:08.590#Z#DEBUG#0066f6cb-1889-11f1-a16f-eeee0a90b015.c25c385-2-approuter#flowable-async-job-executor-thread-712#
[PollStageAppStatusExecution] a5c869df-1334-45d0-87fb-b2433d952c83 [2026-03-05T11:44:34.028515] Exit status 223 (STDOUT, STG)#
#2026 03 05 11:48:08.590#Z#DEBUG#0066f6cb-1889-11f1-a16f-eeee0a90b015.c25c385-2-approuter#flowable-async-job-executor-thread-712#
[PollStageAppStatusExecution] a5c869df-1334-45d0-87fb-b2433d952c83 [2026-03-05T11:44:34.579404] Cell 77283d80-dfa7-40ba-ba4e-265aef112085 stopping instance d862eea4-0d6b-4e66-9c86-a25662295486 (STDOUT, STG)#
#2026 03 05 11:48:08.590#Z#DEBUG#0066f6cb-1889-11f1-a16f-eeee0a90b015.c25c385-2-approuter#flowable-async-job-executor-thread-712#
[PollStageAppStatusExecution] a5c869df-1334-45d0-87fb-b2433d952c83 [2026-03-05T11:44:34.579451] Cell 77283d80-dfa7-40ba-ba4e-265aef112085 destroying container for instance d862eea4-0d6b-4e66-9c86-a25662295486 (STDOUT, STG)#
#2026 03 05 11:48:08.590#Z#DEBUG#0066f6cb-1889-11f1-a16f-eeee0a90b015.c25c385-2-approuter#flowable-async-job-executor-thread-712#
[PollStageAppStatusExecution] a5c869df-1334-45d0-87fb-b2433d952c83 [2026-03-05T11:44:34.617585] Failed to stage build: staging failed (STDERR, API)#
#2026 03 05 11:48:08.590#Z#DEBUG#0066f6cb-1889-11f1-a16f-eeee0a90b015.c25c385-2-approuter#flowable-async-job-executor-thread-712#
[PollStageAppStatusExecution] a5c869df-1334-45d0-87fb-b2433d952c83 [2026-03-05T11:44:37.477526] Cell 77283d80-dfa7-40ba-ba4e-265aef112085 successfully destroyed container for instance d862eea4-0d6b-4e66-9c86-a25662295486 (STDOUT, STG)#
#2026 03 05 11:48:08.590#Z#DEBUG#0066f6cb-1889-11f1-a16f-eeee0a90b015.c25c385-2-approuter#flowable-async-job-executor-thread-712#
[PollStageAppStatusExecution] a5c869df-1334-45d0-87fb-b2433d952c83 [2026-03-05T11:44:38.136894] Creating build for app with guid a5c869df-1334-45d0-87fb-b2433d952c83 (STDOUT, API)#
#2026 03 05 11:48:08.590#Z#DEBUG#0066f6cb-1889-11f1-a16f-eeee0a90b015.c25c385-2-approuter#flowable-async-job-executor-thread-712#
[PollStageAppStatusExecution] a5c869df-1334-45d0-87fb-b2433d952c83 [2026-03-05T11:44:38.759810] Downloading zero_trust_sidecar_buildpack_1_15... (STDOUT, STG)#
#2026 03 05 11:48:08.590#Z#DEBUG#0066f6cb-1889-11f1-a16f-eeee0a90b015.c25c385-2-approuter#flowable-async-job-executor-thread-712#
[PollStageAppStatusExecution] a5c869df-1334-45d0-87fb-b2433d952c83 [2026-03-05T11:44:38.759814] Downloading go_buildpack... (STDOUT, STG)#
#2026 03 05 11:48:08.590#Z#DEBUG#0066f6cb-1889-11f1-a16f-eeee0a90b015.c25c385-2-approuter#flowable-async-job-executor-thread-712#
[PollStageAppStatusExecution] a5c869df-1334-45d0-87fb-b2433d952c83 [2026-03-05T11:44:38.759851] Downloading staticfile_buildpack... (STDOUT, STG)#
#2026 03 05 11:48:08.590#Z#DEBUG#0066f6cb-1889-11f1-a16f-eeee0a90b015.c25c385-2-approuter#flowable-async-job-executor-thread-712#
[PollStageAppStatusExecution] a5c869df-1334-45d0-87fb-b2433d952c83 [2026-03-05T11:44:38.759852] Downloading java_buildpack... (STDOUT, STG)#
#2026 03 05 11:48:08.590#Z#DEBUG#0066f6cb-1889-11f1-a16f-eeee0a90b015.c25c385-2-approuter#flowable-async-job-executor-thread-712#
[PollStageAppStatusExecution] a5c869df-1334-45d0-87fb-b2433d952c83 [2026-03-05T11:44:38.770866] Downloading nodejs_buildpack... (STDOUT, STG)#
#2026 03 05 11:48:08.590#Z#DEBUG#0066f6cb-1889-11f1-a16f-eeee0a90b015.c25c385-2-approuter#flowable-async-job-executor-thread-712#
[PollStageAppStatusExecution] a5c869df-1334-45d0-87fb-b2433d952c83 [2026-03-05T11:44:38.805066] Downloaded java_buildpack (STDOUT, STG)#
#2026 03 05 11:48:08.590#Z#DEBUG#0066f6cb-1889-11f1-a16f-eeee0a90b015.c25c385-2-approuter#flowable-async-job-executor-thread-712#
[PollStageAppStatusExecution] a5c869df-1334-45d0-87fb-b2433d952c83 [2026-03-05T11:44:38.805095] Downloading sap_java_buildpack_jakarta_2_50... (STDOUT, STG)#
#2026 03 05 11:48:08.590#Z#DEBUG#0066f6cb-1889-11f1-a16f-eeee0a90b015.c25c385-2-approuter#flowable-async-job-executor-thread-712#
[PollStageAppStatusExecution] a5c869df-1334-45d0-87fb-b2433d952c83 [2026-03-05T11:44:38.809205] Downloaded staticfile_buildpack (STDOUT, STG)#
#2026 03 05 11:48:08.590#Z#DEBUG#0066f6cb-1889-11f1-a16f-eeee0a90b015.c25c385-2-approuter#flowable-async-job-executor-thread-712#
[PollStageAppStatusExecution] a5c869df-1334-45d0-87fb-b2433d952c83 [2026-03-05T11:44:38.809225] Downloading python_buildpack... (STDOUT, STG)#
#2026 03 05 11:48:08.590#Z#DEBUG#0066f6cb-1889-11f1-a16f-eeee0a90b015.c25c385-2-approuter#flowable-async-job-executor-thread-712#
[PollStageAppStatusExecution] a5c869df-1334-45d0-87fb-b2433d952c83 [2026-03-05T11:44:38.814049] Downloaded zero_trust_sidecar_buildpack_1_15 (STDOUT, STG)#
#2026 03 05 11:48:08.590#Z#DEBUG#0066f6cb-1889-11f1-a16f-eeee0a90b015.c25c385-2-approuter#flowable-async-job-executor-thread-712#
[PollStageAppStatusExecution] a5c869df-1334-45d0-87fb-b2433d952c83 [2026-03-05T11:44:38.814068] Downloading php_buildpack... (STDOUT, STG)#
#2026 03 05 11:48:08.590#Z#DEBUG#0066f6cb-1889-11f1-a16f-eeee0a90b015.c25c385-2-approuter#flowable-async-job-executor-thread-712#
[PollStageAppStatusExecution] a5c869df-1334-45d0-87fb-b2433d952c83 [2026-03-05T11:44:38.816650] Downloaded go_buildpack (STDOUT, STG)#
#2026 03 05 11:48:08.590#Z#DEBUG#0066f6cb-1889-11f1-a16f-eeee0a90b015.c25c385-2-approuter#flowable-async-job-executor-thread-712#
[PollStageAppStatusExecution] a5c869df-1334-45d0-87fb-b2433d952c83 [2026-03-05T11:44:38.816672] Downloading nginx_buildpack... (STDOUT, STG)#
#2026 03 05 11:48:08.590#Z#DEBUG#0066f6cb-1889-11f1-a16f-eeee0a90b015.c25c385-2-approuter#flowable-async-job-executor-thread-712#
[PollStageAppStatusExecution] a5c869df-1334-45d0-87fb-b2433d952c83 [2026-03-05T11:44:38.817827] Downloaded nodejs_buildpack (STDOUT, STG)#
#2026 03 05 11:48:08.590#Z#DEBUG#0066f6cb-1889-11f1-a16f-eeee0a90b015.c25c385-2-approuter#flowable-async-job-executor-thread-712#
[PollStageAppStatusExecution] a5c869df-1334-45d0-87fb-b2433d952c83 [2026-03-05T11:44:38.817845] Downloading binary_buildpack... (STDOUT, STG)#
#2026 03 05 11:48:08.590#Z#DEBUG#0066f6cb-1889-11f1-a16f-eeee0a90b015.c25c385-2-approuter#flowable-async-job-executor-thread-712#
[PollStageAppStatusExecution] a5c869df-1334-45d0-87fb-b2433d952c83 [2026-03-05T11:44:38.847831] Downloaded sap_java_buildpack_jakarta_2_50 (STDOUT, STG)#
#2026 03 05 11:48:08.590#Z#DEBUG#0066f6cb-1889-11f1-a16f-eeee0a90b015.c25c385-2-approuter#flowable-async-job-executor-thread-712#
[PollStageAppStatusExecution] a5c869df-1334-45d0-87fb-b2433d952c83 [2026-03-05T11:44:38.847856] Downloading sap_java_buildpack_jakarta... (STDOUT, STG)#
#2026 03 05 11:48:08.590#Z#DEBUG#0066f6cb-1889-11f1-a16f-eeee0a90b015.c25c385-2-approuter#flowable-async-job-executor-thread-712#
[PollStageAppStatusExecution] a5c869df-1334-45d0-87fb-b2433d952c83 [2026-03-05T11:44:38.859550] Downloaded php_buildpack (STDOUT, STG)#
#2026 03 05 11:48:08.590#Z#DEBUG#0066f6cb-1889-11f1-a16f-eeee0a90b015.c25c385-2-approuter#flowable-async-job-executor-thread-712#
[PollStageAppStatusExecution] a5c869df-1334-45d0-87fb-b2433d952c83 [2026-03-05T11:44:38.859635] Downloading sap_java_buildpack_jakarta_2_51... (STDOUT, STG)#
#2026 03 05 11:48:08.590#Z#DEBUG#0066f6cb-1889-11f1-a16f-eeee0a90b015.c25c385-2-approuter#flowable-async-job-executor-thread-712#
[PollStageAppStatusExecution] a5c869df-1334-45d0-87fb-b2433d952c83 [2026-03-05T11:44:38.863417] Downloaded python_buildpack (STDOUT, STG)#
#2026 03 05 11:48:08.590#Z#DEBUG#0066f6cb-1889-11f1-a16f-eeee0a90b015.c25c385-2-approuter#flowable-async-job-executor-thread-712#
[PollStageAppStatusExecution] a5c869df-1334-45d0-87fb-b2433d952c83 [2026-03-05T11:44:38.863441] Downloading zero_trust_sidecar_buildpack_1_13... (STDOUT, STG)#
#2026 03 05 11:48:08.590#Z#DEBUG#0066f6cb-1889-11f1-a16f-eeee0a90b015.c25c385-2-approuter#flowable-async-job-executor-thread-712#
[PollStageAppStatusExecution] a5c869df-1334-45d0-87fb-b2433d952c83 [2026-03-05T11:44:38.865625] Downloaded binary_buildpack (STDOUT, STG)#
#2026 03 05 11:48:08.590#Z#DEBUG#0066f6cb-1889-11f1-a16f-eeee0a90b015.c25c385-2-approuter#flowable-async-job-executor-thread-712#
[PollStageAppStatusExecution] a5c869df-1334-45d0-87fb-b2433d952c83 [2026-03-05T11:44:38.865643] Downloading sap_java_buildpack_jakarta_2_49... (STDOUT, STG)#
#2026 03 05 11:48:08.590#Z#DEBUG#0066f6cb-1889-11f1-a16f-eeee0a90b015.c25c385-2-approuter#flowable-async-job-executor-thread-712#
[PollStageAppStatusExecution] a5c869df-1334-45d0-87fb-b2433d952c83 [2026-03-05T11:44:38.866469] Downloaded nginx_buildpack (STDOUT, STG)#
#2026 03 05 11:48:08.590#Z#DEBUG#0066f6cb-1889-11f1-a16f-eeee0a90b015.c25c385-2-approuter#flowable-async-job-executor-thread-712#
[PollStageAppStatusExecution] a5c869df-1334-45d0-87fb-b2433d952c83 [2026-03-05T11:44:38.866485] Downloading zero_trust_sidecar_buildpack_1_14... (STDOUT, STG)#
#2026 03 05 11:48:08.590#Z#DEBUG#0066f6cb-1889-11f1-a16f-eeee0a90b015.c25c385-2-approuter#flowable-async-job-executor-thread-712#
[PollStageAppStatusExecution] a5c869df-1334-45d0-87fb-b2433d952c83 [2026-03-05T11:44:38.884199] Downloaded sap_java_buildpack_jakarta_2_49 (STDOUT, STG)#
#2026 03 05 11:48:08.590#Z#DEBUG#0066f6cb-1889-11f1-a16f-eeee0a90b015.c25c385-2-approuter#flowable-async-job-executor-thread-712#
[PollStageAppStatusExecution] a5c869df-1334-45d0-87fb-b2433d952c83 [2026-03-05T11:44:38.884236] Downloading zero_trust_sidecar_buildpack... (STDOUT, STG)#
#2026 03 05 11:48:08.590#Z#DEBUG#0066f6cb-1889-11f1-a16f-eeee0a90b015.c25c385-2-approuter#flowable-async-job-executor-thread-712#
[PollStageAppStatusExecution] a5c869df-1334-45d0-87fb-b2433d952c83 [2026-03-05T11:44:38.894814] Downloaded sap_java_buildpack_jakarta (STDOUT, STG)#
#2026 03 05 11:48:08.590#Z#DEBUG#0066f6cb-1889-11f1-a16f-eeee0a90b015.c25c385-2-approuter#flowable-async-job-executor-thread-712#
[PollStageAppStatusExecution] a5c869df-1334-45d0-87fb-b2433d952c83 [2026-03-05T11:44:38.905039] Downloaded sap_java_buildpack_jakarta_2_51 (STDOUT, STG)#
#2026 03 05 11:48:08.590#Z#DEBUG#0066f6cb-1889-11f1-a16f-eeee0a90b015.c25c385-2-approuter#flowable-async-job-executor-thread-712#
[PollStageAppStatusExecution] a5c869df-1334-45d0-87fb-b2433d952c83 [2026-03-05T11:44:38.911205] Downloaded zero_trust_sidecar_buildpack_1_13 (STDOUT, STG)#
#2026 03 05 11:48:08.590#Z#DEBUG#0066f6cb-1889-11f1-a16f-eeee0a90b015.c25c385-2-approuter#flowable-async-job-executor-thread-712#
[PollStageAppStatusExecution] a5c869df-1334-45d0-87fb-b2433d952c83 [2026-03-05T11:44:38.917896] Downloaded zero_trust_sidecar_buildpack_1_14 (STDOUT, STG)#
#2026 03 05 11:48:08.590#Z#DEBUG#0066f6cb-1889-11f1-a16f-eeee0a90b015.c25c385-2-approuter#flowable-async-job-executor-thread-712#
[PollStageAppStatusExecution] a5c869df-1334-45d0-87fb-b2433d952c83 [2026-03-05T11:44:38.931684] Downloaded zero_trust_sidecar_buildpack (STDOUT, STG)#
#2026 03 05 11:48:08.590#Z#DEBUG#0066f6cb-1889-11f1-a16f-eeee0a90b015.c25c385-2-approuter#flowable-async-job-executor-thread-712#
[PollStageAppStatusExecution] a5c869df-1334-45d0-87fb-b2433d952c83 [2026-03-05T11:44:38.931784] Cell 77283d80-dfa7-40ba-ba4e-265aef112085 creating container for instance 0d0e8567-2021-4721-ab3c-6087c22c3d94 (STDOUT, STG)#
#2026 03 05 11:48:08.590#Z#DEBUG#0066f6cb-1889-11f1-a16f-eeee0a90b015.c25c385-2-approuter#flowable-async-job-executor-thread-712#
[PollStageAppStatusExecution] a5c869df-1334-45d0-87fb-b2433d952c83 [2026-03-05T11:44:39.352898] Security group rules were updated (STDOUT, STG)#
#2026 03 05 11:48:08.590#Z#DEBUG#0066f6cb-1889-11f1-a16f-eeee0a90b015.c25c385-2-approuter#flowable-async-job-executor-thread-712#
[PollStageAppStatusExecution] a5c869df-1334-45d0-87fb-b2433d952c83 [2026-03-05T11:44:39.415910] Cell 77283d80-dfa7-40ba-ba4e-265aef112085 successfully created container for instance 0d0e8567-2021-4721-ab3c-6087c22c3d94 (STDOUT, STG)#
#2026 03 05 11:48:08.590#Z#DEBUG#0066f6cb-1889-11f1-a16f-eeee0a90b015.c25c385-2-approuter#flowable-async-job-executor-thread-712#
[PollStageAppStatusExecution] a5c869df-1334-45d0-87fb-b2433d952c83 [2026-03-05T11:44:39.701401] Downloading app package... (STDOUT, STG)#
#2026 03 05 11:48:08.590#Z#DEBUG#0066f6cb-1889-11f1-a16f-eeee0a90b015.c25c385-2-approuter#flowable-async-job-executor-thread-712#
[PollStageAppStatusExecution] a5c869df-1334-45d0-87fb-b2433d952c83 [2026-03-05T11:44:40.587251] Downloaded app package (7.7M) (STDOUT, STG)#
#2026 03 05 11:48:08.590#Z#DEBUG#0066f6cb-1889-11f1-a16f-eeee0a90b015.c25c385-2-approuter#flowable-async-job-executor-thread-712#
[PollStageAppStatusExecution] a5c869df-1334-45d0-87fb-b2433d952c83 [2026-03-05T11:44:41.124495] -----> Nodejs Buildpack version 1.8.41 (STDOUT, STG)#
#2026 03 05 11:48:08.590#Z#DEBUG#0066f6cb-1889-11f1-a16f-eeee0a90b015.c25c385-2-approuter#flowable-async-job-executor-thread-712#
[PollStageAppStatusExecution] a5c869df-1334-45d0-87fb-b2433d952c83 [2026-03-05T11:44:41.409527] -----> Bootstrapping python (STDOUT, STG)#
#2026 03 05 11:48:08.590#Z#DEBUG#0066f6cb-1889-11f1-a16f-eeee0a90b015.c25c385-2-approuter#flowable-async-job-executor-thread-712#
[PollStageAppStatusExecution] a5c869df-1334-45d0-87fb-b2433d952c83 [2026-03-05T11:44:41.409549] -----> Installing python 3.11.14 (STDOUT, STG)#
#2026 03 05 11:48:08.590#Z#DEBUG#0066f6cb-1889-11f1-a16f-eeee0a90b015.c25c385-2-approuter#flowable-async-job-executor-thread-712#
[PollStageAppStatusExecution] a5c869df-1334-45d0-87fb-b2433d952c83 [2026-03-05T11:44:41.409561] Copy [/tmp/buildpacks/dfa36c7d15e4ae2c/dependencies/c334a3cd7ccf4e78ab45ef5e33dcd936/python_3.11.14_linux_x64_cflinuxfs4_5d0a9d8b.tgz] (STDOUT, STG)#
#2026 03 05 11:48:08.590#Z#DEBUG#0066f6cb-1889-11f1-a16f-eeee0a90b015.c25c385-2-approuter#flowable-async-job-executor-thread-712#
[PollStageAppStatusExecution] a5c869df-1334-45d0-87fb-b2433d952c83 [2026-03-05T11:44:44.428347] -----> Installing binaries (STDOUT, STG)#
#2026 03 05 11:48:08.590#Z#DEBUG#0066f6cb-1889-11f1-a16f-eeee0a90b015.c25c385-2-approuter#flowable-async-job-executor-thread-712#
[PollStageAppStatusExecution] a5c869df-1334-45d0-87fb-b2433d952c83 [2026-03-05T11:44:44.428450] engines.node (package.json): ^16.0.0 || ^18.0.0 (STDOUT, STG)#
#2026 03 05 11:48:08.590#Z#DEBUG#0066f6cb-1889-11f1-a16f-eeee0a90b015.c25c385-2-approuter#flowable-async-job-executor-thread-712#
[PollStageAppStatusExecution] a5c869df-1334-45d0-87fb-b2433d952c83 [2026-03-05T11:44:44.428481] engines.npm (package.json): unspecified (use default) (STDOUT, STG)#
#2026 03 05 11:48:08.590#Z#DEBUG#0066f6cb-1889-11f1-a16f-eeee0a90b015.c25c385-2-approuter#flowable-async-job-executor-thread-712#
[PollStageAppStatusExecution] a5c869df-1334-45d0-87fb-b2433d952c83 [2026-03-05T11:44:44.428797] [31;1m**ERROR**[0m Unable to install node: no match found for ^16.0.0 || ^18.0.0 in [20.19.3 20.19.5 22.20.0 22.21.1 24.3.0 24.10.0] (STDOUT, STG)#
#2026 03 05 11:48:08.590#Z#DEBUG#0066f6cb-1889-11f1-a16f-eeee0a90b015.c25c385-2-approuter#flowable-async-job-executor-thread-712#
[PollStageAppStatusExecution] a5c869df-1334-45d0-87fb-b2433d952c83 [2026-03-05T11:44:44.431193] Failed to compile droplet: Failed to run all supply scripts: exit status 14 (STDERR, STG)#
#2026 03 05 11:48:08.590#Z#DEBUG#0066f6cb-1889-11f1-a16f-eeee0a90b015.c25c385-2-approuter#flowable-async-job-executor-thread-712#
[PollStageAppStatusExecution] a5c869df-1334-45d0-87fb-b2433d952c83 [2026-03-05T11:44:44.437138] Exit status 223 (STDOUT, STG)#
#2026 03 05 11:48:08.590#Z#DEBUG#0066f6cb-1889-11f1-a16f-eeee0a90b015.c25c385-2-approuter#flowable-async-job-executor-thread-712#
[PollStageAppStatusExecution] a5c869df-1334-45d0-87fb-b2433d952c83 [2026-03-05T11:44:45.066597] Cell 77283d80-dfa7-40ba-ba4e-265aef112085 stopping instance 0d0e8567-2021-4721-ab3c-6087c22c3d94 (STDOUT, STG)#
#2026 03 05 11:48:08.590#Z#DEBUG#0066f6cb-1889-11f1-a16f-eeee0a90b015.c25c385-2-approuter#flowable-async-job-executor-thread-712#
[PollStageAppStatusExecution] a5c869df-1334-45d0-87fb-b2433d952c83 [2026-03-05T11:44:45.066642] Cell 77283d80-dfa7-40ba-ba4e-265aef112085 destroying container for instance 0d0e8567-2021-4721-ab3c-6087c22c3d94 (STDOUT, STG)#
#2026 03 05 11:48:08.590#Z#DEBUG#0066f6cb-1889-11f1-a16f-eeee0a90b015.c25c385-2-approuter#flowable-async-job-executor-thread-712#
[PollStageAppStatusExecution] a5c869df-1334-45d0-87fb-b2433d952c83 [2026-03-05T11:44:45.105206] Failed to stage build: staging failed (STDERR, API)#
#2026 03 05 11:48:08.590#Z#DEBUG#0066f6cb-1889-11f1-a16f-eeee0a90b015.c25c385-2-approuter#flowable-async-job-executor-thread-712#
[PollStageAppStatusExecution] a5c869df-1334-45d0-87fb-b2433d952c83 [2026-03-05T11:44:47.753974] Cell 77283d80-dfa7-40ba-ba4e-265aef112085 successfully destroyed container for instance 0d0e8567-2021-4721-ab3c-6087c22c3d94 (STDOUT, STG)#
#2026 03 05 11:48:08.590#Z#DEBUG#0066f6cb-1889-11f1-a16f-eeee0a90b015.c25c385-2-approuter#flowable-async-job-executor-thread-712#
[PollStageAppStatusExecution] a5c869df-1334-45d0-87fb-b2433d952c83 [2026-03-05T11:44:50.414123] Creating build for app with guid a5c869df-1334-45d0-87fb-b2433d952c83 (STDOUT, API)#
#2026 03 05 11:48:08.590#Z#DEBUG#0066f6cb-1889-11f1-a16f-eeee0a90b015.c25c385-2-approuter#flowable-async-job-executor-thread-712#
[PollStageAppStatusExecution] a5c869df-1334-45d0-87fb-b2433d952c83 [2026-03-05T11:44:51.008936] Downloading zero_trust_sidecar_buildpack_1_15... (STDOUT, STG)#
#2026 03 05 11:48:08.590#Z#DEBUG#0066f6cb-1889-11f1-a16f-eeee0a90b015.c25c385-2-approuter#flowable-async-job-executor-thread-712#
[PollStageAppStatusExecution] a5c869df-1334-45d0-87fb-b2433d952c83 [2026-03-05T11:44:51.009157] Downloading binary_buildpack... (STDOUT, STG)#
#2026 03 05 11:48:08.590#Z#DEBUG#0066f6cb-1889-11f1-a16f-eeee0a90b015.c25c385-2-approuter#flowable-async-job-executor-thread-712#
[PollStageAppStatusExecution] a5c869df-1334-45d0-87fb-b2433d952c83 [2026-03-05T11:44:51.009194] Downloading nodejs_buildpack... (STDOUT, STG)#
#2026 03 05 11:48:08.590#Z#DEBUG#0066f6cb-1889-11f1-a16f-eeee0a90b015.c25c385-2-approuter#flowable-async-job-executor-thread-712#
[PollStageAppStatusExecution] a5c869df-1334-45d0-87fb-b2433d952c83 [2026-03-05T11:44:51.009254] Downloading staticfile_buildpack... (STDOUT, STG)#
#2026 03 05 11:48:08.590#Z#DEBUG#0066f6cb-1889-11f1-a16f-eeee0a90b015.c25c385-2-approuter#flowable-async-job-executor-thread-712#
[PollStageAppStatusExecution] a5c869df-1334-45d0-87fb-b2433d952c83 [2026-03-05T11:44:51.009283] Downloading zero_trust_sidecar_buildpack_1_14... (STDOUT, STG)#
#2026 03 05 11:48:08.590#Z#DEBUG#0066f6cb-1889-11f1-a16f-eeee0a90b015.c25c385-2-approuter#flowable-async-job-executor-thread-712#
[PollStageAppStatusExecution] a5c869df-1334-45d0-87fb-b2433d952c83 [2026-03-05T11:44:51.050964] Downloaded staticfile_buildpack (STDOUT, STG)#
#2026 03 05 11:48:08.590#Z#DEBUG#0066f6cb-1889-11f1-a16f-eeee0a90b015.c25c385-2-approuter#flowable-async-job-executor-thread-712#
[PollStageAppStatusExecution] a5c869df-1334-45d0-87fb-b2433d952c83 [2026-03-05T11:44:51.050992] Downloading java_buildpack... (STDOUT, STG)#
#2026 03 05 11:48:08.590#Z#DEBUG#0066f6cb-1889-11f1-a16f-eeee0a90b015.c25c385-2-approuter#flowable-async-job-executor-thread-712#
[PollStageAppStatusExecution] a5c869df-1334-45d0-87fb-b2433d952c83 [2026-03-05T11:44:51.055850] Downloaded zero_trust_sidecar_buildpack_1_15 (STDOUT, STG)#
#2026 03 05 11:48:08.590#Z#DEBUG#0066f6cb-1889-11f1-a16f-eeee0a90b015.c25c385-2-approuter#flowable-async-job-executor-thread-712#
[PollStageAppStatusExecution] a5c869df-1334-45d0-87fb-b2433d952c83 [2026-03-05T11:44:51.055924] Downloaded zero_trust_sidecar_buildpack_1_14 (STDOUT, STG)#
#2026 03 05 11:48:08.590#Z#DEBUG#0066f6cb-1889-11f1-a16f-eeee0a90b015.c25c385-2-approuter#flowable-async-job-executor-thread-712#
[PollStageAppStatusExecution] a5c869df-1334-45d0-87fb-b2433d952c83 [2026-03-05T11:44:51.055942] Downloading python_buildpack... (STDOUT, STG)#
#2026 03 05 11:48:08.590#Z#DEBUG#0066f6cb-1889-11f1-a16f-eeee0a90b015.c25c385-2-approuter#flowable-async-job-executor-thread-712#
[PollStageAppStatusExecution] a5c869df-1334-45d0-87fb-b2433d952c83 [2026-03-05T11:44:51.056778] Downloaded nodejs_buildpack (STDOUT, STG)#
#2026 03 05 11:48:08.590#Z#DEBUG#0066f6cb-1889-11f1-a16f-eeee0a90b015.c25c385-2-approuter#flowable-async-job-executor-thread-712#
[PollStageAppStatusExecution] a5c869df-1334-45d0-87fb-b2433d952c83 [2026-03-05T11:44:51.056802] Downloading go_buildpack... (STDOUT, STG)#
#2026 03 05 11:48:08.590#Z#DEBUG#0066f6cb-1889-11f1-a16f-eeee0a90b015.c25c385-2-approuter#flowable-async-job-executor-thread-712#
[PollStageAppStatusExecution] a5c869df-1334-45d0-87fb-b2433d952c83 [2026-03-05T11:44:51.058686] Downloaded binary_buildpack (STDOUT, STG)#
#2026 03 05 11:48:08.590#Z#DEBUG#0066f6cb-1889-11f1-a16f-eeee0a90b015.c25c385-2-approuter#flowable-async-job-executor-thread-712#
[PollStageAppStatusExecution] a5c869df-1334-45d0-87fb-b2433d952c83 [2026-03-05T11:44:51.058699] Downloading zero_trust_sidecar_buildpack_1_13... (STDOUT, STG)#
#2026 03 05 11:48:08.590#Z#DEBUG#0066f6cb-1889-11f1-a16f-eeee0a90b015.c25c385-2-approuter#flowable-async-job-executor-thread-712#
[PollStageAppStatusExecution] a5c869df-1334-45d0-87fb-b2433d952c83 [2026-03-05T11:44:51.065340] Downloading zero_trust_sidecar_buildpack... (STDOUT, STG)#
#2026 03 05 11:48:08.590#Z#DEBUG#0066f6cb-1889-11f1-a16f-eeee0a90b015.c25c385-2-approuter#flowable-async-job-executor-thread-712#
[PollStageAppStatusExecution] a5c869df-1334-45d0-87fb-b2433d952c83 [2026-03-05T11:44:51.076695] Downloaded go_buildpack (STDOUT, STG)#
#2026 03 05 11:48:08.590#Z#DEBUG#0066f6cb-1889-11f1-a16f-eeee0a90b015.c25c385-2-approuter#flowable-async-job-executor-thread-712#
[PollStageAppStatusExecution] a5c869df-1334-45d0-87fb-b2433d952c83 [2026-03-05T11:44:51.076714] Downloading sap_java_buildpack_jakarta_2_51... (STDOUT, STG)#
#2026 03 05 11:48:08.590#Z#DEBUG#0066f6cb-1889-11f1-a16f-eeee0a90b015.c25c385-2-approuter#flowable-async-job-executor-thread-712#
[PollStageAppStatusExecution] a5c869df-1334-45d0-87fb-b2433d952c83 [2026-03-05T11:44:51.077585] Downloaded python_buildpack (STDOUT, STG)#
#2026 03 05 11:48:08.590#Z#DEBUG#0066f6cb-1889-11f1-a16f-eeee0a90b015.c25c385-2-approuter#flowable-async-job-executor-thread-712#
[PollStageAppStatusExecution] a5c869df-1334-45d0-87fb-b2433d952c83 [2026-03-05T11:44:51.077600] Downloading sap_java_buildpack_jakarta... (STDOUT, STG)#
#2026 03 05 11:48:08.590#Z#DEBUG#0066f6cb-1889-11f1-a16f-eeee0a90b015.c25c385-2-approuter#flowable-async-job-executor-thread-712#
[PollStageAppStatusExecution] a5c869df-1334-45d0-87fb-b2433d952c83 [2026-03-05T11:44:51.086453] Downloaded zero_trust_sidecar_buildpack (STDOUT, STG)#
#2026 03 05 11:48:08.590#Z#DEBUG#0066f6cb-1889-11f1-a16f-eeee0a90b015.c25c385-2-approuter#flowable-async-job-executor-thread-712#
[PollStageAppStatusExecution] a5c869df-1334-45d0-87fb-b2433d952c83 [2026-03-05T11:44:51.086473] Downloading php_buildpack... (STDOUT, STG)#
#2026 03 05 11:48:08.590#Z#DEBUG#0066f6cb-1889-11f1-a16f-eeee0a90b015.c25c385-2-approuter#flowable-async-job-executor-thread-712#
[PollStageAppStatusExecution] a5c869df-1334-45d0-87fb-b2433d952c83 [2026-03-05T11:44:51.100700] Downloaded java_buildpack (STDOUT, STG)#
#2026 03 05 11:48:08.590#Z#DEBUG#0066f6cb-1889-11f1-a16f-eeee0a90b015.c25c385-2-approuter#flowable-async-job-executor-thread-712#
[PollStageAppStatusExecution] a5c869df-1334-45d0-87fb-b2433d952c83 [2026-03-05T11:44:51.100735] Downloading sap_java_buildpack_jakarta_2_50... (STDOUT, STG)#
#2026 03 05 11:48:08.590#Z#DEBUG#0066f6cb-1889-11f1-a16f-eeee0a90b015.c25c385-2-approuter#flowable-async-job-executor-thread-712#
[PollStageAppStatusExecution] a5c869df-1334-45d0-87fb-b2433d952c83 [2026-03-05T11:44:51.101728] Downloaded zero_trust_sidecar_buildpack_1_13 (STDOUT, STG)#
#2026 03 05 11:48:08.590#Z#DEBUG#0066f6cb-1889-11f1-a16f-eeee0a90b015.c25c385-2-approuter#flowable-async-job-executor-thread-712#
[PollStageAppStatusExecution] a5c869df-1334-45d0-87fb-b2433d952c83 [2026-03-05T11:44:51.101743] Downloading nginx_buildpack... (STDOUT, STG)#
#2026 03 05 11:48:08.590#Z#DEBUG#0066f6cb-1889-11f1-a16f-eeee0a90b015.c25c385-2-approuter#flowable-async-job-executor-thread-712#
[PollStageAppStatusExecution] a5c869df-1334-45d0-87fb-b2433d952c83 [2026-03-05T11:44:51.121298] Downloaded sap_java_buildpack_jakarta_2_51 (STDOUT, STG)#
#2026 03 05 11:48:08.590#Z#DEBUG#0066f6cb-1889-11f1-a16f-eeee0a90b015.c25c385-2-approuter#flowable-async-job-executor-thread-712#
[PollStageAppStatusExecution] a5c869df-1334-45d0-87fb-b2433d952c83 [2026-03-05T11:44:51.121337] Downloading sap_java_buildpack_jakarta_2_49... (STDOUT, STG)#
#2026 03 05 11:48:08.590#Z#DEBUG#0066f6cb-1889-11f1-a16f-eeee0a90b015.c25c385-2-approuter#flowable-async-job-executor-thread-712#
[PollStageAppStatusExecution] a5c869df-1334-45d0-87fb-b2433d952c83 [2026-03-05T11:44:51.123200] Downloaded sap_java_buildpack_jakarta_2_50 (STDOUT, STG)#
#2026 03 05 11:48:08.590#Z#DEBUG#0066f6cb-1889-11f1-a16f-eeee0a90b015.c25c385-2-approuter#flowable-async-job-executor-thread-712#
[PollStageAppStatusExecution] a5c869df-1334-45d0-87fb-b2433d952c83 [2026-03-05T11:44:51.126695] Downloaded sap_java_buildpack_jakarta (STDOUT, STG)#
#2026 03 05 11:48:08.590#Z#DEBUG#0066f6cb-1889-11f1-a16f-eeee0a90b015.c25c385-2-approuter#flowable-async-job-executor-thread-712#
[PollStageAppStatusExecution] a5c869df-1334-45d0-87fb-b2433d952c83 [2026-03-05T11:44:51.126953] Downloaded nginx_buildpack (STDOUT, STG)#
#2026 03 05 11:48:08.590#Z#DEBUG#0066f6cb-1889-11f1-a16f-eeee0a90b015.c25c385-2-approuter#flowable-async-job-executor-thread-712#
[PollStageAppStatusExecution] a5c869df-1334-45d0-87fb-b2433d952c83 [2026-03-05T11:44:51.128493] Downloaded php_buildpack (STDOUT, STG)#
#2026 03 05 11:48:08.591#Z#DEBUG#0066f6cb-1889-11f1-a16f-eeee0a90b015.c25c385-2-approuter#flowable-async-job-executor-thread-712#
[PollStageAppStatusExecution] a5c869df-1334-45d0-87fb-b2433d952c83 [2026-03-05T11:44:51.142738] Downloaded sap_java_buildpack_jakarta_2_49 (STDOUT, STG)#
#2026 03 05 11:48:08.591#Z#DEBUG#0066f6cb-1889-11f1-a16f-eeee0a90b015.c25c385-2-approuter#flowable-async-job-executor-thread-712#
[PollStageAppStatusExecution] a5c869df-1334-45d0-87fb-b2433d952c83 [2026-03-05T11:44:51.142807] Cell 77283d80-dfa7-40ba-ba4e-265aef112085 creating container for instance f8a674ca-348b-46c2-8714-b7e7b2ba9627 (STDOUT, STG)#
#2026 03 05 11:48:08.591#Z#DEBUG#0066f6cb-1889-11f1-a16f-eeee0a90b015.c25c385-2-approuter#flowable-async-job-executor-thread-712#
[PollStageAppStatusExecution] a5c869df-1334-45d0-87fb-b2433d952c83 [2026-03-05T11:44:51.569212] Security group rules were updated (STDOUT, STG)#
#2026 03 05 11:48:08.591#Z#DEBUG#0066f6cb-1889-11f1-a16f-eeee0a90b015.c25c385-2-approuter#flowable-async-job-executor-thread-712#
[PollStageAppStatusExecution] a5c869df-1334-45d0-87fb-b2433d952c83 [2026-03-05T11:44:51.619745] Cell 77283d80-dfa7-40ba-ba4e-265aef112085 successfully created container for instance f8a674ca-348b-46c2-8714-b7e7b2ba9627 (STDOUT, STG)#
#2026 03 05 11:48:08.591#Z#DEBUG#0066f6cb-1889-11f1-a16f-eeee0a90b015.c25c385-2-approuter#flowable-async-job-executor-thread-712#
[PollStageAppStatusExecution] a5c869df-1334-45d0-87fb-b2433d952c83 [2026-03-05T11:44:52.065301] Downloading app package... (STDOUT, STG)#
#2026 03 05 11:48:08.591#Z#DEBUG#0066f6cb-1889-11f1-a16f-eeee0a90b015.c25c385-2-approuter#flowable-async-job-executor-thread-712#
[PollStageAppStatusExecution] a5c869df-1334-45d0-87fb-b2433d952c83 [2026-03-05T11:44:52.952358] Downloaded app package (7.7M) (STDOUT, STG)#
#2026 03 05 11:48:08.591#Z#DEBUG#0066f6cb-1889-11f1-a16f-eeee0a90b015.c25c385-2-approuter#flowable-async-job-executor-thread-712#
[PollStageAppStatusExecution] a5c869df-1334-45d0-87fb-b2433d952c83 [2026-03-05T11:44:53.498154] -----> Nodejs Buildpack version 1.8.41 (STDOUT, STG)#
#2026 03 05 11:48:08.591#Z#DEBUG#0066f6cb-1889-11f1-a16f-eeee0a90b015.c25c385-2-approuter#flowable-async-job-executor-thread-712#
[PollStageAppStatusExecution] a5c869df-1334-45d0-87fb-b2433d952c83 [2026-03-05T11:44:53.807171] -----> Bootstrapping python (STDOUT, STG)#
#2026 03 05 11:48:08.591#Z#DEBUG#0066f6cb-1889-11f1-a16f-eeee0a90b015.c25c385-2-approuter#flowable-async-job-executor-thread-712#
[PollStageAppStatusExecution] a5c869df-1334-45d0-87fb-b2433d952c83 [2026-03-05T11:44:53.807197] -----> Installing python 3.11.14 (STDOUT, STG)#
#2026 03 05 11:48:08.591#Z#DEBUG#0066f6cb-1889-11f1-a16f-eeee0a90b015.c25c385-2-approuter#flowable-async-job-executor-thread-712#
[PollStageAppStatusExecution] a5c869df-1334-45d0-87fb-b2433d952c83 [2026-03-05T11:44:53.807215] Copy [/tmp/buildpacks/dfa36c7d15e4ae2c/dependencies/c334a3cd7ccf4e78ab45ef5e33dcd936/python_3.11.14_linux_x64_cflinuxfs4_5d0a9d8b.tgz] (STDOUT, STG)#
#2026 03 05 11:48:08.591#Z#DEBUG#0066f6cb-1889-11f1-a16f-eeee0a90b015.c25c385-2-approuter#flowable-async-job-executor-thread-712#
[PollStageAppStatusExecution] a5c869df-1334-45d0-87fb-b2433d952c83 [2026-03-05T11:44:56.875782] -----> Installing binaries (STDOUT, STG)#
#2026 03 05 11:48:08.591#Z#DEBUG#0066f6cb-1889-11f1-a16f-eeee0a90b015.c25c385-2-approuter#flowable-async-job-executor-thread-712#
[PollStageAppStatusExecution] a5c869df-1334-45d0-87fb-b2433d952c83 [2026-03-05T11:44:56.876033] engines.node (package.json): ^16.0.0 || ^18.0.0 (STDOUT, STG)#
#2026 03 05 11:48:08.591#Z#DEBUG#0066f6cb-1889-11f1-a16f-eeee0a90b015.c25c385-2-approuter#flowable-async-job-executor-thread-712#
[PollStageAppStatusExecution] a5c869df-1334-45d0-87fb-b2433d952c83 [2026-03-05T11:44:56.876052] engines.npm (package.json): unspecified (use default) (STDOUT, STG)#
#2026 03 05 11:48:08.591#Z#DEBUG#0066f6cb-1889-11f1-a16f-eeee0a90b015.c25c385-2-approuter#flowable-async-job-executor-thread-712#
[PollStageAppStatusExecution] a5c869df-1334-45d0-87fb-b2433d952c83 [2026-03-05T11:44:56.876058] [31;1m**ERROR**[0m Unable to install node: no match found for ^16.0.0 || ^18.0.0 in [20.19.3 20.19.5 22.20.0 22.21.1 24.3.0 24.10.0] (STDOUT, STG)#
#2026 03 05 11:48:08.591#Z#DEBUG#0066f6cb-1889-11f1-a16f-eeee0a90b015.c25c385-2-approuter#flowable-async-job-executor-thread-712#
[PollStageAppStatusExecution] a5c869df-1334-45d0-87fb-b2433d952c83 [2026-03-05T11:44:56.879162] Failed to compile droplet: Failed to run all supply scripts: exit status 14 (STDERR, STG)#
#2026 03 05 11:48:08.591#Z#DEBUG#0066f6cb-1889-11f1-a16f-eeee0a90b015.c25c385-2-approuter#flowable-async-job-executor-thread-712#
[PollStageAppStatusExecution] a5c869df-1334-45d0-87fb-b2433d952c83 [2026-03-05T11:44:56.886144] Exit status 223 (STDOUT, STG)#
#2026 03 05 11:48:08.591#Z#DEBUG#0066f6cb-1889-11f1-a16f-eeee0a90b015.c25c385-2-approuter#flowable-async-job-executor-thread-712#
[PollStageAppStatusExecution] a5c869df-1334-45d0-87fb-b2433d952c83 [2026-03-05T11:44:57.194338] Cell 77283d80-dfa7-40ba-ba4e-265aef112085 stopping instance f8a674ca-348b-46c2-8714-b7e7b2ba9627 (STDOUT, STG)#
#2026 03 05 11:48:08.591#Z#DEBUG#0066f6cb-1889-11f1-a16f-eeee0a90b015.c25c385-2-approuter#flowable-async-job-executor-thread-712#
[PollStageAppStatusExecution] a5c869df-1334-45d0-87fb-b2433d952c83 [2026-03-05T11:44:57.194395] Cell 77283d80-dfa7-40ba-ba4e-265aef112085 destroying container for instance f8a674ca-348b-46c2-8714-b7e7b2ba9627 (STDOUT, STG)#
#2026 03 05 11:48:08.591#Z#DEBUG#0066f6cb-1889-11f1-a16f-eeee0a90b015.c25c385-2-approuter#flowable-async-job-executor-thread-712#
[PollStageAppStatusExecution] a5c869df-1334-45d0-87fb-b2433d952c83 [2026-03-05T11:44:57.230829] Failed to stage build: staging failed (STDERR, API)#
#2026 03 05 11:48:08.591#Z#DEBUG#0066f6cb-1889-11f1-a16f-eeee0a90b015.c25c385-2-approuter#flowable-async-job-executor-thread-712#
[PollStageAppStatusExecution] a5c869df-1334-45d0-87fb-b2433d952c83 [2026-03-05T11:44:59.954777] Cell 77283d80-dfa7-40ba-ba4e-265aef112085 successfully destroyed container for instance f8a674ca-348b-46c2-8714-b7e7b2ba9627 (STDOUT, STG)#
#2026 03 05 11:48:08.591#Z#DEBUG#0066f6cb-1889-11f1-a16f-eeee0a90b015.c25c385-2-approuter#flowable-async-job-executor-thread-712#
[PollStageAppStatusExecution] a5c869df-1334-45d0-87fb-b2433d952c83 [2026-03-05T11:45:08.823603] Creating build for app with guid a5c869df-1334-45d0-87fb-b2433d952c83 (STDOUT, API)#
#2026 03 05 11:48:08.591#Z#DEBUG#0066f6cb-1889-11f1-a16f-eeee0a90b015.c25c385-2-approuter#flowable-async-job-executor-thread-712#
[PollStageAppStatusExecution] a5c869df-1334-45d0-87fb-b2433d952c83 [2026-03-05T11:45:09.350055] Downloading zero_trust_sidecar_buildpack_1_15... (STDOUT, STG)#
#2026 03 05 11:48:08.591#Z#DEBUG#0066f6cb-1889-11f1-a16f-eeee0a90b015.c25c385-2-approuter#flowable-async-job-executor-thread-712#
[PollStageAppStatusExecution] a5c869df-1334-45d0-87fb-b2433d952c83 [2026-03-05T11:45:09.350070] Downloading go_buildpack... (STDOUT, STG)#
#2026 03 05 11:48:08.591#Z#DEBUG#0066f6cb-1889-11f1-a16f-eeee0a90b015.c25c385-2-approuter#flowable-async-job-executor-thread-712#
[PollStageAppStatusExecution] a5c869df-1334-45d0-87fb-b2433d952c83 [2026-03-05T11:45:09.350087] Downloading staticfile_buildpack... (STDOUT, STG)#
#2026 03 05 11:48:08.591#Z#DEBUG#0066f6cb-1889-11f1-a16f-eeee0a90b015.c25c385-2-approuter#flowable-async-job-executor-thread-712#
[PollStageAppStatusExecution] a5c869df-1334-45d0-87fb-b2433d952c83 [2026-03-05T11:45:09.359138] Downloading java_buildpack... (STDOUT, STG)#
#2026 03 05 11:48:08.591#Z#DEBUG#0066f6cb-1889-11f1-a16f-eeee0a90b015.c25c385-2-approuter#flowable-async-job-executor-thread-712#
[PollStageAppStatusExecution] a5c869df-1334-45d0-87fb-b2433d952c83 [2026-03-05T11:45:09.392696] Downloaded staticfile_buildpack (STDOUT, STG)#
#2026 03 05 11:48:08.591#Z#DEBUG#0066f6cb-1889-11f1-a16f-eeee0a90b015.c25c385-2-approuter#flowable-async-job-executor-thread-712#
[PollStageAppStatusExecution] a5c869df-1334-45d0-87fb-b2433d952c83 [2026-03-05T11:45:09.392724] Downloading nodejs_buildpack... (STDOUT, STG)#
#2026 03 05 11:48:08.591#Z#DEBUG#0066f6cb-1889-11f1-a16f-eeee0a90b015.c25c385-2-approuter#flowable-async-job-executor-thread-712#
[PollStageAppStatusExecution] a5c869df-1334-45d0-87fb-b2433d952c83 [2026-03-05T11:45:09.396200] Downloaded zero_trust_sidecar_buildpack_1_15 (STDOUT, STG)#
#2026 03 05 11:48:08.591#Z#DEBUG#0066f6cb-1889-11f1-a16f-eeee0a90b015.c25c385-2-approuter#flowable-async-job-executor-thread-712#
[PollStageAppStatusExecution] a5c869df-1334-45d0-87fb-b2433d952c83 [2026-03-05T11:45:09.396220] Downloading nginx_buildpack... (STDOUT, STG)#
#2026 03 05 11:48:08.591#Z#DEBUG#0066f6cb-1889-11f1-a16f-eeee0a90b015.c25c385-2-approuter#flowable-async-job-executor-thread-712#
[PollStageAppStatusExecution] a5c869df-1334-45d0-87fb-b2433d952c83 [2026-03-05T11:45:09.396300] Downloaded go_buildpack (STDOUT, STG)#
#2026 03 05 11:48:08.591#Z#DEBUG#0066f6cb-1889-11f1-a16f-eeee0a90b015.c25c385-2-approuter#flowable-async-job-executor-thread-712#
[PollStageAppStatusExecution] a5c869df-1334-45d0-87fb-b2433d952c83 [2026-03-05T11:45:09.396331] Downloading python_buildpack... (STDOUT, STG)#
#2026 03 05 11:48:08.591#Z#DEBUG#0066f6cb-1889-11f1-a16f-eeee0a90b015.c25c385-2-approuter#flowable-async-job-executor-thread-712#
[PollStageAppStatusExecution] a5c869df-1334-45d0-87fb-b2433d952c83 [2026-03-05T11:45:09.409820] Downloaded nodejs_buildpack (STDOUT, STG)#
#2026 03 05 11:48:08.591#Z#DEBUG#0066f6cb-1889-11f1-a16f-eeee0a90b015.c25c385-2-approuter#flowable-async-job-executor-thread-712#
[PollStageAppStatusExecution] a5c869df-1334-45d0-87fb-b2433d952c83 [2026-03-05T11:45:09.409839] Downloading php_buildpack... (STDOUT, STG)#
#2026 03 05 11:48:08.591#Z#DEBUG#0066f6cb-1889-11f1-a16f-eeee0a90b015.c25c385-2-approuter#flowable-async-job-executor-thread-712#
[PollStageAppStatusExecution] a5c869df-1334-45d0-87fb-b2433d952c83 [2026-03-05T11:45:09.421338] Downloaded nginx_buildpack (STDOUT, STG)#
#2026 03 05 11:48:08.591#Z#DEBUG#0066f6cb-1889-11f1-a16f-eeee0a90b015.c25c385-2-approuter#flowable-async-job-executor-thread-712#
[PollStageAppStatusExecution] a5c869df-1334-45d0-87fb-b2433d952c83 [2026-03-05T11:45:09.421415] Downloading zero_trust_sidecar_buildpack_1_14... (STDOUT, STG)#
#2026 03 05 11:48:08.591#Z#DEBUG#0066f6cb-1889-11f1-a16f-eeee0a90b015.c25c385-2-approuter#flowable-async-job-executor-thread-712#
[PollStageAppStatusExecution] a5c869df-1334-45d0-87fb-b2433d952c83 [2026-03-05T11:45:09.428639] Downloaded php_buildpack (STDOUT, STG)#
#2026 03 05 11:48:08.591#Z#DEBUG#0066f6cb-1889-11f1-a16f-eeee0a90b015.c25c385-2-approuter#flowable-async-job-executor-thread-712#
[PollStageAppStatusExecution] a5c869df-1334-45d0-87fb-b2433d952c83 [2026-03-05T11:45:09.428679] Downloading sap_java_buildpack_jakarta_2_50... (STDOUT, STG)#
#2026 03 05 11:48:08.591#Z#DEBUG#0066f6cb-1889-11f1-a16f-eeee0a90b015.c25c385-2-approuter#flowable-async-job-executor-thread-712#
[PollStageAppStatusExecution] a5c869df-1334-45d0-87fb-b2433d952c83 [2026-03-05T11:45:09.433214] Downloaded python_buildpack (STDOUT, STG)#
#2026 03 05 11:48:08.591#Z#DEBUG#0066f6cb-1889-11f1-a16f-eeee0a90b015.c25c385-2-approuter#flowable-async-job-executor-thread-712#
[PollStageAppStatusExecution] a5c869df-1334-45d0-87fb-b2433d952c83 [2026-03-05T11:45:09.433242] Downloading sap_java_buildpack_jakarta_2_49... (STDOUT, STG)#
#2026 03 05 11:48:08.591#Z#DEBUG#0066f6cb-1889-11f1-a16f-eeee0a90b015.c25c385-2-approuter#flowable-async-job-executor-thread-712#
[PollStageAppStatusExecution] a5c869df-1334-45d0-87fb-b2433d952c83 [2026-03-05T11:45:09.438857] Downloaded java_buildpack (STDOUT, STG)#
#2026 03 05 11:48:08.591#Z#DEBUG#0066f6cb-1889-11f1-a16f-eeee0a90b015.c25c385-2-approuter#flowable-async-job-executor-thread-712#
[PollStageAppStatusExecution] a5c869df-1334-45d0-87fb-b2433d952c83 [2026-03-05T11:45:09.438876] Downloading zero_trust_sidecar_buildpack... (STDOUT, STG)#
#2026 03 05 11:48:08.591#Z#DEBUG#0066f6cb-1889-11f1-a16f-eeee0a90b015.c25c385-2-approuter#flowable-async-job-executor-thread-712#
[PollStageAppStatusExecution] a5c869df-1334-45d0-87fb-b2433d952c83 [2026-03-05T11:45:09.458536] Downloaded zero_trust_sidecar_buildpack (STDOUT, STG)#
#2026 03 05 11:48:08.591#Z#DEBUG#0066f6cb-1889-11f1-a16f-eeee0a90b015.c25c385-2-approuter#flowable-async-job-executor-thread-712#
[PollStageAppStatusExecution] a5c869df-1334-45d0-87fb-b2433d952c83 [2026-03-05T11:45:09.458563] Downloading zero_trust_sidecar_buildpack_1_13... (STDOUT, STG)#
#2026 03 05 11:48:08.591#Z#DEBUG#0066f6cb-1889-11f1-a16f-eeee0a90b015.c25c385-2-approuter#flowable-async-job-executor-thread-712#
[PollStageAppStatusExecution] a5c869df-1334-45d0-87fb-b2433d952c83 [2026-03-05T11:45:09.458823] Downloaded sap_java_buildpack_jakarta_2_50 (STDOUT, STG)#
#2026 03 05 11:48:08.591#Z#DEBUG#0066f6cb-1889-11f1-a16f-eeee0a90b015.c25c385-2-approuter#flowable-async-job-executor-thread-712#
[PollStageAppStatusExecution] a5c869df-1334-45d0-87fb-b2433d952c83 [2026-03-05T11:45:09.458844] Downloading sap_java_buildpack_jakarta_2_51... (STDOUT, STG)#
#2026 03 05 11:48:08.591#Z#DEBUG#0066f6cb-1889-11f1-a16f-eeee0a90b015.c25c385-2-approuter#flowable-async-job-executor-thread-712#
[PollStageAppStatusExecution] a5c869df-1334-45d0-87fb-b2433d952c83 [2026-03-05T11:45:09.464109] Downloaded zero_trust_sidecar_buildpack_1_14 (STDOUT, STG)#
#2026 03 05 11:48:08.591#Z#DEBUG#0066f6cb-1889-11f1-a16f-eeee0a90b015.c25c385-2-approuter#flowable-async-job-executor-thread-712#
[PollStageAppStatusExecution] a5c869df-1334-45d0-87fb-b2433d952c83 [2026-03-05T11:45:09.464129] Downloading binary_buildpack... (STDOUT, STG)#
#2026 03 05 11:48:08.591#Z#DEBUG#0066f6cb-1889-11f1-a16f-eeee0a90b015.c25c385-2-approuter#flowable-async-job-executor-thread-712#
[PollStageAppStatusExecution] a5c869df-1334-45d0-87fb-b2433d952c83 [2026-03-05T11:45:09.470903] Downloaded sap_java_buildpack_jakarta_2_49 (STDOUT, STG)#
#2026 03 05 11:48:08.591#Z#DEBUG#0066f6cb-1889-11f1-a16f-eeee0a90b015.c25c385-2-approuter#flowable-async-job-executor-thread-712#
[PollStageAppStatusExecution] a5c869df-1334-45d0-87fb-b2433d952c83 [2026-03-05T11:45:09.470946] Downloading sap_java_buildpack_jakarta... (STDOUT, STG)#
#2026 03 05 11:48:08.591#Z#DEBUG#0066f6cb-1889-11f1-a16f-eeee0a90b015.c25c385-2-approuter#flowable-async-job-executor-thread-712#
[PollStageAppStatusExecution] a5c869df-1334-45d0-87fb-b2433d952c83 [2026-03-05T11:45:09.476941] Downloaded zero_trust_sidecar_buildpack_1_13 (STDOUT, STG)#
#2026 03 05 11:48:08.591#Z#DEBUG#0066f6cb-1889-11f1-a16f-eeee0a90b015.c25c385-2-approuter#flowable-async-job-executor-thread-712#
[PollStageAppStatusExecution] a5c869df-1334-45d0-87fb-b2433d952c83 [2026-03-05T11:45:09.477325] Downloaded sap_java_buildpack_jakarta_2_51 (STDOUT, STG)#
#2026 03 05 11:48:08.591#Z#DEBUG#0066f6cb-1889-11f1-a16f-eeee0a90b015.c25c385-2-approuter#flowable-async-job-executor-thread-712#
[PollStageAppStatusExecution] a5c869df-1334-45d0-87fb-b2433d952c83 [2026-03-05T11:45:09.488912] Downloaded sap_java_buildpack_jakarta (STDOUT, STG)#
#2026 03 05 11:48:08.591#Z#DEBUG#0066f6cb-1889-11f1-a16f-eeee0a90b015.c25c385-2-approuter#flowable-async-job-executor-thread-712#
[PollStageAppStatusExecution] a5c869df-1334-45d0-87fb-b2433d952c83 [2026-03-05T11:45:09.489275] Downloaded binary_buildpack (STDOUT, STG)#
#2026 03 05 11:48:08.591#Z#DEBUG#0066f6cb-1889-11f1-a16f-eeee0a90b015.c25c385-2-approuter#flowable-async-job-executor-thread-712#
[PollStageAppStatusExecution] a5c869df-1334-45d0-87fb-b2433d952c83 [2026-03-05T11:45:09.489322] Cell 77283d80-dfa7-40ba-ba4e-265aef112085 creating container for instance ab656904-4d00-41b2-a95d-c51e46228155 (STDOUT, STG)#
#2026 03 05 11:48:08.591#Z#DEBUG#0066f6cb-1889-11f1-a16f-eeee0a90b015.c25c385-2-approuter#flowable-async-job-executor-thread-712#
[PollStageAppStatusExecution] a5c869df-1334-45d0-87fb-b2433d952c83 [2026-03-05T11:45:09.997127] Security group rules were updated (STDOUT, STG)#
#2026 03 05 11:48:08.591#Z#DEBUG#0066f6cb-1889-11f1-a16f-eeee0a90b015.c25c385-2-approuter#flowable-async-job-executor-thread-712#
[PollStageAppStatusExecution] a5c869df-1334-45d0-87fb-b2433d952c83 [2026-03-05T11:45:10.055451] Cell 77283d80-dfa7-40ba-ba4e-265aef112085 successfully created container for instance ab656904-4d00-41b2-a95d-c51e46228155 (STDOUT, STG)#
#2026 03 05 11:48:08.591#Z#DEBUG#0066f6cb-1889-11f1-a16f-eeee0a90b015.c25c385-2-approuter#flowable-async-job-executor-thread-712#
[PollStageAppStatusExecution] a5c869df-1334-45d0-87fb-b2433d952c83 [2026-03-05T11:45:10.416403] Downloading app package... (STDOUT, STG)#
#2026 03 05 11:48:08.591#Z#DEBUG#0066f6cb-1889-11f1-a16f-eeee0a90b015.c25c385-2-approuter#flowable-async-job-executor-thread-712#
[PollStageAppStatusExecution] a5c869df-1334-45d0-87fb-b2433d952c83 [2026-03-05T11:45:11.333636] Downloaded app package (7.7M) (STDOUT, STG)#
#2026 03 05 11:48:08.591#Z#DEBUG#0066f6cb-1889-11f1-a16f-eeee0a90b015.c25c385-2-approuter#flowable-async-job-executor-thread-712#
[PollStageAppStatusExecution] a5c869df-1334-45d0-87fb-b2433d952c83 [2026-03-05T11:45:11.882685] -----> Nodejs Buildpack version 1.8.41 (STDOUT, STG)#
#2026 03 05 11:48:08.591#Z#DEBUG#0066f6cb-1889-11f1-a16f-eeee0a90b015.c25c385-2-approuter#flowable-async-job-executor-thread-712#
[PollStageAppStatusExecution] a5c869df-1334-45d0-87fb-b2433d952c83 [2026-03-05T11:45:12.186781] -----> Bootstrapping python (STDOUT, STG)#
#2026 03 05 11:48:08.591#Z#DEBUG#0066f6cb-1889-11f1-a16f-eeee0a90b015.c25c385-2-approuter#flowable-async-job-executor-thread-712#
[PollStageAppStatusExecution] a5c869df-1334-45d0-87fb-b2433d952c83 [2026-03-05T11:45:12.186806] -----> Installing python 3.11.14 (STDOUT, STG)#
#2026 03 05 11:48:08.591#Z#DEBUG#0066f6cb-1889-11f1-a16f-eeee0a90b015.c25c385-2-approuter#flowable-async-job-executor-thread-712#
[PollStageAppStatusExecution] a5c869df-1334-45d0-87fb-b2433d952c83 [2026-03-05T11:45:12.186904] Copy [/tmp/buildpacks/dfa36c7d15e4ae2c/dependencies/c334a3cd7ccf4e78ab45ef5e33dcd936/python_3.11.14_linux_x64_cflinuxfs4_5d0a9d8b.tgz] (STDOUT, STG)#
#2026 03 05 11:48:08.591#Z#DEBUG#0066f6cb-1889-11f1-a16f-eeee0a90b015.c25c385-2-approuter#flowable-async-job-executor-thread-712#
[PollStageAppStatusExecution] a5c869df-1334-45d0-87fb-b2433d952c83 [2026-03-05T11:45:15.519203] -----> Installing binaries (STDOUT, STG)#
#2026 03 05 11:48:08.591#Z#DEBUG#0066f6cb-1889-11f1-a16f-eeee0a90b015.c25c385-2-approuter#flowable-async-job-executor-thread-712#
[PollStageAppStatusExecution] a5c869df-1334-45d0-87fb-b2433d952c83 [2026-03-05T11:45:15.519500] engines.node (package.json): ^16.0.0 || ^18.0.0 (STDOUT, STG)#
#2026 03 05 11:48:08.591#Z#DEBUG#0066f6cb-1889-11f1-a16f-eeee0a90b015.c25c385-2-approuter#flowable-async-job-executor-thread-712#
[PollStageAppStatusExecution] a5c869df-1334-45d0-87fb-b2433d952c83 [2026-03-05T11:45:15.519525] engines.npm (package.json): unspecified (use default) (STDOUT, STG)#
#2026 03 05 11:48:08.591#Z#DEBUG#0066f6cb-1889-11f1-a16f-eeee0a90b015.c25c385-2-approuter#flowable-async-job-executor-thread-712#
[PollStageAppStatusExecution] a5c869df-1334-45d0-87fb-b2433d952c83 [2026-03-05T11:45:15.519529] [31;1m**ERROR**[0m Unable to install node: no match found for ^16.0.0 || ^18.0.0 in [20.19.3 20.19.5 22.20.0 22.21.1 24.3.0 24.10.0] (STDOUT, STG)#
#2026 03 05 11:48:08.591#Z#DEBUG#0066f6cb-1889-11f1-a16f-eeee0a90b015.c25c385-2-approuter#flowable-async-job-executor-thread-712#
[PollStageAppStatusExecution] a5c869df-1334-45d0-87fb-b2433d952c83 [2026-03-05T11:45:15.521515] Failed to compile droplet: Failed to run all supply scripts: exit status 14 (STDERR, STG)#
#2026 03 05 11:48:08.591#Z#DEBUG#0066f6cb-1889-11f1-a16f-eeee0a90b015.c25c385-2-approuter#flowable-async-job-executor-thread-712#
[PollStageAppStatusExecution] a5c869df-1334-45d0-87fb-b2433d952c83 [2026-03-05T11:45:15.528152] Exit status 223 (STDOUT, STG)#
#2026 03 05 11:48:08.591#Z#DEBUG#0066f6cb-1889-11f1-a16f-eeee0a90b015.c25c385-2-approuter#flowable-async-job-executor-thread-712#
[PollStageAppStatusExecution] a5c869df-1334-45d0-87fb-b2433d952c83 [2026-03-05T11:45:16.025543] Cell 77283d80-dfa7-40ba-ba4e-265aef112085 stopping instance ab656904-4d00-41b2-a95d-c51e46228155 (STDOUT, STG)#
#2026 03 05 11:48:08.591#Z#DEBUG#0066f6cb-1889-11f1-a16f-eeee0a90b015.c25c385-2-approuter#flowable-async-job-executor-thread-712#
[PollStageAppStatusExecution] a5c869df-1334-45d0-87fb-b2433d952c83 [2026-03-05T11:45:16.025603] Cell 77283d80-dfa7-40ba-ba4e-265aef112085 destroying container for instance ab656904-4d00-41b2-a95d-c51e46228155 (STDOUT, STG)#
#2026 03 05 11:48:08.591#Z#DEBUG#0066f6cb-1889-11f1-a16f-eeee0a90b015.c25c385-2-approuter#flowable-async-job-executor-thread-712#
[PollStageAppStatusExecution] a5c869df-1334-45d0-87fb-b2433d952c83 [2026-03-05T11:45:16.061922] Failed to stage build: staging failed (STDERR, API)#
#2026 03 05 11:48:08.591#Z#DEBUG#0066f6cb-1889-11f1-a16f-eeee0a90b015.c25c385-2-approuter#flowable-async-job-executor-thread-712#
[PollStageAppStatusExecution] a5c869df-1334-45d0-87fb-b2433d952c83 [2026-03-05T11:45:18.008734] Cell 77283d80-dfa7-40ba-ba4e-265aef112085 successfully destroyed container for instance ab656904-4d00-41b2-a95d-c51e46228155 (STDOUT, STG)#
#2026 03 05 11:48:08.591#Z#DEBUG#0066f6cb-1889-11f1-a16f-eeee0a90b015.c25c385-2-approuter#flowable-async-job-executor-thread-712#
[PollStageAppStatusExecution] a5c869df-1334-45d0-87fb-b2433d952c83 [2026-03-05T11:47:10.676496] Updated app with guid a5c869df-1334-45d0-87fb-b2433d952c83 ({"lifecycle"=>{"data"=>{"buildpacks"=>[]}, "type"=>"buildpack"}}) (STDOUT, API)#
#2026 03 05 11:48:08.591#Z#DEBUG#0066f6cb-1889-11f1-a16f-eeee0a90b015.c25c385-2-approuter#flowable-async-job-executor-thread-712#
[PollStageAppStatusExecution] a5c869df-1334-45d0-87fb-b2433d952c83 [2026-03-05T11:47:10.787143] Updating process: "web" (STDOUT, API)#
#2026 03 05 11:48:08.591#Z#DEBUG#0066f6cb-1889-11f1-a16f-eeee0a90b015.c25c385-2-approuter#flowable-async-job-executor-thread-712#
[PollStageAppStatusExecution] a5c869df-1334-45d0-87fb-b2433d952c83 [2026-03-05T11:47:48.563018] Uploading app package for app with guid a5c869df-1334-45d0-87fb-b2433d952c83 (STDOUT, API)#
#2026 03 05 11:48:08.591#Z#DEBUG#0066f6cb-1889-11f1-a16f-eeee0a90b015.c25c385-2-approuter#flowable-async-job-executor-thread-712#
[PollStageAppStatusExecution] a5c869df-1334-45d0-87fb-b2433d952c83 [2026-03-05T11:47:48.774294] Updated app with guid a5c869df-1334-45d0-87fb-b2433d952c83 ({"environment_variables"=>"[PRIVATE DATA HIDDEN]"}) (STDOUT, API)#
#2026 03 05 11:48:08.591#Z#DEBUG#0066f6cb-1889-11f1-a16f-eeee0a90b015.c25c385-2-approuter#flowable-async-job-executor-thread-712#
[PollStageAppStatusExecution] a5c869df-1334-45d0-87fb-b2433d952c83 [2026-03-05T11:47:59.435437] Creating build for app with guid a5c869df-1334-45d0-87fb-b2433d952c83 (STDOUT, API)#
#2026 03 05 11:48:08.591#Z#DEBUG#0066f6cb-1889-11f1-a16f-eeee0a90b015.c25c385-2-approuter#flowable-async-job-executor-thread-712#
[PollStageAppStatusExecution] a5c869df-1334-45d0-87fb-b2433d952c83 [2026-03-05T11:48:00.201813] Downloading zero_trust_sidecar_buildpack_1_15... (STDOUT, STG)#
#2026 03 05 11:48:08.591#Z#DEBUG#0066f6cb-1889-11f1-a16f-eeee0a90b015.c25c385-2-approuter#flowable-async-job-executor-thread-712#
[PollStageAppStatusExecution] a5c869df-1334-45d0-87fb-b2433d952c83 [2026-03-05T11:48:00.201835] Downloading python_buildpack... (STDOUT, STG)#
#2026 03 05 11:48:08.591#Z#DEBUG#0066f6cb-1889-11f1-a16f-eeee0a90b015.c25c385-2-approuter#flowable-async-job-executor-thread-712#
[PollStageAppStatusExecution] a5c869df-1334-45d0-87fb-b2433d952c83 [2026-03-05T11:48:00.201852] Downloading sap_java_buildpack_jakarta_2_51... (STDOUT, STG)#
#2026 03 05 11:48:08.591#Z#DEBUG#0066f6cb-1889-11f1-a16f-eeee0a90b015.c25c385-2-approuter#flowable-async-job-executor-thread-712#
[PollStageAppStatusExecution] a5c869df-1334-45d0-87fb-b2433d952c83 [2026-03-05T11:48:00.201931] Downloading zero_trust_sidecar_buildpack_1_14... (STDOUT, STG)#
#2026 03 05 11:48:08.591#Z#DEBUG#0066f6cb-1889-11f1-a16f-eeee0a90b015.c25c385-2-approuter#flowable-async-job-executor-thread-712#
[PollStageAppStatusExecution] a5c869df-1334-45d0-87fb-b2433d952c83 [2026-03-05T11:48:00.201932] Downloading sap_java_buildpack_jakarta_2_50... (STDOUT, STG)#
#2026 03 05 11:48:08.591#Z#DEBUG#0066f6cb-1889-11f1-a16f-eeee0a90b015.c25c385-2-approuter#flowable-async-job-executor-thread-712#
[PollStageAppStatusExecution] a5c869df-1334-45d0-87fb-b2433d952c83 [2026-03-05T11:48:00.239268] Downloaded zero_trust_sidecar_buildpack_1_14 (STDOUT, STG)#
#2026 03 05 11:48:08.591#Z#DEBUG#0066f6cb-1889-11f1-a16f-eeee0a90b015.c25c385-2-approuter#flowable-async-job-executor-thread-712#
[PollStageAppStatusExecution] a5c869df-1334-45d0-87fb-b2433d952c83 [2026-03-05T11:48:00.239288] Downloading php_buildpack... (STDOUT, STG)#
#2026 03 05 11:48:08.591#Z#DEBUG#0066f6cb-1889-11f1-a16f-eeee0a90b015.c25c385-2-approuter#flowable-async-job-executor-thread-712#
[PollStageAppStatusExecution] a5c869df-1334-45d0-87fb-b2433d952c83 [2026-03-05T11:48:00.246793] Downloaded sap_java_buildpack_jakarta_2_51 (STDOUT, STG)#
#2026 03 05 11:48:08.591#Z#DEBUG#0066f6cb-1889-11f1-a16f-eeee0a90b015.c25c385-2-approuter#flowable-async-job-executor-thread-712#
[PollStageAppStatusExecution] a5c869df-1334-45d0-87fb-b2433d952c83 [2026-03-05T11:48:00.246819] Downloading nginx_buildpack... (STDOUT, STG)#
#2026 03 05 11:48:08.591#Z#DEBUG#0066f6cb-1889-11f1-a16f-eeee0a90b015.c25c385-2-approuter#flowable-async-job-executor-thread-712#
[PollStageAppStatusExecution] a5c869df-1334-45d0-87fb-b2433d952c83 [2026-03-05T11:48:00.246839] Downloaded sap_java_buildpack_jakarta_2_50 (STDOUT, STG)#
#2026 03 05 11:48:08.591#Z#DEBUG#0066f6cb-1889-11f1-a16f-eeee0a90b015.c25c385-2-approuter#flowable-async-job-executor-thread-712#
[PollStageAppStatusExecution] a5c869df-1334-45d0-87fb-b2433d952c83 [2026-03-05T11:48:00.246859] Downloading binary_buildpack... (STDOUT, STG)#
#2026 03 05 11:48:08.591#Z#DEBUG#0066f6cb-1889-11f1-a16f-eeee0a90b015.c25c385-2-approuter#flowable-async-job-executor-thread-712#
[PollStageAppStatusExecution] a5c869df-1334-45d0-87fb-b2433d952c83 [2026-03-05T11:48:00.246868] Downloaded python_buildpack (STDOUT, STG)#
#2026 03 05 11:48:08.591#Z#DEBUG#0066f6cb-1889-11f1-a16f-eeee0a90b015.c25c385-2-approuter#flowable-async-job-executor-thread-712#
[PollStageAppStatusExecution] a5c869df-1334-45d0-87fb-b2433d952c83 [2026-03-05T11:48:00.246884] Downloading sap_java_buildpack_jakarta... (STDOUT, STG)#
#2026 03 05 11:48:08.591#Z#DEBUG#0066f6cb-1889-11f1-a16f-eeee0a90b015.c25c385-2-approuter#flowable-async-job-executor-thread-712#
[PollStageAppStatusExecution] a5c869df-1334-45d0-87fb-b2433d952c83 [2026-03-05T11:48:00.252282] Downloaded zero_trust_sidecar_buildpack_1_15 (STDOUT, STG)#
#2026 03 05 11:48:08.591#Z#DEBUG#0066f6cb-1889-11f1-a16f-eeee0a90b015.c25c385-2-approuter#flowable-async-job-executor-thread-712#
[PollStageAppStatusExecution] a5c869df-1334-45d0-87fb-b2433d952c83 [2026-03-05T11:48:00.252299] Downloading zero_trust_sidecar_buildpack... (STDOUT, STG)#
#2026 03 05 11:48:08.591#Z#DEBUG#0066f6cb-1889-11f1-a16f-eeee0a90b015.c25c385-2-approuter#flowable-async-job-executor-thread-712#
[PollStageAppStatusExecution] a5c869df-1334-45d0-87fb-b2433d952c83 [2026-03-05T11:48:00.271101] Downloaded zero_trust_sidecar_buildpack (STDOUT, STG)#
#2026 03 05 11:48:08.591#Z#DEBUG#0066f6cb-1889-11f1-a16f-eeee0a90b015.c25c385-2-approuter#flowable-async-job-executor-thread-712#
[PollStageAppStatusExecution] a5c869df-1334-45d0-87fb-b2433d952c83 [2026-03-05T11:48:00.271122] Downloading zero_trust_sidecar_buildpack_1_13... (STDOUT, STG)#
#2026 03 05 11:48:08.591#Z#DEBUG#0066f6cb-1889-11f1-a16f-eeee0a90b015.c25c385-2-approuter#flowable-async-job-executor-thread-712#
[PollStageAppStatusExecution] a5c869df-1334-45d0-87fb-b2433d952c83 [2026-03-05T11:48:00.276401] Downloaded sap_java_buildpack_jakarta (STDOUT, STG)#
#2026 03 05 11:48:08.591#Z#DEBUG#0066f6cb-1889-11f1-a16f-eeee0a90b015.c25c385-2-approuter#flowable-async-job-executor-thread-712#
[PollStageAppStatusExecution] a5c869df-1334-45d0-87fb-b2433d952c83 [2026-03-05T11:48:00.276433] Downloading java_buildpack... (STDOUT, STG)#
#2026 03 05 11:48:08.591#Z#DEBUG#0066f6cb-1889-11f1-a16f-eeee0a90b015.c25c385-2-approuter#flowable-async-job-executor-thread-712#
[PollStageAppStatusExecution] a5c869df-1334-45d0-87fb-b2433d952c83 [2026-03-05T11:48:00.288323] Downloaded binary_buildpack (STDOUT, STG)#
#2026 03 05 11:48:08.591#Z#DEBUG#0066f6cb-1889-11f1-a16f-eeee0a90b015.c25c385-2-approuter#flowable-async-job-executor-thread-712#
[PollStageAppStatusExecution] a5c869df-1334-45d0-87fb-b2433d952c83 [2026-03-05T11:48:00.295122] Downloaded nginx_buildpack (STDOUT, STG)#
#2026 03 05 11:48:08.591#Z#DEBUG#0066f6cb-1889-11f1-a16f-eeee0a90b015.c25c385-2-approuter#flowable-async-job-executor-thread-712#
[PollStageAppStatusExecution] a5c869df-1334-45d0-87fb-b2433d952c83 [2026-03-05T11:48:00.295164] Downloading staticfile_buildpack... (STDOUT, STG)#
#2026 03 05 11:48:08.591#Z#DEBUG#0066f6cb-1889-11f1-a16f-eeee0a90b015.c25c385-2-approuter#flowable-async-job-executor-thread-712#
[PollStageAppStatusExecution] a5c869df-1334-45d0-87fb-b2433d952c83 [2026-03-05T11:48:00.296476] Downloaded php_buildpack (STDOUT, STG)#
#2026 03 05 11:48:08.591#Z#DEBUG#0066f6cb-1889-11f1-a16f-eeee0a90b015.c25c385-2-approuter#flowable-async-job-executor-thread-712#
[PollStageAppStatusExecution] a5c869df-1334-45d0-87fb-b2433d952c83 [2026-03-05T11:48:00.296491] Downloading nodejs_buildpack... (STDOUT, STG)#
#2026 03 05 11:48:08.591#Z#DEBUG#0066f6cb-1889-11f1-a16f-eeee0a90b015.c25c385-2-approuter#flowable-async-job-executor-thread-712#
[PollStageAppStatusExecution] a5c869df-1334-45d0-87fb-b2433d952c83 [2026-03-05T11:48:00.297558] Downloading go_buildpack... (STDOUT, STG)#
#2026 03 05 11:48:08.591#Z#DEBUG#0066f6cb-1889-11f1-a16f-eeee0a90b015.c25c385-2-approuter#flowable-async-job-executor-thread-712#
[PollStageAppStatusExecution] a5c869df-1334-45d0-87fb-b2433d952c83 [2026-03-05T11:48:00.315379] Downloaded zero_trust_sidecar_buildpack_1_13 (STDOUT, STG)#
#2026 03 05 11:48:08.591#Z#DEBUG#0066f6cb-1889-11f1-a16f-eeee0a90b015.c25c385-2-approuter#flowable-async-job-executor-thread-712#
[PollStageAppStatusExecution] a5c869df-1334-45d0-87fb-b2433d952c83 [2026-03-05T11:48:00.315406] Downloading sap_java_buildpack_jakarta_2_49... (STDOUT, STG)#
#2026 03 05 11:48:08.591#Z#DEBUG#0066f6cb-1889-11f1-a16f-eeee0a90b015.c25c385-2-approuter#flowable-async-job-executor-thread-712#
[PollStageAppStatusExecution] a5c869df-1334-45d0-87fb-b2433d952c83 [2026-03-05T11:48:00.318188] Downloaded java_buildpack (STDOUT, STG)#
#2026 03 05 11:48:08.591#Z#DEBUG#0066f6cb-1889-11f1-a16f-eeee0a90b015.c25c385-2-approuter#flowable-async-job-executor-thread-712#
[PollStageAppStatusExecution] a5c869df-1334-45d0-87fb-b2433d952c83 [2026-03-05T11:48:00.324216] Downloaded nodejs_buildpack (STDOUT, STG)#
#2026 03 05 11:48:08.591#Z#DEBUG#0066f6cb-1889-11f1-a16f-eeee0a90b015.c25c385-2-approuter#flowable-async-job-executor-thread-712#
[PollStageAppStatusExecution] a5c869df-1334-45d0-87fb-b2433d952c83 [2026-03-05T11:48:00.333336] Downloaded sap_java_buildpack_jakarta_2_49 (STDOUT, STG)#
#2026 03 05 11:48:08.591#Z#DEBUG#0066f6cb-1889-11f1-a16f-eeee0a90b015.c25c385-2-approuter#flowable-async-job-executor-thread-712#
[PollStageAppStatusExecution] a5c869df-1334-45d0-87fb-b2433d952c83 [2026-03-05T11:48:00.338834] Downloaded go_buildpack (STDOUT, STG)#
#2026 03 05 11:48:08.591#Z#DEBUG#0066f6cb-1889-11f1-a16f-eeee0a90b015.c25c385-2-approuter#flowable-async-job-executor-thread-712#
[PollStageAppStatusExecution] a5c869df-1334-45d0-87fb-b2433d952c83 [2026-03-05T11:48:00.339040] Downloaded staticfile_buildpack (STDOUT, STG)#
#2026 03 05 11:48:08.591#Z#DEBUG#0066f6cb-1889-11f1-a16f-eeee0a90b015.c25c385-2-approuter#flowable-async-job-executor-thread-712#
[PollStageAppStatusExecution] a5c869df-1334-45d0-87fb-b2433d952c83 [2026-03-05T11:48:00.339090] Cell c839c7b1-088e-41af-b9b7-66256aacd457 creating container for instance eb663874-c29c-46a2-a80d-e017b1c9aba1 (STDOUT, STG)#
#2026 03 05 11:48:08.591#Z#DEBUG#0066f6cb-1889-11f1-a16f-eeee0a90b015.c25c385-2-approuter#flowable-async-job-executor-thread-712#
[PollStageAppStatusExecution] a5c869df-1334-45d0-87fb-b2433d952c83 [2026-03-05T11:48:00.784482] Security group rules were updated (STDOUT, STG)#
#2026 03 05 11:48:08.591#Z#DEBUG#0066f6cb-1889-11f1-a16f-eeee0a90b015.c25c385-2-approuter#flowable-async-job-executor-thread-712#
[PollStageAppStatusExecution] a5c869df-1334-45d0-87fb-b2433d952c83 [2026-03-05T11:48:00.853263] Cell c839c7b1-088e-41af-b9b7-66256aacd457 successfully created container for instance eb663874-c29c-46a2-a80d-e017b1c9aba1 (STDOUT, STG)#
#2026 03 05 11:48:08.591#Z#DEBUG#0066f6cb-1889-11f1-a16f-eeee0a90b015.c25c385-2-approuter#flowable-async-job-executor-thread-712#
[PollStageAppStatusExecution] a5c869df-1334-45d0-87fb-b2433d952c83 [2026-03-05T11:48:01.087553] Downloading app package... (STDOUT, STG)#
#2026 03 05 11:48:08.591#Z#DEBUG#0066f6cb-1889-11f1-a16f-eeee0a90b015.c25c385-2-approuter#flowable-async-job-executor-thread-712#
[PollStageAppStatusExecution] a5c869df-1334-45d0-87fb-b2433d952c83 [2026-03-05T11:48:01.995977] Downloaded app package (7.7M) (STDOUT, STG)#
#2026 03 05 11:48:08.591#Z#DEBUG#0066f6cb-1889-11f1-a16f-eeee0a90b015.c25c385-2-approuter#flowable-async-job-executor-thread-712#
[PollStageAppStatusExecution] a5c869df-1334-45d0-87fb-b2433d952c83 [2026-03-05T11:48:02.527739] -----> Nodejs Buildpack version 1.8.41 (STDOUT, STG)#
#2026 03 05 11:48:08.591#Z#DEBUG#0066f6cb-1889-11f1-a16f-eeee0a90b015.c25c385-2-approuter#flowable-async-job-executor-thread-712#
[PollStageAppStatusExecution] a5c869df-1334-45d0-87fb-b2433d952c83 [2026-03-05T11:48:02.820168] -----> Bootstrapping python (STDOUT, STG)#
#2026 03 05 11:48:08.591#Z#DEBUG#0066f6cb-1889-11f1-a16f-eeee0a90b015.c25c385-2-approuter#flowable-async-job-executor-thread-712#
[PollStageAppStatusExecution] a5c869df-1334-45d0-87fb-b2433d952c83 [2026-03-05T11:48:02.820346] -----> Installing python 3.11.14 (STDOUT, STG)#
#2026 03 05 11:48:08.591#Z#DEBUG#0066f6cb-1889-11f1-a16f-eeee0a90b015.c25c385-2-approuter#flowable-async-job-executor-thread-712#
[PollStageAppStatusExecution] a5c869df-1334-45d0-87fb-b2433d952c83 [2026-03-05T11:48:02.820406] Copy [/tmp/buildpacks/dfa36c7d15e4ae2c/dependencies/c334a3cd7ccf4e78ab45ef5e33dcd936/python_3.11.14_linux_x64_cflinuxfs4_5d0a9d8b.tgz] (STDOUT, STG)#
#2026 03 05 11:48:08.591#Z#DEBUG#0066f6cb-1889-11f1-a16f-eeee0a90b015.c25c385-2-approuter#flowable-async-job-executor-thread-712#
[PollStageAppStatusExecution] a5c869df-1334-45d0-87fb-b2433d952c83 [2026-03-05T11:48:05.808733] -----> Installing binaries (STDOUT, STG)#
#2026 03 05 11:48:08.591#Z#DEBUG#0066f6cb-1889-11f1-a16f-eeee0a90b015.c25c385-2-approuter#flowable-async-job-executor-thread-712#
[PollStageAppStatusExecution] a5c869df-1334-45d0-87fb-b2433d952c83 [2026-03-05T11:48:05.808867] engines.node (package.json): ^16.0.0 || ^18.0.0 (STDOUT, STG)#
#2026 03 05 11:48:08.591#Z#DEBUG#0066f6cb-1889-11f1-a16f-eeee0a90b015.c25c385-2-approuter#flowable-async-job-executor-thread-712#
[PollStageAppStatusExecution] a5c869df-1334-45d0-87fb-b2433d952c83 [2026-03-05T11:48:05.808885] engines.npm (package.json): unspecified (use default) (STDOUT, STG)#
#2026 03 05 11:48:08.591#Z#DEBUG#0066f6cb-1889-11f1-a16f-eeee0a90b015.c25c385-2-approuter#flowable-async-job-executor-thread-712#
[PollStageAppStatusExecution] a5c869df-1334-45d0-87fb-b2433d952c83 [2026-03-05T11:48:05.809003] [31;1m**ERROR**[0m Unable to install node: no match found for ^16.0.0 || ^18.0.0 in [20.19.3 20.19.5 22.20.0 22.21.1 24.3.0 24.10.0] (STDOUT, STG)#
#2026 03 05 11:48:08.591#Z#DEBUG#0066f6cb-1889-11f1-a16f-eeee0a90b015.c25c385-2-approuter#flowable-async-job-executor-thread-712#
[PollStageAppStatusExecution] a5c869df-1334-45d0-87fb-b2433d952c83 [2026-03-05T11:48:05.811332] Failed to compile droplet: Failed to run all supply scripts: exit status 14 (STDERR, STG)#
#2026 03 05 11:48:08.591#Z#DEBUG#0066f6cb-1889-11f1-a16f-eeee0a90b015.c25c385-2-approuter#flowable-async-job-executor-thread-712#
[PollStageAppStatusExecution] a5c869df-1334-45d0-87fb-b2433d952c83 [2026-03-05T11:48:05.818497] Exit status 223 (STDOUT, STG)#
#2026 03 05 11:48:08.591#Z#DEBUG#0066f6cb-1889-11f1-a16f-eeee0a90b015.c25c385-2-approuter#flowable-async-job-executor-thread-712#
[PollStageAppStatusExecution] a5c869df-1334-45d0-87fb-b2433d952c83 [2026-03-05T11:48:05.924187] Cell c839c7b1-088e-41af-b9b7-66256aacd457 stopping instance eb663874-c29c-46a2-a80d-e017b1c9aba1 (STDOUT, STG)#
#2026 03 05 11:48:08.591#Z#DEBUG#0066f6cb-1889-11f1-a16f-eeee0a90b015.c25c385-2-approuter#flowable-async-job-executor-thread-712#
[PollStageAppStatusExecution] a5c869df-1334-45d0-87fb-b2433d952c83 [2026-03-05T11:48:05.924226] Cell c839c7b1-088e-41af-b9b7-66256aacd457 destroying container for instance eb663874-c29c-46a2-a80d-e017b1c9aba1 (STDOUT, STG)#
#2026 03 05 11:48:08.591#Z#DEBUG#0066f6cb-1889-11f1-a16f-eeee0a90b015.c25c385-2-approuter#flowable-async-job-executor-thread-712#
[PollStageAppStatusExecution] a5c869df-1334-45d0-87fb-b2433d952c83 [2026-03-05T11:48:05.965030] Failed to stage build: staging failed (STDERR, API)#
#2026 03 05 11:48:18.720#Z#DEBUG#0066f6cb-1889-11f1-a16f-eeee0a90b015.c25c385-2-approuter#flowable-async-job-executor-thread-715#
[PollStageAppStatusExecution] a5c869df-1334-45d0-87fb-b2433d952c83 [2026-03-05T11:36:36.934200] Updated app with guid a5c869df-1334-45d0-87fb-b2433d952c83 ({"lifecycle"=>{"data"=>{"buildpacks"=>[]}, "type"=>"buildpack"}}) (STDOUT, API)#
#2026 03 05 11:48:18.720#Z#DEBUG#0066f6cb-1889-11f1-a16f-eeee0a90b015.c25c385-2-approuter#flowable-async-job-executor-thread-715#
[PollStageAppStatusExecution] a5c869df-1334-45d0-87fb-b2433d952c83 [2026-03-05T11:36:37.027435] Updating process: "web" (STDOUT, API)#
#2026 03 05 11:48:18.720#Z#DEBUG#0066f6cb-1889-11f1-a16f-eeee0a90b015.c25c385-2-approuter#flowable-async-job-executor-thread-715#
[PollStageAppStatusExecution] a5c869df-1334-45d0-87fb-b2433d952c83 [2026-03-05T11:37:14.749995] Uploading app package for app with guid a5c869df-1334-45d0-87fb-b2433d952c83 (STDOUT, API)#
#2026 03 05 11:48:18.720#Z#DEBUG#0066f6cb-1889-11f1-a16f-eeee0a90b015.c25c385-2-approuter#flowable-async-job-executor-thread-715#
[PollStageAppStatusExecution] a5c869df-1334-45d0-87fb-b2433d952c83 [2026-03-05T11:37:25.174541] Creating build for app with guid a5c869df-1334-45d0-87fb-b2433d952c83 (STDOUT, API)#
#2026 03 05 11:48:18.720#Z#DEBUG#0066f6cb-1889-11f1-a16f-eeee0a90b015.c25c385-2-approuter#flowable-async-job-executor-thread-715#
[PollStageAppStatusExecution] a5c869df-1334-45d0-87fb-b2433d952c83 [2026-03-05T11:37:25.712295] Downloading zero_trust_sidecar_buildpack_1_15... (STDOUT, STG)#
#2026 03 05 11:48:18.720#Z#DEBUG#0066f6cb-1889-11f1-a16f-eeee0a90b015.c25c385-2-approuter#flowable-async-job-executor-thread-715#
[PollStageAppStatusExecution] a5c869df-1334-45d0-87fb-b2433d952c83 [2026-03-05T11:37:25.712306] Downloading java_buildpack... (STDOUT, STG)#
#2026 03 05 11:48:18.720#Z#DEBUG#0066f6cb-1889-11f1-a16f-eeee0a90b015.c25c385-2-approuter#flowable-async-job-executor-thread-715#
[PollStageAppStatusExecution] a5c869df-1334-45d0-87fb-b2433d952c83 [2026-03-05T11:37:25.712370] Downloading sap_java_buildpack_jakarta... (STDOUT, STG)#
#2026 03 05 11:48:18.720#Z#DEBUG#0066f6cb-1889-11f1-a16f-eeee0a90b015.c25c385-2-approuter#flowable-async-job-executor-thread-715#
[PollStageAppStatusExecution] a5c869df-1334-45d0-87fb-b2433d952c83 [2026-03-05T11:37:25.712402] Downloading staticfile_buildpack... (STDOUT, STG)#
#2026 03 05 11:48:18.720#Z#DEBUG#0066f6cb-1889-11f1-a16f-eeee0a90b015.c25c385-2-approuter#flowable-async-job-executor-thread-715#
[PollStageAppStatusExecution] a5c869df-1334-45d0-87fb-b2433d952c83 [2026-03-05T11:37:25.721332] Downloading nodejs_buildpack... (STDOUT, STG)#
#2026 03 05 11:48:18.720#Z#DEBUG#0066f6cb-1889-11f1-a16f-eeee0a90b015.c25c385-2-approuter#flowable-async-job-executor-thread-715#
[PollStageAppStatusExecution] a5c869df-1334-45d0-87fb-b2433d952c83 [2026-03-05T11:37:25.743935] Downloaded sap_java_buildpack_jakarta (STDOUT, STG)#
#2026 03 05 11:48:18.720#Z#DEBUG#0066f6cb-1889-11f1-a16f-eeee0a90b015.c25c385-2-approuter#flowable-async-job-executor-thread-715#
[PollStageAppStatusExecution] a5c869df-1334-45d0-87fb-b2433d952c83 [2026-03-05T11:37:25.743967] Downloading go_buildpack... (STDOUT, STG)#
#2026 03 05 11:48:18.720#Z#DEBUG#0066f6cb-1889-11f1-a16f-eeee0a90b015.c25c385-2-approuter#flowable-async-job-executor-thread-715#
[PollStageAppStatusExecution] a5c869df-1334-45d0-87fb-b2433d952c83 [2026-03-05T11:37:25.758837] Downloaded zero_trust_sidecar_buildpack_1_15 (STDOUT, STG)#
#2026 03 05 11:48:18.720#Z#DEBUG#0066f6cb-1889-11f1-a16f-eeee0a90b015.c25c385-2-approuter#flowable-async-job-executor-thread-715#
[PollStageAppStatusExecution] a5c869df-1334-45d0-87fb-b2433d952c83 [2026-03-05T11:37:25.758896] Downloading python_buildpack... (STDOUT, STG)#
#2026 03 05 11:48:18.720#Z#DEBUG#0066f6cb-1889-11f1-a16f-eeee0a90b015.c25c385-2-approuter#flowable-async-job-executor-thread-715#
[PollStageAppStatusExecution] a5c869df-1334-45d0-87fb-b2433d952c83 [2026-03-05T11:37:25.759135] Downloaded java_buildpack (STDOUT, STG)#
#2026 03 05 11:48:18.720#Z#DEBUG#0066f6cb-1889-11f1-a16f-eeee0a90b015.c25c385-2-approuter#flowable-async-job-executor-thread-715#
[PollStageAppStatusExecution] a5c869df-1334-45d0-87fb-b2433d952c83 [2026-03-05T11:37:25.759181] Downloading php_buildpack... (STDOUT, STG)#
#2026 03 05 11:48:18.720#Z#DEBUG#0066f6cb-1889-11f1-a16f-eeee0a90b015.c25c385-2-approuter#flowable-async-job-executor-thread-715#
[PollStageAppStatusExecution] a5c869df-1334-45d0-87fb-b2433d952c83 [2026-03-05T11:37:25.767466] Downloaded go_buildpack (STDOUT, STG)#
#2026 03 05 11:48:18.720#Z#DEBUG#0066f6cb-1889-11f1-a16f-eeee0a90b015.c25c385-2-approuter#flowable-async-job-executor-thread-715#
[PollStageAppStatusExecution] a5c869df-1334-45d0-87fb-b2433d952c83 [2026-03-05T11:37:25.767504] Downloading nginx_buildpack... (STDOUT, STG)#
#2026 03 05 11:48:18.720#Z#DEBUG#0066f6cb-1889-11f1-a16f-eeee0a90b015.c25c385-2-approuter#flowable-async-job-executor-thread-715#
[PollStageAppStatusExecution] a5c869df-1334-45d0-87fb-b2433d952c83 [2026-03-05T11:37:25.767521] Downloaded staticfile_buildpack (STDOUT, STG)#
#2026 03 05 11:48:18.720#Z#DEBUG#0066f6cb-1889-11f1-a16f-eeee0a90b015.c25c385-2-approuter#flowable-async-job-executor-thread-715#
[PollStageAppStatusExecution] a5c869df-1334-45d0-87fb-b2433d952c83 [2026-03-05T11:37:25.767541] Downloading binary_buildpack... (STDOUT, STG)#
#2026 03 05 11:48:18.720#Z#DEBUG#0066f6cb-1889-11f1-a16f-eeee0a90b015.c25c385-2-approuter#flowable-async-job-executor-thread-715#
[PollStageAppStatusExecution] a5c869df-1334-45d0-87fb-b2433d952c83 [2026-03-05T11:37:25.772468] Downloaded nodejs_buildpack (STDOUT, STG)#
#2026 03 05 11:48:18.720#Z#DEBUG#0066f6cb-1889-11f1-a16f-eeee0a90b015.c25c385-2-approuter#flowable-async-job-executor-thread-715#
[PollStageAppStatusExecution] a5c869df-1334-45d0-87fb-b2433d952c83 [2026-03-05T11:37:25.772484] Downloading sap_java_buildpack_jakarta_2_51... (STDOUT, STG)#
#2026 03 05 11:48:18.720#Z#DEBUG#0066f6cb-1889-11f1-a16f-eeee0a90b015.c25c385-2-approuter#flowable-async-job-executor-thread-715#
[PollStageAppStatusExecution] a5c869df-1334-45d0-87fb-b2433d952c83 [2026-03-05T11:37:25.804278] Downloaded python_buildpack (STDOUT, STG)#
#2026 03 05 11:48:18.720#Z#DEBUG#0066f6cb-1889-11f1-a16f-eeee0a90b015.c25c385-2-approuter#flowable-async-job-executor-thread-715#
[PollStageAppStatusExecution] a5c869df-1334-45d0-87fb-b2433d952c83 [2026-03-05T11:37:25.804338] Downloading sap_java_buildpack_jakarta_2_50... (STDOUT, STG)#
#2026 03 05 11:48:18.720#Z#DEBUG#0066f6cb-1889-11f1-a16f-eeee0a90b015.c25c385-2-approuter#flowable-async-job-executor-thread-715#
[PollStageAppStatusExecution] a5c869df-1334-45d0-87fb-b2433d952c83 [2026-03-05T11:37:25.806595] Downloaded php_buildpack (STDOUT, STG)#
#2026 03 05 11:48:18.720#Z#DEBUG#0066f6cb-1889-11f1-a16f-eeee0a90b015.c25c385-2-approuter#flowable-async-job-executor-thread-715#
[PollStageAppStatusExecution] a5c869df-1334-45d0-87fb-b2433d952c83 [2026-03-05T11:37:25.806610] Downloading zero_trust_sidecar_buildpack_1_13... (STDOUT, STG)#
#2026 03 05 11:48:18.720#Z#DEBUG#0066f6cb-1889-11f1-a16f-eeee0a90b015.c25c385-2-approuter#flowable-async-job-executor-thread-715#
[PollStageAppStatusExecution] a5c869df-1334-45d0-87fb-b2433d952c83 [2026-03-05T11:37:25.807902] Downloaded binary_buildpack (STDOUT, STG)#
#2026 03 05 11:48:18.720#Z#DEBUG#0066f6cb-1889-11f1-a16f-eeee0a90b015.c25c385-2-approuter#flowable-async-job-executor-thread-715#
[PollStageAppStatusExecution] a5c869df-1334-45d0-87fb-b2433d952c83 [2026-03-05T11:37:25.807921] Downloading zero_trust_sidecar_buildpack_1_14... (STDOUT, STG)#
#2026 03 05 11:48:18.720#Z#DEBUG#0066f6cb-1889-11f1-a16f-eeee0a90b015.c25c385-2-approuter#flowable-async-job-executor-thread-715#
[PollStageAppStatusExecution] a5c869df-1334-45d0-87fb-b2433d952c83 [2026-03-05T11:37:25.813455] Downloaded sap_java_buildpack_jakarta_2_51 (STDOUT, STG)#
#2026 03 05 11:48:18.720#Z#DEBUG#0066f6cb-1889-11f1-a16f-eeee0a90b015.c25c385-2-approuter#flowable-async-job-executor-thread-715#
[PollStageAppStatusExecution] a5c869df-1334-45d0-87fb-b2433d952c83 [2026-03-05T11:37:25.813472] Downloading zero_trust_sidecar_buildpack... (STDOUT, STG)#
#2026 03 05 11:48:18.720#Z#DEBUG#0066f6cb-1889-11f1-a16f-eeee0a90b015.c25c385-2-approuter#flowable-async-job-executor-thread-715#
[PollStageAppStatusExecution] a5c869df-1334-45d0-87fb-b2433d952c83 [2026-03-05T11:37:25.836721] Downloaded nginx_buildpack (STDOUT, STG)#
#2026 03 05 11:48:18.720#Z#DEBUG#0066f6cb-1889-11f1-a16f-eeee0a90b015.c25c385-2-approuter#flowable-async-job-executor-thread-715#
[PollStageAppStatusExecution] a5c869df-1334-45d0-87fb-b2433d952c83 [2026-03-05T11:37:25.836740] Downloading sap_java_buildpack_jakarta_2_49... (STDOUT, STG)#
#2026 03 05 11:48:18.720#Z#DEBUG#0066f6cb-1889-11f1-a16f-eeee0a90b015.c25c385-2-approuter#flowable-async-job-executor-thread-715#
[PollStageAppStatusExecution] a5c869df-1334-45d0-87fb-b2433d952c83 [2026-03-05T11:37:25.845572] Downloaded zero_trust_sidecar_buildpack_1_13 (STDOUT, STG)#
#2026 03 05 11:48:18.720#Z#DEBUG#0066f6cb-1889-11f1-a16f-eeee0a90b015.c25c385-2-approuter#flowable-async-job-executor-thread-715#
[PollStageAppStatusExecution] a5c869df-1334-45d0-87fb-b2433d952c83 [2026-03-05T11:37:25.849329] Downloaded sap_java_buildpack_jakarta_2_50 (STDOUT, STG)#
#2026 03 05 11:48:18.720#Z#DEBUG#0066f6cb-1889-11f1-a16f-eeee0a90b015.c25c385-2-approuter#flowable-async-job-executor-thread-715#
[PollStageAppStatusExecution] a5c869df-1334-45d0-87fb-b2433d952c83 [2026-03-05T11:37:25.851526] Downloaded zero_trust_sidecar_buildpack (STDOUT, STG)#
#2026 03 05 11:48:18.720#Z#DEBUG#0066f6cb-1889-11f1-a16f-eeee0a90b015.c25c385-2-approuter#flowable-async-job-executor-thread-715#
[PollStageAppStatusExecution] a5c869df-1334-45d0-87fb-b2433d952c83 [2026-03-05T11:37:25.855142] Downloaded sap_java_buildpack_jakarta_2_49 (STDOUT, STG)#
#2026 03 05 11:48:18.720#Z#DEBUG#0066f6cb-1889-11f1-a16f-eeee0a90b015.c25c385-2-approuter#flowable-async-job-executor-thread-715#
[PollStageAppStatusExecution] a5c869df-1334-45d0-87fb-b2433d952c83 [2026-03-05T11:37:25.870624] Downloaded zero_trust_sidecar_buildpack_1_14 (STDOUT, STG)#
#2026 03 05 11:48:18.720#Z#DEBUG#0066f6cb-1889-11f1-a16f-eeee0a90b015.c25c385-2-approuter#flowable-async-job-executor-thread-715#
[PollStageAppStatusExecution] a5c869df-1334-45d0-87fb-b2433d952c83 [2026-03-05T11:37:25.870732] Cell c839c7b1-088e-41af-b9b7-66256aacd457 creating container for instance a550f7c0-39c3-464e-81b2-6e8e163be38b (STDOUT, STG)#
#2026 03 05 11:48:18.720#Z#DEBUG#0066f6cb-1889-11f1-a16f-eeee0a90b015.c25c385-2-approuter#flowable-async-job-executor-thread-715#
[PollStageAppStatusExecution] a5c869df-1334-45d0-87fb-b2433d952c83 [2026-03-05T11:37:26.300897] Security group rules were updated (STDOUT, STG)#
#2026 03 05 11:48:18.720#Z#DEBUG#0066f6cb-1889-11f1-a16f-eeee0a90b015.c25c385-2-approuter#flowable-async-job-executor-thread-715#
[PollStageAppStatusExecution] a5c869df-1334-45d0-87fb-b2433d952c83 [2026-03-05T11:37:26.355837] Cell c839c7b1-088e-41af-b9b7-66256aacd457 successfully created container for instance a550f7c0-39c3-464e-81b2-6e8e163be38b (STDOUT, STG)#
#2026 03 05 11:48:18.720#Z#DEBUG#0066f6cb-1889-11f1-a16f-eeee0a90b015.c25c385-2-approuter#flowable-async-job-executor-thread-715#
[PollStageAppStatusExecution] a5c869df-1334-45d0-87fb-b2433d952c83 [2026-03-05T11:37:26.737739] Downloading app package... (STDOUT, STG)#
#2026 03 05 11:48:18.720#Z#DEBUG#0066f6cb-1889-11f1-a16f-eeee0a90b015.c25c385-2-approuter#flowable-async-job-executor-thread-715#
[PollStageAppStatusExecution] a5c869df-1334-45d0-87fb-b2433d952c83 [2026-03-05T11:37:27.585800] Downloaded app package (7.7M) (STDOUT, STG)#
#2026 03 05 11:48:18.720#Z#DEBUG#0066f6cb-1889-11f1-a16f-eeee0a90b015.c25c385-2-approuter#flowable-async-job-executor-thread-715#
[PollStageAppStatusExecution] a5c869df-1334-45d0-87fb-b2433d952c83 [2026-03-05T11:37:28.131493] -----> Nodejs Buildpack version 1.8.41 (STDOUT, STG)#
#2026 03 05 11:48:18.720#Z#DEBUG#0066f6cb-1889-11f1-a16f-eeee0a90b015.c25c385-2-approuter#flowable-async-job-executor-thread-715#
[PollStageAppStatusExecution] a5c869df-1334-45d0-87fb-b2433d952c83 [2026-03-05T11:37:28.425463] -----> Bootstrapping python (STDOUT, STG)#
#2026 03 05 11:48:18.720#Z#DEBUG#0066f6cb-1889-11f1-a16f-eeee0a90b015.c25c385-2-approuter#flowable-async-job-executor-thread-715#
[PollStageAppStatusExecution] a5c869df-1334-45d0-87fb-b2433d952c83 [2026-03-05T11:37:28.425488] -----> Installing python 3.11.14 (STDOUT, STG)#
#2026 03 05 11:48:18.720#Z#DEBUG#0066f6cb-1889-11f1-a16f-eeee0a90b015.c25c385-2-approuter#flowable-async-job-executor-thread-715#
[PollStageAppStatusExecution] a5c869df-1334-45d0-87fb-b2433d952c83 [2026-03-05T11:37:28.425550] Copy [/tmp/buildpacks/dfa36c7d15e4ae2c/dependencies/c334a3cd7ccf4e78ab45ef5e33dcd936/python_3.11.14_linux_x64_cflinuxfs4_5d0a9d8b.tgz] (STDOUT, STG)#
#2026 03 05 11:48:18.720#Z#DEBUG#0066f6cb-1889-11f1-a16f-eeee0a90b015.c25c385-2-approuter#flowable-async-job-executor-thread-715#
[PollStageAppStatusExecution] a5c869df-1334-45d0-87fb-b2433d952c83 [2026-03-05T11:37:31.371782] -----> Installing binaries (STDOUT, STG)#
#2026 03 05 11:48:18.720#Z#DEBUG#0066f6cb-1889-11f1-a16f-eeee0a90b015.c25c385-2-approuter#flowable-async-job-executor-thread-715#
[PollStageAppStatusExecution] a5c869df-1334-45d0-87fb-b2433d952c83 [2026-03-05T11:37:31.372040] engines.node (package.json): ^16.0.0 || ^18.0.0 (STDOUT, STG)#
#2026 03 05 11:48:18.720#Z#DEBUG#0066f6cb-1889-11f1-a16f-eeee0a90b015.c25c385-2-approuter#flowable-async-job-executor-thread-715#
[PollStageAppStatusExecution] a5c869df-1334-45d0-87fb-b2433d952c83 [2026-03-05T11:37:31.372057] engines.npm (package.json): unspecified (use default) (STDOUT, STG)#
#2026 03 05 11:48:18.720#Z#DEBUG#0066f6cb-1889-11f1-a16f-eeee0a90b015.c25c385-2-approuter#flowable-async-job-executor-thread-715#
[PollStageAppStatusExecution] a5c869df-1334-45d0-87fb-b2433d952c83 [2026-03-05T11:37:31.372115] [31;1m**ERROR**[0m Unable to install node: no match found for ^16.0.0 || ^18.0.0 in [20.19.3 20.19.5 22.20.0 22.21.1 24.3.0 24.10.0] (STDOUT, STG)#
#2026 03 05 11:48:18.720#Z#DEBUG#0066f6cb-1889-11f1-a16f-eeee0a90b015.c25c385-2-approuter#flowable-async-job-executor-thread-715#
[PollStageAppStatusExecution] a5c869df-1334-45d0-87fb-b2433d952c83 [2026-03-05T11:37:31.374213] Failed to compile droplet: Failed to run all supply scripts: exit status 14 (STDERR, STG)#
#2026 03 05 11:48:18.720#Z#DEBUG#0066f6cb-1889-11f1-a16f-eeee0a90b015.c25c385-2-approuter#flowable-async-job-executor-thread-715#
[PollStageAppStatusExecution] a5c869df-1334-45d0-87fb-b2433d952c83 [2026-03-05T11:37:31.380887] Exit status 223 (STDOUT, STG)#
#2026 03 05 11:48:18.720#Z#DEBUG#0066f6cb-1889-11f1-a16f-eeee0a90b015.c25c385-2-approuter#flowable-async-job-executor-thread-715#
[PollStageAppStatusExecution] a5c869df-1334-45d0-87fb-b2433d952c83 [2026-03-05T11:37:31.977377] Cell c839c7b1-088e-41af-b9b7-66256aacd457 stopping instance a550f7c0-39c3-464e-81b2-6e8e163be38b (STDOUT, STG)#
#2026 03 05 11:48:18.720#Z#DEBUG#0066f6cb-1889-11f1-a16f-eeee0a90b015.c25c385-2-approuter#flowable-async-job-executor-thread-715#
[PollStageAppStatusExecution] a5c869df-1334-45d0-87fb-b2433d952c83 [2026-03-05T11:37:31.977419] Cell c839c7b1-088e-41af-b9b7-66256aacd457 destroying container for instance a550f7c0-39c3-464e-81b2-6e8e163be38b (STDOUT, STG)#
#2026 03 05 11:48:18.720#Z#DEBUG#0066f6cb-1889-11f1-a16f-eeee0a90b015.c25c385-2-approuter#flowable-async-job-executor-thread-715#
[PollStageAppStatusExecution] a5c869df-1334-45d0-87fb-b2433d952c83 [2026-03-05T11:37:32.017235] Failed to stage build: staging failed (STDERR, API)#
#2026 03 05 11:48:18.720#Z#DEBUG#0066f6cb-1889-11f1-a16f-eeee0a90b015.c25c385-2-approuter#flowable-async-job-executor-thread-715#
[PollStageAppStatusExecution] a5c869df-1334-45d0-87fb-b2433d952c83 [2026-03-05T11:37:34.775960] Cell c839c7b1-088e-41af-b9b7-66256aacd457 successfully destroyed container for instance a550f7c0-39c3-464e-81b2-6e8e163be38b (STDOUT, STG)#
#2026 03 05 11:48:18.720#Z#DEBUG#0066f6cb-1889-11f1-a16f-eeee0a90b015.c25c385-2-approuter#flowable-async-job-executor-thread-715#
[PollStageAppStatusExecution] a5c869df-1334-45d0-87fb-b2433d952c83 [2026-03-05T11:37:35.974197] Creating build for app with guid a5c869df-1334-45d0-87fb-b2433d952c83 (STDOUT, API)#
#2026 03 05 11:48:18.720#Z#DEBUG#0066f6cb-1889-11f1-a16f-eeee0a90b015.c25c385-2-approuter#flowable-async-job-executor-thread-715#
[PollStageAppStatusExecution] a5c869df-1334-45d0-87fb-b2433d952c83 [2026-03-05T11:37:36.605406] Downloading go_buildpack... (STDOUT, STG)#
#2026 03 05 11:48:18.720#Z#DEBUG#0066f6cb-1889-11f1-a16f-eeee0a90b015.c25c385-2-approuter#flowable-async-job-executor-thread-715#
[PollStageAppStatusExecution] a5c869df-1334-45d0-87fb-b2433d952c83 [2026-03-05T11:37:36.605413] Downloading zero_trust_sidecar_buildpack_1_15... (STDOUT, STG)#
#2026 03 05 11:48:18.720#Z#DEBUG#0066f6cb-1889-11f1-a16f-eeee0a90b015.c25c385-2-approuter#flowable-async-job-executor-thread-715#
[PollStageAppStatusExecution] a5c869df-1334-45d0-87fb-b2433d952c83 [2026-03-05T11:37:36.605501] Downloading java_buildpack... (STDOUT, STG)#
#2026 03 05 11:48:18.720#Z#DEBUG#0066f6cb-1889-11f1-a16f-eeee0a90b015.c25c385-2-approuter#flowable-async-job-executor-thread-715#
[PollStageAppStatusExecution] a5c869df-1334-45d0-87fb-b2433d952c83 [2026-03-05T11:37:36.605502] Downloading sap_java_buildpack_jakarta_2_51... (STDOUT, STG)#
#2026 03 05 11:48:18.720#Z#DEBUG#0066f6cb-1889-11f1-a16f-eeee0a90b015.c25c385-2-approuter#flowable-async-job-executor-thread-715#
[PollStageAppStatusExecution] a5c869df-1334-45d0-87fb-b2433d952c83 [2026-03-05T11:37:36.614055] Downloading sap_java_buildpack_jakarta_2_50... (STDOUT, STG)#
#2026 03 05 11:48:18.720#Z#DEBUG#0066f6cb-1889-11f1-a16f-eeee0a90b015.c25c385-2-approuter#flowable-async-job-executor-thread-715#
[PollStageAppStatusExecution] a5c869df-1334-45d0-87fb-b2433d952c83 [2026-03-05T11:37:36.645745] Downloaded java_buildpack (STDOUT, STG)#
#2026 03 05 11:48:18.720#Z#DEBUG#0066f6cb-1889-11f1-a16f-eeee0a90b015.c25c385-2-approuter#flowable-async-job-executor-thread-715#
[PollStageAppStatusExecution] a5c869df-1334-45d0-87fb-b2433d952c83 [2026-03-05T11:37:36.645777] Downloading sap_java_buildpack_jakarta_2_49... (STDOUT, STG)#
#2026 03 05 11:48:18.720#Z#DEBUG#0066f6cb-1889-11f1-a16f-eeee0a90b015.c25c385-2-approuter#flowable-async-job-executor-thread-715#
[PollStageAppStatusExecution] a5c869df-1334-45d0-87fb-b2433d952c83 [2026-03-05T11:37:36.645899] Downloaded go_buildpack (STDOUT, STG)#
#2026 03 05 11:48:18.720#Z#DEBUG#0066f6cb-1889-11f1-a16f-eeee0a90b015.c25c385-2-approuter#flowable-async-job-executor-thread-715#
[PollStageAppStatusExecution] a5c869df-1334-45d0-87fb-b2433d952c83 [2026-03-05T11:37:36.645922] Downloading zero_trust_sidecar_buildpack_1_14... (STDOUT, STG)#
#2026 03 05 11:48:18.720#Z#DEBUG#0066f6cb-1889-11f1-a16f-eeee0a90b015.c25c385-2-approuter#flowable-async-job-executor-thread-715#
[PollStageAppStatusExecution] a5c869df-1334-45d0-87fb-b2433d952c83 [2026-03-05T11:37:36.649458] Downloaded zero_trust_sidecar_buildpack_1_15 (STDOUT, STG)#
#2026 03 05 11:48:18.720#Z#DEBUG#0066f6cb-1889-11f1-a16f-eeee0a90b015.c25c385-2-approuter#flowable-async-job-executor-thread-715#
[PollStageAppStatusExecution] a5c869df-1334-45d0-87fb-b2433d952c83 [2026-03-05T11:37:36.649478] Downloading zero_trust_sidecar_buildpack_1_13... (STDOUT, STG)#
#2026 03 05 11:48:18.720#Z#DEBUG#0066f6cb-1889-11f1-a16f-eeee0a90b015.c25c385-2-approuter#flowable-async-job-executor-thread-715#
[PollStageAppStatusExecution] a5c869df-1334-45d0-87fb-b2433d952c83 [2026-03-05T11:37:36.650997] Downloaded sap_java_buildpack_jakarta_2_50 (STDOUT, STG)#
#2026 03 05 11:48:18.720#Z#DEBUG#0066f6cb-1889-11f1-a16f-eeee0a90b015.c25c385-2-approuter#flowable-async-job-executor-thread-715#
[PollStageAppStatusExecution] a5c869df-1334-45d0-87fb-b2433d952c83 [2026-03-05T11:37:36.651013] Downloading nodejs_buildpack... (STDOUT, STG)#
#2026 03 05 11:48:18.720#Z#DEBUG#0066f6cb-1889-11f1-a16f-eeee0a90b015.c25c385-2-approuter#flowable-async-job-executor-thread-715#
[PollStageAppStatusExecution] a5c869df-1334-45d0-87fb-b2433d952c83 [2026-03-05T11:37:36.659266] Downloaded sap_java_buildpack_jakarta_2_51 (STDOUT, STG)#
#2026 03 05 11:48:18.720#Z#DEBUG#0066f6cb-1889-11f1-a16f-eeee0a90b015.c25c385-2-approuter#flowable-async-job-executor-thread-715#
[PollStageAppStatusExecution] a5c869df-1334-45d0-87fb-b2433d952c83 [2026-03-05T11:37:36.659293] Downloading zero_trust_sidecar_buildpack... (STDOUT, STG)#
#2026 03 05 11:48:18.720#Z#DEBUG#0066f6cb-1889-11f1-a16f-eeee0a90b015.c25c385-2-approuter#flowable-async-job-executor-thread-715#
[PollStageAppStatusExecution] a5c869df-1334-45d0-87fb-b2433d952c83 [2026-03-05T11:37:36.688648] Downloaded zero_trust_sidecar_buildpack_1_13 (STDOUT, STG)#
#2026 03 05 11:48:18.720#Z#DEBUG#0066f6cb-1889-11f1-a16f-eeee0a90b015.c25c385-2-approuter#flowable-async-job-executor-thread-715#
[PollStageAppStatusExecution] a5c869df-1334-45d0-87fb-b2433d952c83 [2026-03-05T11:37:36.688688] Downloading nginx_buildpack... (STDOUT, STG)#
#2026 03 05 11:48:18.720#Z#DEBUG#0066f6cb-1889-11f1-a16f-eeee0a90b015.c25c385-2-approuter#flowable-async-job-executor-thread-715#
[PollStageAppStatusExecution] a5c869df-1334-45d0-87fb-b2433d952c83 [2026-03-05T11:37:36.689699] Downloaded nodejs_buildpack (STDOUT, STG)#
#2026 03 05 11:48:18.720#Z#DEBUG#0066f6cb-1889-11f1-a16f-eeee0a90b015.c25c385-2-approuter#flowable-async-job-executor-thread-715#
[PollStageAppStatusExecution] a5c869df-1334-45d0-87fb-b2433d952c83 [2026-03-05T11:37:36.689725] Downloading python_buildpack... (STDOUT, STG)#
#2026 03 05 11:48:18.720#Z#DEBUG#0066f6cb-1889-11f1-a16f-eeee0a90b015.c25c385-2-approuter#flowable-async-job-executor-thread-715#
[PollStageAppStatusExecution] a5c869df-1334-45d0-87fb-b2433d952c83 [2026-03-05T11:37:36.690782] Downloaded sap_java_buildpack_jakarta_2_49 (STDOUT, STG)#
#2026 03 05 11:48:18.720#Z#DEBUG#0066f6cb-1889-11f1-a16f-eeee0a90b015.c25c385-2-approuter#flowable-async-job-executor-thread-715#
[PollStageAppStatusExecution] a5c869df-1334-45d0-87fb-b2433d952c83 [2026-03-05T11:37:36.690797] Downloading staticfile_buildpack... (STDOUT, STG)#
#2026 03 05 11:48:18.720#Z#DEBUG#0066f6cb-1889-11f1-a16f-eeee0a90b015.c25c385-2-approuter#flowable-async-job-executor-thread-715#
[PollStageAppStatusExecution] a5c869df-1334-45d0-87fb-b2433d952c83 [2026-03-05T11:37:36.701916] Downloaded zero_trust_sidecar_buildpack_1_14 (STDOUT, STG)#
#2026 03 05 11:48:18.720#Z#DEBUG#0066f6cb-1889-11f1-a16f-eeee0a90b015.c25c385-2-approuter#flowable-async-job-executor-thread-715#
[PollStageAppStatusExecution] a5c869df-1334-45d0-87fb-b2433d952c83 [2026-03-05T11:37:36.701938] Downloading php_buildpack... (STDOUT, STG)#
#2026 03 05 11:48:18.720#Z#DEBUG#0066f6cb-1889-11f1-a16f-eeee0a90b015.c25c385-2-approuter#flowable-async-job-executor-thread-715#
[PollStageAppStatusExecution] a5c869df-1334-45d0-87fb-b2433d952c83 [2026-03-05T11:37:36.704465] Downloaded zero_trust_sidecar_buildpack (STDOUT, STG)#
#2026 03 05 11:48:18.721#Z#DEBUG#0066f6cb-1889-11f1-a16f-eeee0a90b015.c25c385-2-approuter#flowable-async-job-executor-thread-715#
[PollStageAppStatusExecution] a5c869df-1334-45d0-87fb-b2433d952c83 [2026-03-05T11:37:36.704482] Downloading binary_buildpack... (STDOUT, STG)#
#2026 03 05 11:48:18.721#Z#DEBUG#0066f6cb-1889-11f1-a16f-eeee0a90b015.c25c385-2-approuter#flowable-async-job-executor-thread-715#
[PollStageAppStatusExecution] a5c869df-1334-45d0-87fb-b2433d952c83 [2026-03-05T11:37:36.731622] Downloaded nginx_buildpack (STDOUT, STG)#
#2026 03 05 11:48:18.721#Z#DEBUG#0066f6cb-1889-11f1-a16f-eeee0a90b015.c25c385-2-approuter#flowable-async-job-executor-thread-715#
[PollStageAppStatusExecution] a5c869df-1334-45d0-87fb-b2433d952c83 [2026-03-05T11:37:36.731643] Downloading sap_java_buildpack_jakarta... (STDOUT, STG)#
#2026 03 05 11:48:18.721#Z#DEBUG#0066f6cb-1889-11f1-a16f-eeee0a90b015.c25c385-2-approuter#flowable-async-job-executor-thread-715#
[PollStageAppStatusExecution] a5c869df-1334-45d0-87fb-b2433d952c83 [2026-03-05T11:37:36.734400] Downloaded staticfile_buildpack (STDOUT, STG)#
#2026 03 05 11:48:18.721#Z#DEBUG#0066f6cb-1889-11f1-a16f-eeee0a90b015.c25c385-2-approuter#flowable-async-job-executor-thread-715#
[PollStageAppStatusExecution] a5c869df-1334-45d0-87fb-b2433d952c83 [2026-03-05T11:37:36.737695] Downloaded python_buildpack (STDOUT, STG)#
#2026 03 05 11:48:18.721#Z#DEBUG#0066f6cb-1889-11f1-a16f-eeee0a90b015.c25c385-2-approuter#flowable-async-job-executor-thread-715#
[PollStageAppStatusExecution] a5c869df-1334-45d0-87fb-b2433d952c83 [2026-03-05T11:37:36.748126] Downloaded binary_buildpack (STDOUT, STG)#
#2026 03 05 11:48:18.721#Z#DEBUG#0066f6cb-1889-11f1-a16f-eeee0a90b015.c25c385-2-approuter#flowable-async-job-executor-thread-715#
[PollStageAppStatusExecution] a5c869df-1334-45d0-87fb-b2433d952c83 [2026-03-05T11:37:36.752570] Downloaded php_buildpack (STDOUT, STG)#
#2026 03 05 11:48:18.721#Z#DEBUG#0066f6cb-1889-11f1-a16f-eeee0a90b015.c25c385-2-approuter#flowable-async-job-executor-thread-715#
[PollStageAppStatusExecution] a5c869df-1334-45d0-87fb-b2433d952c83 [2026-03-05T11:37:36.772680] Downloaded sap_java_buildpack_jakarta (STDOUT, STG)#
#2026 03 05 11:48:18.721#Z#DEBUG#0066f6cb-1889-11f1-a16f-eeee0a90b015.c25c385-2-approuter#flowable-async-job-executor-thread-715#
[PollStageAppStatusExecution] a5c869df-1334-45d0-87fb-b2433d952c83 [2026-03-05T11:37:36.772776] Cell 77283d80-dfa7-40ba-ba4e-265aef112085 creating container for instance ca15f312-bbd7-4d48-a961-6cbbfbe36484 (STDOUT, STG)#
#2026 03 05 11:48:18.721#Z#DEBUG#0066f6cb-1889-11f1-a16f-eeee0a90b015.c25c385-2-approuter#flowable-async-job-executor-thread-715#
[PollStageAppStatusExecution] a5c869df-1334-45d0-87fb-b2433d952c83 [2026-03-05T11:37:37.349548] Security group rules were updated (STDOUT, STG)#
#2026 03 05 11:48:18.721#Z#DEBUG#0066f6cb-1889-11f1-a16f-eeee0a90b015.c25c385-2-approuter#flowable-async-job-executor-thread-715#
[PollStageAppStatusExecution] a5c869df-1334-45d0-87fb-b2433d952c83 [2026-03-05T11:37:37.415239] Cell 77283d80-dfa7-40ba-ba4e-265aef112085 successfully created container for instance ca15f312-bbd7-4d48-a961-6cbbfbe36484 (STDOUT, STG)#
#2026 03 05 11:48:18.721#Z#DEBUG#0066f6cb-1889-11f1-a16f-eeee0a90b015.c25c385-2-approuter#flowable-async-job-executor-thread-715#
[PollStageAppStatusExecution] a5c869df-1334-45d0-87fb-b2433d952c83 [2026-03-05T11:37:37.720226] Downloading app package... (STDOUT, STG)#
#2026 03 05 11:48:18.721#Z#DEBUG#0066f6cb-1889-11f1-a16f-eeee0a90b015.c25c385-2-approuter#flowable-async-job-executor-thread-715#
[PollStageAppStatusExecution] a5c869df-1334-45d0-87fb-b2433d952c83 [2026-03-05T11:37:38.603374] Downloaded app package (7.7M) (STDOUT, STG)#
#2026 03 05 11:48:18.721#Z#DEBUG#0066f6cb-1889-11f1-a16f-eeee0a90b015.c25c385-2-approuter#flowable-async-job-executor-thread-715#
[PollStageAppStatusExecution] a5c869df-1334-45d0-87fb-b2433d952c83 [2026-03-05T11:37:39.134875] -----> Nodejs Buildpack version 1.8.41 (STDOUT, STG)#
#2026 03 05 11:48:18.721#Z#DEBUG#0066f6cb-1889-11f1-a16f-eeee0a90b015.c25c385-2-approuter#flowable-async-job-executor-thread-715#
[PollStageAppStatusExecution] a5c869df-1334-45d0-87fb-b2433d952c83 [2026-03-05T11:37:39.446643] -----> Bootstrapping python (STDOUT, STG)#
#2026 03 05 11:48:18.721#Z#DEBUG#0066f6cb-1889-11f1-a16f-eeee0a90b015.c25c385-2-approuter#flowable-async-job-executor-thread-715#
[PollStageAppStatusExecution] a5c869df-1334-45d0-87fb-b2433d952c83 [2026-03-05T11:37:39.447026] -----> Installing python 3.11.14 (STDOUT, STG)#
#2026 03 05 11:48:18.721#Z#DEBUG#0066f6cb-1889-11f1-a16f-eeee0a90b015.c25c385-2-approuter#flowable-async-job-executor-thread-715#
[PollStageAppStatusExecution] a5c869df-1334-45d0-87fb-b2433d952c83 [2026-03-05T11:37:39.447264] Copy [/tmp/buildpacks/dfa36c7d15e4ae2c/dependencies/c334a3cd7ccf4e78ab45ef5e33dcd936/python_3.11.14_linux_x64_cflinuxfs4_5d0a9d8b.tgz] (STDOUT, STG)#
#2026 03 05 11:48:18.721#Z#DEBUG#0066f6cb-1889-11f1-a16f-eeee0a90b015.c25c385-2-approuter#flowable-async-job-executor-thread-715#
[PollStageAppStatusExecution] a5c869df-1334-45d0-87fb-b2433d952c83 [2026-03-05T11:37:42.498297] -----> Installing binaries (STDOUT, STG)#
#2026 03 05 11:48:18.721#Z#DEBUG#0066f6cb-1889-11f1-a16f-eeee0a90b015.c25c385-2-approuter#flowable-async-job-executor-thread-715#
[PollStageAppStatusExecution] a5c869df-1334-45d0-87fb-b2433d952c83 [2026-03-05T11:37:42.498334] engines.node (package.json): ^16.0.0 || ^18.0.0 (STDOUT, STG)#
#2026 03 05 11:48:18.721#Z#DEBUG#0066f6cb-1889-11f1-a16f-eeee0a90b015.c25c385-2-approuter#flowable-async-job-executor-thread-715#
[PollStageAppStatusExecution] a5c869df-1334-45d0-87fb-b2433d952c83 [2026-03-05T11:37:42.498338] engines.npm (package.json): unspecified (use default) (STDOUT, STG)#
#2026 03 05 11:48:18.721#Z#DEBUG#0066f6cb-1889-11f1-a16f-eeee0a90b015.c25c385-2-approuter#flowable-async-job-executor-thread-715#
[PollStageAppStatusExecution] a5c869df-1334-45d0-87fb-b2433d952c83 [2026-03-05T11:37:42.498468] [31;1m**ERROR**[0m Unable to install node: no match found for ^16.0.0 || ^18.0.0 in [20.19.3 20.19.5 22.20.0 22.21.1 24.3.0 24.10.0] (STDOUT, STG)#
#2026 03 05 11:48:18.721#Z#DEBUG#0066f6cb-1889-11f1-a16f-eeee0a90b015.c25c385-2-approuter#flowable-async-job-executor-thread-715#
[PollStageAppStatusExecution] a5c869df-1334-45d0-87fb-b2433d952c83 [2026-03-05T11:37:42.500401] Failed to compile droplet: Failed to run all supply scripts: exit status 14 (STDERR, STG)#
#2026 03 05 11:48:18.721#Z#DEBUG#0066f6cb-1889-11f1-a16f-eeee0a90b015.c25c385-2-approuter#flowable-async-job-executor-thread-715#
[PollStageAppStatusExecution] a5c869df-1334-45d0-87fb-b2433d952c83 [2026-03-05T11:37:42.506617] Exit status 223 (STDOUT, STG)#
#2026 03 05 11:48:18.721#Z#DEBUG#0066f6cb-1889-11f1-a16f-eeee0a90b015.c25c385-2-approuter#flowable-async-job-executor-thread-715#
[PollStageAppStatusExecution] a5c869df-1334-45d0-87fb-b2433d952c83 [2026-03-05T11:37:43.033384] Cell 77283d80-dfa7-40ba-ba4e-265aef112085 stopping instance ca15f312-bbd7-4d48-a961-6cbbfbe36484 (STDOUT, STG)#
#2026 03 05 11:48:18.721#Z#DEBUG#0066f6cb-1889-11f1-a16f-eeee0a90b015.c25c385-2-approuter#flowable-async-job-executor-thread-715#
[PollStageAppStatusExecution] a5c869df-1334-45d0-87fb-b2433d952c83 [2026-03-05T11:37:43.033427] Cell 77283d80-dfa7-40ba-ba4e-265aef112085 destroying container for instance ca15f312-bbd7-4d48-a961-6cbbfbe36484 (STDOUT, STG)#
#2026 03 05 11:48:18.721#Z#DEBUG#0066f6cb-1889-11f1-a16f-eeee0a90b015.c25c385-2-approuter#flowable-async-job-executor-thread-715#
[PollStageAppStatusExecution] a5c869df-1334-45d0-87fb-b2433d952c83 [2026-03-05T11:37:43.078592] Failed to stage build: staging failed (STDERR, API)#
#2026 03 05 11:48:18.721#Z#DEBUG#0066f6cb-1889-11f1-a16f-eeee0a90b015.c25c385-2-approuter#flowable-async-job-executor-thread-715#
[PollStageAppStatusExecution] a5c869df-1334-45d0-87fb-b2433d952c83 [2026-03-05T11:37:45.554813] Creating build for app with guid a5c869df-1334-45d0-87fb-b2433d952c83 (STDOUT, API)#
#2026 03 05 11:48:18.721#Z#DEBUG#0066f6cb-1889-11f1-a16f-eeee0a90b015.c25c385-2-approuter#flowable-async-job-executor-thread-715#
[PollStageAppStatusExecution] a5c869df-1334-45d0-87fb-b2433d952c83 [2026-03-05T11:37:45.619319] Cell 77283d80-dfa7-40ba-ba4e-265aef112085 successfully destroyed container for instance ca15f312-bbd7-4d48-a961-6cbbfbe36484 (STDOUT, STG)#
#2026 03 05 11:48:18.721#Z#DEBUG#0066f6cb-1889-11f1-a16f-eeee0a90b015.c25c385-2-approuter#flowable-async-job-executor-thread-715#
[PollStageAppStatusExecution] a5c869df-1334-45d0-87fb-b2433d952c83 [2026-03-05T11:37:46.157751] Downloading zero_trust_sidecar_buildpack_1_15... (STDOUT, STG)#
#2026 03 05 11:48:18.721#Z#DEBUG#0066f6cb-1889-11f1-a16f-eeee0a90b015.c25c385-2-approuter#flowable-async-job-executor-thread-715#
[PollStageAppStatusExecution] a5c869df-1334-45d0-87fb-b2433d952c83 [2026-03-05T11:37:46.157769] Downloading nginx_buildpack... (STDOUT, STG)#
#2026 03 05 11:48:18.721#Z#DEBUG#0066f6cb-1889-11f1-a16f-eeee0a90b015.c25c385-2-approuter#flowable-async-job-executor-thread-715#
[PollStageAppStatusExecution] a5c869df-1334-45d0-87fb-b2433d952c83 [2026-03-05T11:37:46.157792] Downloading sap_java_buildpack_jakarta_2_50... (STDOUT, STG)#
#2026 03 05 11:48:18.721#Z#DEBUG#0066f6cb-1889-11f1-a16f-eeee0a90b015.c25c385-2-approuter#flowable-async-job-executor-thread-715#
[PollStageAppStatusExecution] a5c869df-1334-45d0-87fb-b2433d952c83 [2026-03-05T11:37:46.157824] Downloading zero_trust_sidecar_buildpack_1_14... (STDOUT, STG)#
#2026 03 05 11:48:18.721#Z#DEBUG#0066f6cb-1889-11f1-a16f-eeee0a90b015.c25c385-2-approuter#flowable-async-job-executor-thread-715#
[PollStageAppStatusExecution] a5c869df-1334-45d0-87fb-b2433d952c83 [2026-03-05T11:37:46.157856] Downloading sap_java_buildpack_jakarta_2_49... (STDOUT, STG)#
#2026 03 05 11:48:18.721#Z#DEBUG#0066f6cb-1889-11f1-a16f-eeee0a90b015.c25c385-2-approuter#flowable-async-job-executor-thread-715#
[PollStageAppStatusExecution] a5c869df-1334-45d0-87fb-b2433d952c83 [2026-03-05T11:37:46.196276] Downloaded sap_java_buildpack_jakarta_2_49 (STDOUT, STG)#
#2026 03 05 11:48:18.721#Z#DEBUG#0066f6cb-1889-11f1-a16f-eeee0a90b015.c25c385-2-approuter#flowable-async-job-executor-thread-715#
[PollStageAppStatusExecution] a5c869df-1334-45d0-87fb-b2433d952c83 [2026-03-05T11:37:46.196347] Downloading binary_buildpack... (STDOUT, STG)#
#2026 03 05 11:48:18.721#Z#DEBUG#0066f6cb-1889-11f1-a16f-eeee0a90b015.c25c385-2-approuter#flowable-async-job-executor-thread-715#
[PollStageAppStatusExecution] a5c869df-1334-45d0-87fb-b2433d952c83 [2026-03-05T11:37:46.198859] Downloaded nginx_buildpack (STDOUT, STG)#
#2026 03 05 11:48:18.721#Z#DEBUG#0066f6cb-1889-11f1-a16f-eeee0a90b015.c25c385-2-approuter#flowable-async-job-executor-thread-715#
[PollStageAppStatusExecution] a5c869df-1334-45d0-87fb-b2433d952c83 [2026-03-05T11:37:46.198872] Downloading sap_java_buildpack_jakarta... (STDOUT, STG)#
#2026 03 05 11:48:18.721#Z#DEBUG#0066f6cb-1889-11f1-a16f-eeee0a90b015.c25c385-2-approuter#flowable-async-job-executor-thread-715#
[PollStageAppStatusExecution] a5c869df-1334-45d0-87fb-b2433d952c83 [2026-03-05T11:37:46.201287] Downloaded zero_trust_sidecar_buildpack_1_15 (STDOUT, STG)#
#2026 03 05 11:48:18.721#Z#DEBUG#0066f6cb-1889-11f1-a16f-eeee0a90b015.c25c385-2-approuter#flowable-async-job-executor-thread-715#
[PollStageAppStatusExecution] a5c869df-1334-45d0-87fb-b2433d952c83 [2026-03-05T11:37:46.201300] Downloading sap_java_buildpack_jakarta_2_51... (STDOUT, STG)#
#2026 03 05 11:48:18.721#Z#DEBUG#0066f6cb-1889-11f1-a16f-eeee0a90b015.c25c385-2-approuter#flowable-async-job-executor-thread-715#
[PollStageAppStatusExecution] a5c869df-1334-45d0-87fb-b2433d952c83 [2026-03-05T11:37:46.204161] Downloaded sap_java_buildpack_jakarta_2_50 (STDOUT, STG)#
#2026 03 05 11:48:18.721#Z#DEBUG#0066f6cb-1889-11f1-a16f-eeee0a90b015.c25c385-2-approuter#flowable-async-job-executor-thread-715#
[PollStageAppStatusExecution] a5c869df-1334-45d0-87fb-b2433d952c83 [2026-03-05T11:37:46.204181] Downloading nodejs_buildpack... (STDOUT, STG)#
#2026 03 05 11:48:18.721#Z#DEBUG#0066f6cb-1889-11f1-a16f-eeee0a90b015.c25c385-2-approuter#flowable-async-job-executor-thread-715#
[PollStageAppStatusExecution] a5c869df-1334-45d0-87fb-b2433d952c83 [2026-03-05T11:37:46.215228] Downloaded sap_java_buildpack_jakarta (STDOUT, STG)#
#2026 03 05 11:48:18.721#Z#DEBUG#0066f6cb-1889-11f1-a16f-eeee0a90b015.c25c385-2-approuter#flowable-async-job-executor-thread-715#
[PollStageAppStatusExecution] a5c869df-1334-45d0-87fb-b2433d952c83 [2026-03-05T11:37:46.223679] Downloading staticfile_buildpack... (STDOUT, STG)#
#2026 03 05 11:48:18.721#Z#DEBUG#0066f6cb-1889-11f1-a16f-eeee0a90b015.c25c385-2-approuter#flowable-async-job-executor-thread-715#
[PollStageAppStatusExecution] a5c869df-1334-45d0-87fb-b2433d952c83 [2026-03-05T11:37:46.236797] Downloaded binary_buildpack (STDOUT, STG)#
#2026 03 05 11:48:18.721#Z#DEBUG#0066f6cb-1889-11f1-a16f-eeee0a90b015.c25c385-2-approuter#flowable-async-job-executor-thread-715#
[PollStageAppStatusExecution] a5c869df-1334-45d0-87fb-b2433d952c83 [2026-03-05T11:37:46.236849] Downloading java_buildpack... (STDOUT, STG)#
#2026 03 05 11:48:18.721#Z#DEBUG#0066f6cb-1889-11f1-a16f-eeee0a90b015.c25c385-2-approuter#flowable-async-job-executor-thread-715#
[PollStageAppStatusExecution] a5c869df-1334-45d0-87fb-b2433d952c83 [2026-03-05T11:37:46.239918] Downloaded staticfile_buildpack (STDOUT, STG)#
#2026 03 05 11:48:18.721#Z#DEBUG#0066f6cb-1889-11f1-a16f-eeee0a90b015.c25c385-2-approuter#flowable-async-job-executor-thread-715#
[PollStageAppStatusExecution] a5c869df-1334-45d0-87fb-b2433d952c83 [2026-03-05T11:37:46.239937] Downloading zero_trust_sidecar_buildpack... (STDOUT, STG)#
#2026 03 05 11:48:18.721#Z#DEBUG#0066f6cb-1889-11f1-a16f-eeee0a90b015.c25c385-2-approuter#flowable-async-job-executor-thread-715#
[PollStageAppStatusExecution] a5c869df-1334-45d0-87fb-b2433d952c83 [2026-03-05T11:37:46.241193] Downloaded nodejs_buildpack (STDOUT, STG)#
#2026 03 05 11:48:18.721#Z#DEBUG#0066f6cb-1889-11f1-a16f-eeee0a90b015.c25c385-2-approuter#flowable-async-job-executor-thread-715#
[PollStageAppStatusExecution] a5c869df-1334-45d0-87fb-b2433d952c83 [2026-03-05T11:37:46.241207] Downloading zero_trust_sidecar_buildpack_1_13... (STDOUT, STG)#
#2026 03 05 11:48:18.721#Z#DEBUG#0066f6cb-1889-11f1-a16f-eeee0a90b015.c25c385-2-approuter#flowable-async-job-executor-thread-715#
[PollStageAppStatusExecution] a5c869df-1334-45d0-87fb-b2433d952c83 [2026-03-05T11:37:46.242365] Downloaded zero_trust_sidecar_buildpack_1_14 (STDOUT, STG)#
#2026 03 05 11:48:18.721#Z#DEBUG#0066f6cb-1889-11f1-a16f-eeee0a90b015.c25c385-2-approuter#flowable-async-job-executor-thread-715#
[PollStageAppStatusExecution] a5c869df-1334-45d0-87fb-b2433d952c83 [2026-03-05T11:37:46.242382] Downloading python_buildpack... (STDOUT, STG)#
#2026 03 05 11:48:18.721#Z#DEBUG#0066f6cb-1889-11f1-a16f-eeee0a90b015.c25c385-2-approuter#flowable-async-job-executor-thread-715#
[PollStageAppStatusExecution] a5c869df-1334-45d0-87fb-b2433d952c83 [2026-03-05T11:37:46.247875] Downloaded sap_java_buildpack_jakarta_2_51 (STDOUT, STG)#
#2026 03 05 11:48:18.721#Z#DEBUG#0066f6cb-1889-11f1-a16f-eeee0a90b015.c25c385-2-approuter#flowable-async-job-executor-thread-715#
[PollStageAppStatusExecution] a5c869df-1334-45d0-87fb-b2433d952c83 [2026-03-05T11:37:46.247894] Downloading go_buildpack... (STDOUT, STG)#
#2026 03 05 11:48:18.721#Z#DEBUG#0066f6cb-1889-11f1-a16f-eeee0a90b015.c25c385-2-approuter#flowable-async-job-executor-thread-715#
[PollStageAppStatusExecution] a5c869df-1334-45d0-87fb-b2433d952c83 [2026-03-05T11:37:46.255297] Downloaded zero_trust_sidecar_buildpack_1_13 (STDOUT, STG)#
#2026 03 05 11:48:18.721#Z#DEBUG#0066f6cb-1889-11f1-a16f-eeee0a90b015.c25c385-2-approuter#flowable-async-job-executor-thread-715#
[PollStageAppStatusExecution] a5c869df-1334-45d0-87fb-b2433d952c83 [2026-03-05T11:37:46.255319] Downloading php_buildpack... (STDOUT, STG)#
#2026 03 05 11:48:18.721#Z#DEBUG#0066f6cb-1889-11f1-a16f-eeee0a90b015.c25c385-2-approuter#flowable-async-job-executor-thread-715#
[PollStageAppStatusExecution] a5c869df-1334-45d0-87fb-b2433d952c83 [2026-03-05T11:37:46.255673] Downloaded zero_trust_sidecar_buildpack (STDOUT, STG)#
#2026 03 05 11:48:18.721#Z#DEBUG#0066f6cb-1889-11f1-a16f-eeee0a90b015.c25c385-2-approuter#flowable-async-job-executor-thread-715#
[PollStageAppStatusExecution] a5c869df-1334-45d0-87fb-b2433d952c83 [2026-03-05T11:37:46.259004] Downloaded python_buildpack (STDOUT, STG)#
#2026 03 05 11:48:18.721#Z#DEBUG#0066f6cb-1889-11f1-a16f-eeee0a90b015.c25c385-2-approuter#flowable-async-job-executor-thread-715#
[PollStageAppStatusExecution] a5c869df-1334-45d0-87fb-b2433d952c83 [2026-03-05T11:37:46.277152] Downloaded java_buildpack (STDOUT, STG)#
#2026 03 05 11:48:18.721#Z#DEBUG#0066f6cb-1889-11f1-a16f-eeee0a90b015.c25c385-2-approuter#flowable-async-job-executor-thread-715#
[PollStageAppStatusExecution] a5c869df-1334-45d0-87fb-b2433d952c83 [2026-03-05T11:37:46.278149] Downloaded php_buildpack (STDOUT, STG)#
#2026 03 05 11:48:18.721#Z#DEBUG#0066f6cb-1889-11f1-a16f-eeee0a90b015.c25c385-2-approuter#flowable-async-job-executor-thread-715#
[PollStageAppStatusExecution] a5c869df-1334-45d0-87fb-b2433d952c83 [2026-03-05T11:37:46.289160] Downloaded go_buildpack (STDOUT, STG)#
#2026 03 05 11:48:18.721#Z#DEBUG#0066f6cb-1889-11f1-a16f-eeee0a90b015.c25c385-2-approuter#flowable-async-job-executor-thread-715#
[PollStageAppStatusExecution] a5c869df-1334-45d0-87fb-b2433d952c83 [2026-03-05T11:37:46.289213] Cell 684caff8-89cd-492b-be01-b3d0835f1763 creating container for instance 380f8ee7-7787-4b0f-9889-da3804b50583 (STDOUT, STG)#
#2026 03 05 11:48:18.721#Z#DEBUG#0066f6cb-1889-11f1-a16f-eeee0a90b015.c25c385-2-approuter#flowable-async-job-executor-thread-715#
[PollStageAppStatusExecution] a5c869df-1334-45d0-87fb-b2433d952c83 [2026-03-05T11:37:46.736080] Security group rules were updated (STDOUT, STG)#
#2026 03 05 11:48:18.721#Z#DEBUG#0066f6cb-1889-11f1-a16f-eeee0a90b015.c25c385-2-approuter#flowable-async-job-executor-thread-715#
[PollStageAppStatusExecution] a5c869df-1334-45d0-87fb-b2433d952c83 [2026-03-05T11:37:46.814180] Cell 684caff8-89cd-492b-be01-b3d0835f1763 successfully created container for instance 380f8ee7-7787-4b0f-9889-da3804b50583 (STDOUT, STG)#
#2026 03 05 11:48:18.721#Z#DEBUG#0066f6cb-1889-11f1-a16f-eeee0a90b015.c25c385-2-approuter#flowable-async-job-executor-thread-715#
[PollStageAppStatusExecution] a5c869df-1334-45d0-87fb-b2433d952c83 [2026-03-05T11:37:47.572662] Downloading app package... (STDOUT, STG)#
#2026 03 05 11:48:18.721#Z#DEBUG#0066f6cb-1889-11f1-a16f-eeee0a90b015.c25c385-2-approuter#flowable-async-job-executor-thread-715#
[PollStageAppStatusExecution] a5c869df-1334-45d0-87fb-b2433d952c83 [2026-03-05T11:37:48.389171] Downloaded app package (7.7M) (STDOUT, STG)#
#2026 03 05 11:48:18.721#Z#DEBUG#0066f6cb-1889-11f1-a16f-eeee0a90b015.c25c385-2-approuter#flowable-async-job-executor-thread-715#
[PollStageAppStatusExecution] a5c869df-1334-45d0-87fb-b2433d952c83 [2026-03-05T11:37:48.914671] -----> Nodejs Buildpack version 1.8.41 (STDOUT, STG)#
#2026 03 05 11:48:18.721#Z#DEBUG#0066f6cb-1889-11f1-a16f-eeee0a90b015.c25c385-2-approuter#flowable-async-job-executor-thread-715#
[PollStageAppStatusExecution] a5c869df-1334-45d0-87fb-b2433d952c83 [2026-03-05T11:37:49.220827] -----> Bootstrapping python (STDOUT, STG)#
#2026 03 05 11:48:18.721#Z#DEBUG#0066f6cb-1889-11f1-a16f-eeee0a90b015.c25c385-2-approuter#flowable-async-job-executor-thread-715#
[PollStageAppStatusExecution] a5c869df-1334-45d0-87fb-b2433d952c83 [2026-03-05T11:37:49.220851] -----> Installing python 3.11.14 (STDOUT, STG)#
#2026 03 05 11:48:18.721#Z#DEBUG#0066f6cb-1889-11f1-a16f-eeee0a90b015.c25c385-2-approuter#flowable-async-job-executor-thread-715#
[PollStageAppStatusExecution] a5c869df-1334-45d0-87fb-b2433d952c83 [2026-03-05T11:37:49.220956] Copy [/tmp/buildpacks/dfa36c7d15e4ae2c/dependencies/c334a3cd7ccf4e78ab45ef5e33dcd936/python_3.11.14_linux_x64_cflinuxfs4_5d0a9d8b.tgz] (STDOUT, STG)#
#2026 03 05 11:48:18.721#Z#DEBUG#0066f6cb-1889-11f1-a16f-eeee0a90b015.c25c385-2-approuter#flowable-async-job-executor-thread-715#
[PollStageAppStatusExecution] a5c869df-1334-45d0-87fb-b2433d952c83 [2026-03-05T11:37:52.209496] -----> Installing binaries (STDOUT, STG)#
#2026 03 05 11:48:18.721#Z#DEBUG#0066f6cb-1889-11f1-a16f-eeee0a90b015.c25c385-2-approuter#flowable-async-job-executor-thread-715#
[PollStageAppStatusExecution] a5c869df-1334-45d0-87fb-b2433d952c83 [2026-03-05T11:37:52.209858] engines.node (package.json): ^16.0.0 || ^18.0.0 (STDOUT, STG)#
#2026 03 05 11:48:18.721#Z#DEBUG#0066f6cb-1889-11f1-a16f-eeee0a90b015.c25c385-2-approuter#flowable-async-job-executor-thread-715#
[PollStageAppStatusExecution] a5c869df-1334-45d0-87fb-b2433d952c83 [2026-03-05T11:37:52.209897] engines.npm (package.json): unspecified (use default) (STDOUT, STG)#
#2026 03 05 11:48:18.721#Z#DEBUG#0066f6cb-1889-11f1-a16f-eeee0a90b015.c25c385-2-approuter#flowable-async-job-executor-thread-715#
[PollStageAppStatusExecution] a5c869df-1334-45d0-87fb-b2433d952c83 [2026-03-05T11:37:52.210013] [31;1m**ERROR**[0m Unable to install node: no match found for ^16.0.0 || ^18.0.0 in [20.19.3 20.19.5 22.20.0 22.21.1 24.3.0 24.10.0] (STDOUT, STG)#
#2026 03 05 11:48:18.721#Z#DEBUG#0066f6cb-1889-11f1-a16f-eeee0a90b015.c25c385-2-approuter#flowable-async-job-executor-thread-715#
[PollStageAppStatusExecution] a5c869df-1334-45d0-87fb-b2433d952c83 [2026-03-05T11:37:52.212126] Failed to compile droplet: Failed to run all supply scripts: exit status 14 (STDERR, STG)#
#2026 03 05 11:48:18.721#Z#DEBUG#0066f6cb-1889-11f1-a16f-eeee0a90b015.c25c385-2-approuter#flowable-async-job-executor-thread-715#
[PollStageAppStatusExecution] a5c869df-1334-45d0-87fb-b2433d952c83 [2026-03-05T11:37:52.219204] Exit status 223 (STDOUT, STG)#
#2026 03 05 11:48:18.721#Z#DEBUG#0066f6cb-1889-11f1-a16f-eeee0a90b015.c25c385-2-approuter#flowable-async-job-executor-thread-715#
[PollStageAppStatusExecution] a5c869df-1334-45d0-87fb-b2433d952c83 [2026-03-05T11:37:52.578384] Cell 684caff8-89cd-492b-be01-b3d0835f1763 stopping instance 380f8ee7-7787-4b0f-9889-da3804b50583 (STDOUT, STG)#
#2026 03 05 11:48:18.721#Z#DEBUG#0066f6cb-1889-11f1-a16f-eeee0a90b015.c25c385-2-approuter#flowable-async-job-executor-thread-715#
[PollStageAppStatusExecution] a5c869df-1334-45d0-87fb-b2433d952c83 [2026-03-05T11:37:52.578413] Cell 684caff8-89cd-492b-be01-b3d0835f1763 destroying container for instance 380f8ee7-7787-4b0f-9889-da3804b50583 (STDOUT, STG)#
#2026 03 05 11:48:18.721#Z#DEBUG#0066f6cb-1889-11f1-a16f-eeee0a90b015.c25c385-2-approuter#flowable-async-job-executor-thread-715#
[PollStageAppStatusExecution] a5c869df-1334-45d0-87fb-b2433d952c83 [2026-03-05T11:37:52.620170] Failed to stage build: staging failed (STDERR, API)#
#2026 03 05 11:48:18.721#Z#DEBUG#0066f6cb-1889-11f1-a16f-eeee0a90b015.c25c385-2-approuter#flowable-async-job-executor-thread-715#
[PollStageAppStatusExecution] a5c869df-1334-45d0-87fb-b2433d952c83 [2026-03-05T11:37:55.012101] Cell 684caff8-89cd-492b-be01-b3d0835f1763 successfully destroyed container for instance 380f8ee7-7787-4b0f-9889-da3804b50583 (STDOUT, STG)#
#2026 03 05 11:48:18.721#Z#DEBUG#0066f6cb-1889-11f1-a16f-eeee0a90b015.c25c385-2-approuter#flowable-async-job-executor-thread-715#
[PollStageAppStatusExecution] a5c869df-1334-45d0-87fb-b2433d952c83 [2026-03-05T11:37:57.877755] Creating build for app with guid a5c869df-1334-45d0-87fb-b2433d952c83 (STDOUT, API)#
#2026 03 05 11:48:18.721#Z#DEBUG#0066f6cb-1889-11f1-a16f-eeee0a90b015.c25c385-2-approuter#flowable-async-job-executor-thread-715#
[PollStageAppStatusExecution] a5c869df-1334-45d0-87fb-b2433d952c83 [2026-03-05T11:37:58.458010] Downloading zero_trust_sidecar_buildpack_1_15... (STDOUT, STG)#
#2026 03 05 11:48:18.721#Z#DEBUG#0066f6cb-1889-11f1-a16f-eeee0a90b015.c25c385-2-approuter#flowable-async-job-executor-thread-715#
[PollStageAppStatusExecution] a5c869df-1334-45d0-87fb-b2433d952c83 [2026-03-05T11:37:58.458017] Downloading go_buildpack... (STDOUT, STG)#
#2026 03 05 11:48:18.721#Z#DEBUG#0066f6cb-1889-11f1-a16f-eeee0a90b015.c25c385-2-approuter#flowable-async-job-executor-thread-715#
[PollStageAppStatusExecution] a5c869df-1334-45d0-87fb-b2433d952c83 [2026-03-05T11:37:58.458031] Downloading staticfile_buildpack... (STDOUT, STG)#
#2026 03 05 11:48:18.721#Z#DEBUG#0066f6cb-1889-11f1-a16f-eeee0a90b015.c25c385-2-approuter#flowable-async-job-executor-thread-715#
[PollStageAppStatusExecution] a5c869df-1334-45d0-87fb-b2433d952c83 [2026-03-05T11:37:58.458057] Downloading nodejs_buildpack... (STDOUT, STG)#
#2026 03 05 11:48:18.721#Z#DEBUG#0066f6cb-1889-11f1-a16f-eeee0a90b015.c25c385-2-approuter#flowable-async-job-executor-thread-715#
[PollStageAppStatusExecution] a5c869df-1334-45d0-87fb-b2433d952c83 [2026-03-05T11:37:58.458072] Downloading java_buildpack... (STDOUT, STG)#
#2026 03 05 11:48:18.721#Z#DEBUG#0066f6cb-1889-11f1-a16f-eeee0a90b015.c25c385-2-approuter#flowable-async-job-executor-thread-715#
[PollStageAppStatusExecution] a5c869df-1334-45d0-87fb-b2433d952c83 [2026-03-05T11:37:58.500452] Downloaded go_buildpack (STDOUT, STG)#
#2026 03 05 11:48:18.721#Z#DEBUG#0066f6cb-1889-11f1-a16f-eeee0a90b015.c25c385-2-approuter#flowable-async-job-executor-thread-715#
[PollStageAppStatusExecution] a5c869df-1334-45d0-87fb-b2433d952c83 [2026-03-05T11:37:58.501014] Downloaded zero_trust_sidecar_buildpack_1_15 (STDOUT, STG)#
#2026 03 05 11:48:18.721#Z#DEBUG#0066f6cb-1889-11f1-a16f-eeee0a90b015.c25c385-2-approuter#flowable-async-job-executor-thread-715#
[PollStageAppStatusExecution] a5c869df-1334-45d0-87fb-b2433d952c83 [2026-03-05T11:37:58.501068] Downloading zero_trust_sidecar_buildpack_1_14... (STDOUT, STG)#
#2026 03 05 11:48:18.721#Z#DEBUG#0066f6cb-1889-11f1-a16f-eeee0a90b015.c25c385-2-approuter#flowable-async-job-executor-thread-715#
[PollStageAppStatusExecution] a5c869df-1334-45d0-87fb-b2433d952c83 [2026-03-05T11:37:58.503489] Downloaded staticfile_buildpack (STDOUT, STG)#
#2026 03 05 11:48:18.721#Z#DEBUG#0066f6cb-1889-11f1-a16f-eeee0a90b015.c25c385-2-approuter#flowable-async-job-executor-thread-715#
[PollStageAppStatusExecution] a5c869df-1334-45d0-87fb-b2433d952c83 [2026-03-05T11:37:58.503512] Downloading sap_java_buildpack_jakarta_2_50... (STDOUT, STG)#
#2026 03 05 11:48:18.721#Z#DEBUG#0066f6cb-1889-11f1-a16f-eeee0a90b015.c25c385-2-approuter#flowable-async-job-executor-thread-715#
[PollStageAppStatusExecution] a5c869df-1334-45d0-87fb-b2433d952c83 [2026-03-05T11:37:58.505131] Downloaded java_buildpack (STDOUT, STG)#
#2026 03 05 11:48:18.721#Z#DEBUG#0066f6cb-1889-11f1-a16f-eeee0a90b015.c25c385-2-approuter#flowable-async-job-executor-thread-715#
[PollStageAppStatusExecution] a5c869df-1334-45d0-87fb-b2433d952c83 [2026-03-05T11:37:58.505148] Downloading sap_java_buildpack_jakarta_2_49... (STDOUT, STG)#
#2026 03 05 11:48:18.721#Z#DEBUG#0066f6cb-1889-11f1-a16f-eeee0a90b015.c25c385-2-approuter#flowable-async-job-executor-thread-715#
[PollStageAppStatusExecution] a5c869df-1334-45d0-87fb-b2433d952c83 [2026-03-05T11:37:58.509293] Downloading nginx_buildpack... (STDOUT, STG)#
#2026 03 05 11:48:18.721#Z#DEBUG#0066f6cb-1889-11f1-a16f-eeee0a90b015.c25c385-2-approuter#flowable-async-job-executor-thread-715#
[PollStageAppStatusExecution] a5c869df-1334-45d0-87fb-b2433d952c83 [2026-03-05T11:37:58.509991] Downloaded nodejs_buildpack (STDOUT, STG)#
#2026 03 05 11:48:18.721#Z#DEBUG#0066f6cb-1889-11f1-a16f-eeee0a90b015.c25c385-2-approuter#flowable-async-job-executor-thread-715#
[PollStageAppStatusExecution] a5c869df-1334-45d0-87fb-b2433d952c83 [2026-03-05T11:37:58.510005] Downloading python_buildpack... (STDOUT, STG)#
#2026 03 05 11:48:18.721#Z#DEBUG#0066f6cb-1889-11f1-a16f-eeee0a90b015.c25c385-2-approuter#flowable-async-job-executor-thread-715#
[PollStageAppStatusExecution] a5c869df-1334-45d0-87fb-b2433d952c83 [2026-03-05T11:37:58.544391] Downloaded sap_java_buildpack_jakarta_2_50 (STDOUT, STG)#
#2026 03 05 11:48:18.721#Z#DEBUG#0066f6cb-1889-11f1-a16f-eeee0a90b015.c25c385-2-approuter#flowable-async-job-executor-thread-715#
[PollStageAppStatusExecution] a5c869df-1334-45d0-87fb-b2433d952c83 [2026-03-05T11:37:58.544414] Downloading php_buildpack... (STDOUT, STG)#
#2026 03 05 11:48:18.721#Z#DEBUG#0066f6cb-1889-11f1-a16f-eeee0a90b015.c25c385-2-approuter#flowable-async-job-executor-thread-715#
[PollStageAppStatusExecution] a5c869df-1334-45d0-87fb-b2433d952c83 [2026-03-05T11:37:58.546880] Downloaded zero_trust_sidecar_buildpack_1_14 (STDOUT, STG)#
#2026 03 05 11:48:18.721#Z#DEBUG#0066f6cb-1889-11f1-a16f-eeee0a90b015.c25c385-2-approuter#flowable-async-job-executor-thread-715#
[PollStageAppStatusExecution] a5c869df-1334-45d0-87fb-b2433d952c83 [2026-03-05T11:37:58.546895] Downloading binary_buildpack... (STDOUT, STG)#
#2026 03 05 11:48:18.721#Z#DEBUG#0066f6cb-1889-11f1-a16f-eeee0a90b015.c25c385-2-approuter#flowable-async-job-executor-thread-715#
[PollStageAppStatusExecution] a5c869df-1334-45d0-87fb-b2433d952c83 [2026-03-05T11:37:58.547120] Downloaded sap_java_buildpack_jakarta_2_49 (STDOUT, STG)#
#2026 03 05 11:48:18.721#Z#DEBUG#0066f6cb-1889-11f1-a16f-eeee0a90b015.c25c385-2-approuter#flowable-async-job-executor-thread-715#
[PollStageAppStatusExecution] a5c869df-1334-45d0-87fb-b2433d952c83 [2026-03-05T11:37:58.547143] Downloading sap_java_buildpack_jakarta... (STDOUT, STG)#
#2026 03 05 11:48:18.721#Z#DEBUG#0066f6cb-1889-11f1-a16f-eeee0a90b015.c25c385-2-approuter#flowable-async-job-executor-thread-715#
[PollStageAppStatusExecution] a5c869df-1334-45d0-87fb-b2433d952c83 [2026-03-05T11:37:58.551441] Downloaded nginx_buildpack (STDOUT, STG)#
#2026 03 05 11:48:18.721#Z#DEBUG#0066f6cb-1889-11f1-a16f-eeee0a90b015.c25c385-2-approuter#flowable-async-job-executor-thread-715#
[PollStageAppStatusExecution] a5c869df-1334-45d0-87fb-b2433d952c83 [2026-03-05T11:37:58.551457] Downloading zero_trust_sidecar_buildpack_1_13... (STDOUT, STG)#
#2026 03 05 11:48:18.721#Z#DEBUG#0066f6cb-1889-11f1-a16f-eeee0a90b015.c25c385-2-approuter#flowable-async-job-executor-thread-715#
[PollStageAppStatusExecution] a5c869df-1334-45d0-87fb-b2433d952c83 [2026-03-05T11:37:58.558307] Downloaded python_buildpack (STDOUT, STG)#
#2026 03 05 11:48:18.721#Z#DEBUG#0066f6cb-1889-11f1-a16f-eeee0a90b015.c25c385-2-approuter#flowable-async-job-executor-thread-715#
[PollStageAppStatusExecution] a5c869df-1334-45d0-87fb-b2433d952c83 [2026-03-05T11:37:58.558325] Downloading zero_trust_sidecar_buildpack... (STDOUT, STG)#
#2026 03 05 11:48:18.721#Z#DEBUG#0066f6cb-1889-11f1-a16f-eeee0a90b015.c25c385-2-approuter#flowable-async-job-executor-thread-715#
[PollStageAppStatusExecution] a5c869df-1334-45d0-87fb-b2433d952c83 [2026-03-05T11:37:58.563531] Downloaded php_buildpack (STDOUT, STG)#
#2026 03 05 11:48:18.721#Z#DEBUG#0066f6cb-1889-11f1-a16f-eeee0a90b015.c25c385-2-approuter#flowable-async-job-executor-thread-715#
[PollStageAppStatusExecution] a5c869df-1334-45d0-87fb-b2433d952c83 [2026-03-05T11:37:58.563545] Downloading sap_java_buildpack_jakarta_2_51... (STDOUT, STG)#
#2026 03 05 11:48:18.721#Z#DEBUG#0066f6cb-1889-11f1-a16f-eeee0a90b015.c25c385-2-approuter#flowable-async-job-executor-thread-715#
[PollStageAppStatusExecution] a5c869df-1334-45d0-87fb-b2433d952c83 [2026-03-05T11:37:58.567657] Downloaded sap_java_buildpack_jakarta (STDOUT, STG)#
#2026 03 05 11:48:18.721#Z#DEBUG#0066f6cb-1889-11f1-a16f-eeee0a90b015.c25c385-2-approuter#flowable-async-job-executor-thread-715#
[PollStageAppStatusExecution] a5c869df-1334-45d0-87fb-b2433d952c83 [2026-03-05T11:37:58.577241] Downloaded zero_trust_sidecar_buildpack (STDOUT, STG)#
#2026 03 05 11:48:18.721#Z#DEBUG#0066f6cb-1889-11f1-a16f-eeee0a90b015.c25c385-2-approuter#flowable-async-job-executor-thread-715#
[PollStageAppStatusExecution] a5c869df-1334-45d0-87fb-b2433d952c83 [2026-03-05T11:37:58.579239] Downloaded zero_trust_sidecar_buildpack_1_13 (STDOUT, STG)#
#2026 03 05 11:48:18.721#Z#DEBUG#0066f6cb-1889-11f1-a16f-eeee0a90b015.c25c385-2-approuter#flowable-async-job-executor-thread-715#
[PollStageAppStatusExecution] a5c869df-1334-45d0-87fb-b2433d952c83 [2026-03-05T11:37:58.597735] Downloaded binary_buildpack (STDOUT, STG)#
#2026 03 05 11:48:18.721#Z#DEBUG#0066f6cb-1889-11f1-a16f-eeee0a90b015.c25c385-2-approuter#flowable-async-job-executor-thread-715#
[PollStageAppStatusExecution] a5c869df-1334-45d0-87fb-b2433d952c83 [2026-03-05T11:37:58.608574] Downloaded sap_java_buildpack_jakarta_2_51 (STDOUT, STG)#
#2026 03 05 11:48:18.721#Z#DEBUG#0066f6cb-1889-11f1-a16f-eeee0a90b015.c25c385-2-approuter#flowable-async-job-executor-thread-715#
[PollStageAppStatusExecution] a5c869df-1334-45d0-87fb-b2433d952c83 [2026-03-05T11:37:58.608634] Cell 684caff8-89cd-492b-be01-b3d0835f1763 creating container for instance 07b0985a-b8c1-4932-9ca5-1e40b7a46fcf (STDOUT, STG)#
#2026 03 05 11:48:18.721#Z#DEBUG#0066f6cb-1889-11f1-a16f-eeee0a90b015.c25c385-2-approuter#flowable-async-job-executor-thread-715#
[PollStageAppStatusExecution] a5c869df-1334-45d0-87fb-b2433d952c83 [2026-03-05T11:37:59.034064] Security group rules were updated (STDOUT, STG)#
#2026 03 05 11:48:18.721#Z#DEBUG#0066f6cb-1889-11f1-a16f-eeee0a90b015.c25c385-2-approuter#flowable-async-job-executor-thread-715#
[PollStageAppStatusExecution] a5c869df-1334-45d0-87fb-b2433d952c83 [2026-03-05T11:37:59.105860] Cell 684caff8-89cd-492b-be01-b3d0835f1763 successfully created container for instance 07b0985a-b8c1-4932-9ca5-1e40b7a46fcf (STDOUT, STG)#
#2026 03 05 11:48:18.721#Z#DEBUG#0066f6cb-1889-11f1-a16f-eeee0a90b015.c25c385-2-approuter#flowable-async-job-executor-thread-715#
[PollStageAppStatusExecution] a5c869df-1334-45d0-87fb-b2433d952c83 [2026-03-05T11:37:59.613507] Downloading app package... (STDOUT, STG)#
#2026 03 05 11:48:18.721#Z#DEBUG#0066f6cb-1889-11f1-a16f-eeee0a90b015.c25c385-2-approuter#flowable-async-job-executor-thread-715#
[PollStageAppStatusExecution] a5c869df-1334-45d0-87fb-b2433d952c83 [2026-03-05T11:38:00.490503] Downloaded app package (7.7M) (STDOUT, STG)#
#2026 03 05 11:48:18.721#Z#DEBUG#0066f6cb-1889-11f1-a16f-eeee0a90b015.c25c385-2-approuter#flowable-async-job-executor-thread-715#
[PollStageAppStatusExecution] a5c869df-1334-45d0-87fb-b2433d952c83 [2026-03-05T11:38:01.019453] -----> Nodejs Buildpack version 1.8.41 (STDOUT, STG)#
#2026 03 05 11:48:18.721#Z#DEBUG#0066f6cb-1889-11f1-a16f-eeee0a90b015.c25c385-2-approuter#flowable-async-job-executor-thread-715#
[PollStageAppStatusExecution] a5c869df-1334-45d0-87fb-b2433d952c83 [2026-03-05T11:38:01.320556] -----> Bootstrapping python (STDOUT, STG)#
#2026 03 05 11:48:18.721#Z#DEBUG#0066f6cb-1889-11f1-a16f-eeee0a90b015.c25c385-2-approuter#flowable-async-job-executor-thread-715#
[PollStageAppStatusExecution] a5c869df-1334-45d0-87fb-b2433d952c83 [2026-03-05T11:38:01.320579] -----> Installing python 3.11.14 (STDOUT, STG)#
#2026 03 05 11:48:18.721#Z#DEBUG#0066f6cb-1889-11f1-a16f-eeee0a90b015.c25c385-2-approuter#flowable-async-job-executor-thread-715#
[PollStageAppStatusExecution] a5c869df-1334-45d0-87fb-b2433d952c83 [2026-03-05T11:38:01.320593] Copy [/tmp/buildpacks/dfa36c7d15e4ae2c/dependencies/c334a3cd7ccf4e78ab45ef5e33dcd936/python_3.11.14_linux_x64_cflinuxfs4_5d0a9d8b.tgz] (STDOUT, STG)#
#2026 03 05 11:48:18.721#Z#DEBUG#0066f6cb-1889-11f1-a16f-eeee0a90b015.c25c385-2-approuter#flowable-async-job-executor-thread-715#
[PollStageAppStatusExecution] a5c869df-1334-45d0-87fb-b2433d952c83 [2026-03-05T11:38:04.300790] -----> Installing binaries (STDOUT, STG)#
#2026 03 05 11:48:18.721#Z#DEBUG#0066f6cb-1889-11f1-a16f-eeee0a90b015.c25c385-2-approuter#flowable-async-job-executor-thread-715#
[PollStageAppStatusExecution] a5c869df-1334-45d0-87fb-b2433d952c83 [2026-03-05T11:38:04.300995] engines.node (package.json): ^16.0.0 || ^18.0.0 (STDOUT, STG)#
#2026 03 05 11:48:18.721#Z#DEBUG#0066f6cb-1889-11f1-a16f-eeee0a90b015.c25c385-2-approuter#flowable-async-job-executor-thread-715#
[PollStageAppStatusExecution] a5c869df-1334-45d0-87fb-b2433d952c83 [2026-03-05T11:38:04.301028] engines.npm (package.json): unspecified (use default) (STDOUT, STG)#
#2026 03 05 11:48:18.721#Z#DEBUG#0066f6cb-1889-11f1-a16f-eeee0a90b015.c25c385-2-approuter#flowable-async-job-executor-thread-715#
[PollStageAppStatusExecution] a5c869df-1334-45d0-87fb-b2433d952c83 [2026-03-05T11:38:04.301035] [31;1m**ERROR**[0m Unable to install node: no match found for ^16.0.0 || ^18.0.0 in [20.19.3 20.19.5 22.20.0 22.21.1 24.3.0 24.10.0] (STDOUT, STG)#
#2026 03 05 11:48:18.721#Z#DEBUG#0066f6cb-1889-11f1-a16f-eeee0a90b015.c25c385-2-approuter#flowable-async-job-executor-thread-715#
[PollStageAppStatusExecution] a5c869df-1334-45d0-87fb-b2433d952c83 [2026-03-05T11:38:04.303610] Failed to compile droplet: Failed to run all supply scripts: exit status 14 (STDERR, STG)#
#2026 03 05 11:48:18.721#Z#DEBUG#0066f6cb-1889-11f1-a16f-eeee0a90b015.c25c385-2-approuter#flowable-async-job-executor-thread-715#
[PollStageAppStatusExecution] a5c869df-1334-45d0-87fb-b2433d952c83 [2026-03-05T11:38:04.311011] Exit status 223 (STDOUT, STG)#
#2026 03 05 11:48:18.721#Z#DEBUG#0066f6cb-1889-11f1-a16f-eeee0a90b015.c25c385-2-approuter#flowable-async-job-executor-thread-715#
[PollStageAppStatusExecution] a5c869df-1334-45d0-87fb-b2433d952c83 [2026-03-05T11:38:04.632229] Cell 684caff8-89cd-492b-be01-b3d0835f1763 stopping instance 07b0985a-b8c1-4932-9ca5-1e40b7a46fcf (STDOUT, STG)#
#2026 03 05 11:48:18.721#Z#DEBUG#0066f6cb-1889-11f1-a16f-eeee0a90b015.c25c385-2-approuter#flowable-async-job-executor-thread-715#
[PollStageAppStatusExecution] a5c869df-1334-45d0-87fb-b2433d952c83 [2026-03-05T11:38:04.632278] Cell 684caff8-89cd-492b-be01-b3d0835f1763 destroying container for instance 07b0985a-b8c1-4932-9ca5-1e40b7a46fcf (STDOUT, STG)#
#2026 03 05 11:48:18.721#Z#DEBUG#0066f6cb-1889-11f1-a16f-eeee0a90b015.c25c385-2-approuter#flowable-async-job-executor-thread-715#
[PollStageAppStatusExecution] a5c869df-1334-45d0-87fb-b2433d952c83 [2026-03-05T11:38:04.671665] Failed to stage build: staging failed (STDERR, API)#
#2026 03 05 11:48:18.721#Z#DEBUG#0066f6cb-1889-11f1-a16f-eeee0a90b015.c25c385-2-approuter#flowable-async-job-executor-thread-715#
[PollStageAppStatusExecution] a5c869df-1334-45d0-87fb-b2433d952c83 [2026-03-05T11:38:07.890671] Cell 684caff8-89cd-492b-be01-b3d0835f1763 successfully destroyed container for instance 07b0985a-b8c1-4932-9ca5-1e40b7a46fcf (STDOUT, STG)#
#2026 03 05 11:48:18.721#Z#DEBUG#0066f6cb-1889-11f1-a16f-eeee0a90b015.c25c385-2-approuter#flowable-async-job-executor-thread-715#
[PollStageAppStatusExecution] a5c869df-1334-45d0-87fb-b2433d952c83 [2026-03-05T11:43:41.380656] Updated app with guid a5c869df-1334-45d0-87fb-b2433d952c83 ({"lifecycle"=>{"data"=>{"buildpacks"=>[]}, "type"=>"buildpack"}}) (STDOUT, API)#
#2026 03 05 11:48:18.721#Z#DEBUG#0066f6cb-1889-11f1-a16f-eeee0a90b015.c25c385-2-approuter#flowable-async-job-executor-thread-715#
[PollStageAppStatusExecution] a5c869df-1334-45d0-87fb-b2433d952c83 [2026-03-05T11:43:41.474866] Updating process: "web" (STDOUT, API)#
#2026 03 05 11:48:18.721#Z#DEBUG#0066f6cb-1889-11f1-a16f-eeee0a90b015.c25c385-2-approuter#flowable-async-job-executor-thread-715#
[PollStageAppStatusExecution] a5c869df-1334-45d0-87fb-b2433d952c83 [2026-03-05T11:44:17.665556] Uploading app package for app with guid a5c869df-1334-45d0-87fb-b2433d952c83 (STDOUT, API)#
#2026 03 05 11:48:18.721#Z#DEBUG#0066f6cb-1889-11f1-a16f-eeee0a90b015.c25c385-2-approuter#flowable-async-job-executor-thread-715#
[PollStageAppStatusExecution] a5c869df-1334-45d0-87fb-b2433d952c83 [2026-03-05T11:44:27.394108] Creating build for app with guid a5c869df-1334-45d0-87fb-b2433d952c83 (STDOUT, API)#
#2026 03 05 11:48:18.721#Z#DEBUG#0066f6cb-1889-11f1-a16f-eeee0a90b015.c25c385-2-approuter#flowable-async-job-executor-thread-715#
[PollStageAppStatusExecution] a5c869df-1334-45d0-87fb-b2433d952c83 [2026-03-05T11:44:27.957469] Downloading zero_trust_sidecar_buildpack_1_15... (STDOUT, STG)#
#2026 03 05 11:48:18.721#Z#DEBUG#0066f6cb-1889-11f1-a16f-eeee0a90b015.c25c385-2-approuter#flowable-async-job-executor-thread-715#
[PollStageAppStatusExecution] a5c869df-1334-45d0-87fb-b2433d952c83 [2026-03-05T11:44:27.957495] Downloading java_buildpack... (STDOUT, STG)#
#2026 03 05 11:48:18.721#Z#DEBUG#0066f6cb-1889-11f1-a16f-eeee0a90b015.c25c385-2-approuter#flowable-async-job-executor-thread-715#
[PollStageAppStatusExecution] a5c869df-1334-45d0-87fb-b2433d952c83 [2026-03-05T11:44:27.957502] Downloading php_buildpack... (STDOUT, STG)#
#2026 03 05 11:48:18.721#Z#DEBUG#0066f6cb-1889-11f1-a16f-eeee0a90b015.c25c385-2-approuter#flowable-async-job-executor-thread-715#
[PollStageAppStatusExecution] a5c869df-1334-45d0-87fb-b2433d952c83 [2026-03-05T11:44:27.957567] Downloading go_buildpack... (STDOUT, STG)#
#2026 03 05 11:48:18.721#Z#DEBUG#0066f6cb-1889-11f1-a16f-eeee0a90b015.c25c385-2-approuter#flowable-async-job-executor-thread-715#
[PollStageAppStatusExecution] a5c869df-1334-45d0-87fb-b2433d952c83 [2026-03-05T11:44:27.957622] Downloading sap_java_buildpack_jakarta_2_50... (STDOUT, STG)#
#2026 03 05 11:48:18.721#Z#DEBUG#0066f6cb-1889-11f1-a16f-eeee0a90b015.c25c385-2-approuter#flowable-async-job-executor-thread-715#
[PollStageAppStatusExecution] a5c869df-1334-45d0-87fb-b2433d952c83 [2026-03-05T11:44:28.003638] Downloaded sap_java_buildpack_jakarta_2_50 (STDOUT, STG)#
#2026 03 05 11:48:18.721#Z#DEBUG#0066f6cb-1889-11f1-a16f-eeee0a90b015.c25c385-2-approuter#flowable-async-job-executor-thread-715#
[PollStageAppStatusExecution] a5c869df-1334-45d0-87fb-b2433d952c83 [2026-03-05T11:44:28.003669] Downloading zero_trust_sidecar_buildpack_1_14... (STDOUT, STG)#
#2026 03 05 11:48:18.721#Z#DEBUG#0066f6cb-1889-11f1-a16f-eeee0a90b015.c25c385-2-approuter#flowable-async-job-executor-thread-715#
[PollStageAppStatusExecution] a5c869df-1334-45d0-87fb-b2433d952c83 [2026-03-05T11:44:28.005403] Downloaded go_buildpack (STDOUT, STG)#
#2026 03 05 11:48:18.721#Z#DEBUG#0066f6cb-1889-11f1-a16f-eeee0a90b015.c25c385-2-approuter#flowable-async-job-executor-thread-715#
[PollStageAppStatusExecution] a5c869df-1334-45d0-87fb-b2433d952c83 [2026-03-05T11:44:28.005426] Downloading sap_java_buildpack_jakarta_2_49... (STDOUT, STG)#
#2026 03 05 11:48:18.721#Z#DEBUG#0066f6cb-1889-11f1-a16f-eeee0a90b015.c25c385-2-approuter#flowable-async-job-executor-thread-715#
[PollStageAppStatusExecution] a5c869df-1334-45d0-87fb-b2433d952c83 [2026-03-05T11:44:28.006570] Downloaded java_buildpack (STDOUT, STG)#
#2026 03 05 11:48:18.721#Z#DEBUG#0066f6cb-1889-11f1-a16f-eeee0a90b015.c25c385-2-approuter#flowable-async-job-executor-thread-715#
[PollStageAppStatusExecution] a5c869df-1334-45d0-87fb-b2433d952c83 [2026-03-05T11:44:28.006592] Downloading staticfile_buildpack... (STDOUT, STG)#
#2026 03 05 11:48:18.721#Z#DEBUG#0066f6cb-1889-11f1-a16f-eeee0a90b015.c25c385-2-approuter#flowable-async-job-executor-thread-715#
[PollStageAppStatusExecution] a5c869df-1334-45d0-87fb-b2433d952c83 [2026-03-05T11:44:28.007045] Downloaded zero_trust_sidecar_buildpack_1_15 (STDOUT, STG)#
#2026 03 05 11:48:18.721#Z#DEBUG#0066f6cb-1889-11f1-a16f-eeee0a90b015.c25c385-2-approuter#flowable-async-job-executor-thread-715#
[PollStageAppStatusExecution] a5c869df-1334-45d0-87fb-b2433d952c83 [2026-03-05T11:44:28.014482] Downloading python_buildpack... (STDOUT, STG)#
#2026 03 05 11:48:18.721#Z#DEBUG#0066f6cb-1889-11f1-a16f-eeee0a90b015.c25c385-2-approuter#flowable-async-job-executor-thread-715#
[PollStageAppStatusExecution] a5c869df-1334-45d0-87fb-b2433d952c83 [2026-03-05T11:44:28.030233] Downloaded python_buildpack (STDOUT, STG)#
#2026 03 05 11:48:18.721#Z#DEBUG#0066f6cb-1889-11f1-a16f-eeee0a90b015.c25c385-2-approuter#flowable-async-job-executor-thread-715#
[PollStageAppStatusExecution] a5c869df-1334-45d0-87fb-b2433d952c83 [2026-03-05T11:44:28.030269] Downloading nodejs_buildpack... (STDOUT, STG)#
#2026 03 05 11:48:18.721#Z#DEBUG#0066f6cb-1889-11f1-a16f-eeee0a90b015.c25c385-2-approuter#flowable-async-job-executor-thread-715#
[PollStageAppStatusExecution] a5c869df-1334-45d0-87fb-b2433d952c83 [2026-03-05T11:44:28.043661] Downloaded sap_java_buildpack_jakarta_2_49 (STDOUT, STG)#
#2026 03 05 11:48:18.721#Z#DEBUG#0066f6cb-1889-11f1-a16f-eeee0a90b015.c25c385-2-approuter#flowable-async-job-executor-thread-715#
[PollStageAppStatusExecution] a5c869df-1334-45d0-87fb-b2433d952c83 [2026-03-05T11:44:28.043678] Downloading binary_buildpack... (STDOUT, STG)#
#2026 03 05 11:48:18.721#Z#DEBUG#0066f6cb-1889-11f1-a16f-eeee0a90b015.c25c385-2-approuter#flowable-async-job-executor-thread-715#
[PollStageAppStatusExecution] a5c869df-1334-45d0-87fb-b2433d952c83 [2026-03-05T11:44:28.045553] Downloaded zero_trust_sidecar_buildpack_1_14 (STDOUT, STG)#
#2026 03 05 11:48:18.721#Z#DEBUG#0066f6cb-1889-11f1-a16f-eeee0a90b015.c25c385-2-approuter#flowable-async-job-executor-thread-715#
[PollStageAppStatusExecution] a5c869df-1334-45d0-87fb-b2433d952c83 [2026-03-05T11:44:28.045568] Downloading nginx_buildpack... (STDOUT, STG)#
#2026 03 05 11:48:18.721#Z#DEBUG#0066f6cb-1889-11f1-a16f-eeee0a90b015.c25c385-2-approuter#flowable-async-job-executor-thread-715#
[PollStageAppStatusExecution] a5c869df-1334-45d0-87fb-b2433d952c83 [2026-03-05T11:44:28.050599] Downloaded staticfile_buildpack (STDOUT, STG)#
#2026 03 05 11:48:18.721#Z#DEBUG#0066f6cb-1889-11f1-a16f-eeee0a90b015.c25c385-2-approuter#flowable-async-job-executor-thread-715#
[PollStageAppStatusExecution] a5c869df-1334-45d0-87fb-b2433d952c83 [2026-03-05T11:44:28.050623] Downloading sap_java_buildpack_jakarta... (STDOUT, STG)#
#2026 03 05 11:48:18.721#Z#DEBUG#0066f6cb-1889-11f1-a16f-eeee0a90b015.c25c385-2-approuter#flowable-async-job-executor-thread-715#
[PollStageAppStatusExecution] a5c869df-1334-45d0-87fb-b2433d952c83 [2026-03-05T11:44:28.071667] Downloaded nodejs_buildpack (STDOUT, STG)#
#2026 03 05 11:48:18.721#Z#DEBUG#0066f6cb-1889-11f1-a16f-eeee0a90b015.c25c385-2-approuter#flowable-async-job-executor-thread-715#
[PollStageAppStatusExecution] a5c869df-1334-45d0-87fb-b2433d952c83 [2026-03-05T11:44:28.071705] Downloading zero_trust_sidecar_buildpack_1_13... (STDOUT, STG)#
#2026 03 05 11:48:18.721#Z#DEBUG#0066f6cb-1889-11f1-a16f-eeee0a90b015.c25c385-2-approuter#flowable-async-job-executor-thread-715#
[PollStageAppStatusExecution] a5c869df-1334-45d0-87fb-b2433d952c83 [2026-03-05T11:44:28.072835] Downloaded php_buildpack (STDOUT, STG)#
#2026 03 05 11:48:18.721#Z#DEBUG#0066f6cb-1889-11f1-a16f-eeee0a90b015.c25c385-2-approuter#flowable-async-job-executor-thread-715#
[PollStageAppStatusExecution] a5c869df-1334-45d0-87fb-b2433d952c83 [2026-03-05T11:44:28.072869] Downloading zero_trust_sidecar_buildpack... (STDOUT, STG)#
#2026 03 05 11:48:18.721#Z#DEBUG#0066f6cb-1889-11f1-a16f-eeee0a90b015.c25c385-2-approuter#flowable-async-job-executor-thread-715#
[PollStageAppStatusExecution] a5c869df-1334-45d0-87fb-b2433d952c83 [2026-03-05T11:44:28.090261] Downloaded sap_java_buildpack_jakarta (STDOUT, STG)#
#2026 03 05 11:48:18.721#Z#DEBUG#0066f6cb-1889-11f1-a16f-eeee0a90b015.c25c385-2-approuter#flowable-async-job-executor-thread-715#
[PollStageAppStatusExecution] a5c869df-1334-45d0-87fb-b2433d952c83 [2026-03-05T11:44:28.090293] Downloading sap_java_buildpack_jakarta_2_51... (STDOUT, STG)#
#2026 03 05 11:48:18.721#Z#DEBUG#0066f6cb-1889-11f1-a16f-eeee0a90b015.c25c385-2-approuter#flowable-async-job-executor-thread-715#
[PollStageAppStatusExecution] a5c869df-1334-45d0-87fb-b2433d952c83 [2026-03-05T11:44:28.090835] Downloaded zero_trust_sidecar_buildpack (STDOUT, STG)#
#2026 03 05 11:48:18.721#Z#DEBUG#0066f6cb-1889-11f1-a16f-eeee0a90b015.c25c385-2-approuter#flowable-async-job-executor-thread-715#
[PollStageAppStatusExecution] a5c869df-1334-45d0-87fb-b2433d952c83 [2026-03-05T11:44:28.092643] Downloaded binary_buildpack (STDOUT, STG)#
#2026 03 05 11:48:18.721#Z#DEBUG#0066f6cb-1889-11f1-a16f-eeee0a90b015.c25c385-2-approuter#flowable-async-job-executor-thread-715#
[PollStageAppStatusExecution] a5c869df-1334-45d0-87fb-b2433d952c83 [2026-03-05T11:44:28.096834] Downloaded nginx_buildpack (STDOUT, STG)#
#2026 03 05 11:48:18.721#Z#DEBUG#0066f6cb-1889-11f1-a16f-eeee0a90b015.c25c385-2-approuter#flowable-async-job-executor-thread-715#
[PollStageAppStatusExecution] a5c869df-1334-45d0-87fb-b2433d952c83 [2026-03-05T11:44:28.120986] Downloaded zero_trust_sidecar_buildpack_1_13 (STDOUT, STG)#
#2026 03 05 11:48:18.721#Z#DEBUG#0066f6cb-1889-11f1-a16f-eeee0a90b015.c25c385-2-approuter#flowable-async-job-executor-thread-715#
[PollStageAppStatusExecution] a5c869df-1334-45d0-87fb-b2433d952c83 [2026-03-05T11:44:28.145320] Downloaded sap_java_buildpack_jakarta_2_51 (STDOUT, STG)#
#2026 03 05 11:48:18.721#Z#DEBUG#0066f6cb-1889-11f1-a16f-eeee0a90b015.c25c385-2-approuter#flowable-async-job-executor-thread-715#
[PollStageAppStatusExecution] a5c869df-1334-45d0-87fb-b2433d952c83 [2026-03-05T11:44:28.145432] Cell 77283d80-dfa7-40ba-ba4e-265aef112085 creating container for instance d862eea4-0d6b-4e66-9c86-a25662295486 (STDOUT, STG)#
#2026 03 05 11:48:18.721#Z#DEBUG#0066f6cb-1889-11f1-a16f-eeee0a90b015.c25c385-2-approuter#flowable-async-job-executor-thread-715#
[PollStageAppStatusExecution] a5c869df-1334-45d0-87fb-b2433d952c83 [2026-03-05T11:44:28.697428] Security group rules were updated (STDOUT, STG)#
#2026 03 05 11:48:18.721#Z#DEBUG#0066f6cb-1889-11f1-a16f-eeee0a90b015.c25c385-2-approuter#flowable-async-job-executor-thread-715#
[PollStageAppStatusExecution] a5c869df-1334-45d0-87fb-b2433d952c83 [2026-03-05T11:44:28.746917] Cell 77283d80-dfa7-40ba-ba4e-265aef112085 successfully created container for instance d862eea4-0d6b-4e66-9c86-a25662295486 (STDOUT, STG)#
#2026 03 05 11:48:18.721#Z#DEBUG#0066f6cb-1889-11f1-a16f-eeee0a90b015.c25c385-2-approuter#flowable-async-job-executor-thread-715#
[PollStageAppStatusExecution] a5c869df-1334-45d0-87fb-b2433d952c83 [2026-03-05T11:44:29.236327] Downloading app package... (STDOUT, STG)#
#2026 03 05 11:48:18.721#Z#DEBUG#0066f6cb-1889-11f1-a16f-eeee0a90b015.c25c385-2-approuter#flowable-async-job-executor-thread-715#
[PollStageAppStatusExecution] a5c869df-1334-45d0-87fb-b2433d952c83 [2026-03-05T11:44:30.129905] Downloaded app package (7.7M) (STDOUT, STG)#
#2026 03 05 11:48:18.721#Z#DEBUG#0066f6cb-1889-11f1-a16f-eeee0a90b015.c25c385-2-approuter#flowable-async-job-executor-thread-715#
[PollStageAppStatusExecution] a5c869df-1334-45d0-87fb-b2433d952c83 [2026-03-05T11:44:30.665510] -----> Nodejs Buildpack version 1.8.41 (STDOUT, STG)#
#2026 03 05 11:48:18.721#Z#DEBUG#0066f6cb-1889-11f1-a16f-eeee0a90b015.c25c385-2-approuter#flowable-async-job-executor-thread-715#
[PollStageAppStatusExecution] a5c869df-1334-45d0-87fb-b2433d952c83 [2026-03-05T11:44:30.973315] -----> Bootstrapping python (STDOUT, STG)#
#2026 03 05 11:48:18.721#Z#DEBUG#0066f6cb-1889-11f1-a16f-eeee0a90b015.c25c385-2-approuter#flowable-async-job-executor-thread-715#
[PollStageAppStatusExecution] a5c869df-1334-45d0-87fb-b2433d952c83 [2026-03-05T11:44:30.973338] -----> Installing python 3.11.14 (STDOUT, STG)#
#2026 03 05 11:48:18.721#Z#DEBUG#0066f6cb-1889-11f1-a16f-eeee0a90b015.c25c385-2-approuter#flowable-async-job-executor-thread-715#
[PollStageAppStatusExecution] a5c869df-1334-45d0-87fb-b2433d952c83 [2026-03-05T11:44:30.973354] Copy [/tmp/buildpacks/dfa36c7d15e4ae2c/dependencies/c334a3cd7ccf4e78ab45ef5e33dcd936/python_3.11.14_linux_x64_cflinuxfs4_5d0a9d8b.tgz] (STDOUT, STG)#
#2026 03 05 11:48:18.721#Z#DEBUG#0066f6cb-1889-11f1-a16f-eeee0a90b015.c25c385-2-approuter#flowable-async-job-executor-thread-715#
[PollStageAppStatusExecution] a5c869df-1334-45d0-87fb-b2433d952c83 [2026-03-05T11:44:34.019914] -----> Installing binaries (STDOUT, STG)#
#2026 03 05 11:48:18.721#Z#DEBUG#0066f6cb-1889-11f1-a16f-eeee0a90b015.c25c385-2-approuter#flowable-async-job-executor-thread-715#
[PollStageAppStatusExecution] a5c869df-1334-45d0-87fb-b2433d952c83 [2026-03-05T11:44:34.020108] engines.node (package.json): ^16.0.0 || ^18.0.0 (STDOUT, STG)#
#2026 03 05 11:48:18.721#Z#DEBUG#0066f6cb-1889-11f1-a16f-eeee0a90b015.c25c385-2-approuter#flowable-async-job-executor-thread-715#
[PollStageAppStatusExecution] a5c869df-1334-45d0-87fb-b2433d952c83 [2026-03-05T11:44:34.020140] engines.npm (package.json): unspecified (use default) (STDOUT, STG)#
#2026 03 05 11:48:18.721#Z#DEBUG#0066f6cb-1889-11f1-a16f-eeee0a90b015.c25c385-2-approuter#flowable-async-job-executor-thread-715#
[PollStageAppStatusExecution] a5c869df-1334-45d0-87fb-b2433d952c83 [2026-03-05T11:44:34.020146] [31;1m**ERROR**[0m Unable to install node: no match found for ^16.0.0 || ^18.0.0 in [20.19.3 20.19.5 22.20.0 22.21.1 24.3.0 24.10.0] (STDOUT, STG)#
#2026 03 05 11:48:18.721#Z#DEBUG#0066f6cb-1889-11f1-a16f-eeee0a90b015.c25c385-2-approuter#flowable-async-job-executor-thread-715#
[PollStageAppStatusExecution] a5c869df-1334-45d0-87fb-b2433d952c83 [2026-03-05T11:44:34.022664] Failed to compile droplet: Failed to run all supply scripts: exit status 14 (STDERR, STG)#
#2026 03 05 11:48:18.721#Z#DEBUG#0066f6cb-1889-11f1-a16f-eeee0a90b015.c25c385-2-approuter#flowable-async-job-executor-thread-715#
[PollStageAppStatusExecution] a5c869df-1334-45d0-87fb-b2433d952c83 [2026-03-05T11:44:34.028515] Exit status 223 (STDOUT, STG)#
#2026 03 05 11:48:18.721#Z#DEBUG#0066f6cb-1889-11f1-a16f-eeee0a90b015.c25c385-2-approuter#flowable-async-job-executor-thread-715#
[PollStageAppStatusExecution] a5c869df-1334-45d0-87fb-b2433d952c83 [2026-03-05T11:44:34.579404] Cell 77283d80-dfa7-40ba-ba4e-265aef112085 stopping instance d862eea4-0d6b-4e66-9c86-a25662295486 (STDOUT, STG)#
#2026 03 05 11:48:18.721#Z#DEBUG#0066f6cb-1889-11f1-a16f-eeee0a90b015.c25c385-2-approuter#flowable-async-job-executor-thread-715#
[PollStageAppStatusExecution] a5c869df-1334-45d0-87fb-b2433d952c83 [2026-03-05T11:44:34.579451] Cell 77283d80-dfa7-40ba-ba4e-265aef112085 destroying container for instance d862eea4-0d6b-4e66-9c86-a25662295486 (STDOUT, STG)#
#2026 03 05 11:48:18.721#Z#DEBUG#0066f6cb-1889-11f1-a16f-eeee0a90b015.c25c385-2-approuter#flowable-async-job-executor-thread-715#
[PollStageAppStatusExecution] a5c869df-1334-45d0-87fb-b2433d952c83 [2026-03-05T11:44:34.617585] Failed to stage build: staging failed (STDERR, API)#
#2026 03 05 11:48:18.721#Z#DEBUG#0066f6cb-1889-11f1-a16f-eeee0a90b015.c25c385-2-approuter#flowable-async-job-executor-thread-715#
[PollStageAppStatusExecution] a5c869df-1334-45d0-87fb-b2433d952c83 [2026-03-05T11:44:37.477526] Cell 77283d80-dfa7-40ba-ba4e-265aef112085 successfully destroyed container for instance d862eea4-0d6b-4e66-9c86-a25662295486 (STDOUT, STG)#
#2026 03 05 11:48:18.721#Z#DEBUG#0066f6cb-1889-11f1-a16f-eeee0a90b015.c25c385-2-approuter#flowable-async-job-executor-thread-715#
[PollStageAppStatusExecution] a5c869df-1334-45d0-87fb-b2433d952c83 [2026-03-05T11:44:38.136894] Creating build for app with guid a5c869df-1334-45d0-87fb-b2433d952c83 (STDOUT, API)#
#2026 03 05 11:48:18.721#Z#DEBUG#0066f6cb-1889-11f1-a16f-eeee0a90b015.c25c385-2-approuter#flowable-async-job-executor-thread-715#
[PollStageAppStatusExecution] a5c869df-1334-45d0-87fb-b2433d952c83 [2026-03-05T11:44:38.759810] Downloading zero_trust_sidecar_buildpack_1_15... (STDOUT, STG)#
#2026 03 05 11:48:18.721#Z#DEBUG#0066f6cb-1889-11f1-a16f-eeee0a90b015.c25c385-2-approuter#flowable-async-job-executor-thread-715#
[PollStageAppStatusExecution] a5c869df-1334-45d0-87fb-b2433d952c83 [2026-03-05T11:44:38.759814] Downloading go_buildpack... (STDOUT, STG)#
#2026 03 05 11:48:18.721#Z#DEBUG#0066f6cb-1889-11f1-a16f-eeee0a90b015.c25c385-2-approuter#flowable-async-job-executor-thread-715#
[PollStageAppStatusExecution] a5c869df-1334-45d0-87fb-b2433d952c83 [2026-03-05T11:44:38.759851] Downloading staticfile_buildpack... (STDOUT, STG)#
#2026 03 05 11:48:18.721#Z#DEBUG#0066f6cb-1889-11f1-a16f-eeee0a90b015.c25c385-2-approuter#flowable-async-job-executor-thread-715#
[PollStageAppStatusExecution] a5c869df-1334-45d0-87fb-b2433d952c83 [2026-03-05T11:44:38.759852] Downloading java_buildpack... (STDOUT, STG)#
#2026 03 05 11:48:18.721#Z#DEBUG#0066f6cb-1889-11f1-a16f-eeee0a90b015.c25c385-2-approuter#flowable-async-job-executor-thread-715#
[PollStageAppStatusExecution] a5c869df-1334-45d0-87fb-b2433d952c83 [2026-03-05T11:44:38.770866] Downloading nodejs_buildpack... (STDOUT, STG)#
#2026 03 05 11:48:18.721#Z#DEBUG#0066f6cb-1889-11f1-a16f-eeee0a90b015.c25c385-2-approuter#flowable-async-job-executor-thread-715#
[PollStageAppStatusExecution] a5c869df-1334-45d0-87fb-b2433d952c83 [2026-03-05T11:44:38.805066] Downloaded java_buildpack (STDOUT, STG)#
#2026 03 05 11:48:18.721#Z#DEBUG#0066f6cb-1889-11f1-a16f-eeee0a90b015.c25c385-2-approuter#flowable-async-job-executor-thread-715#
[PollStageAppStatusExecution] a5c869df-1334-45d0-87fb-b2433d952c83 [2026-03-05T11:44:38.805095] Downloading sap_java_buildpack_jakarta_2_50... (STDOUT, STG)#
#2026 03 05 11:48:18.721#Z#DEBUG#0066f6cb-1889-11f1-a16f-eeee0a90b015.c25c385-2-approuter#flowable-async-job-executor-thread-715#
[PollStageAppStatusExecution] a5c869df-1334-45d0-87fb-b2433d952c83 [2026-03-05T11:44:38.809205] Downloaded staticfile_buildpack (STDOUT, STG)#
#2026 03 05 11:48:18.721#Z#DEBUG#0066f6cb-1889-11f1-a16f-eeee0a90b015.c25c385-2-approuter#flowable-async-job-executor-thread-715#
[PollStageAppStatusExecution] a5c869df-1334-45d0-87fb-b2433d952c83 [2026-03-05T11:44:38.809225] Downloading python_buildpack... (STDOUT, STG)#
#2026 03 05 11:48:18.721#Z#DEBUG#0066f6cb-1889-11f1-a16f-eeee0a90b015.c25c385-2-approuter#flowable-async-job-executor-thread-715#
[PollStageAppStatusExecution] a5c869df-1334-45d0-87fb-b2433d952c83 [2026-03-05T11:44:38.814049] Downloaded zero_trust_sidecar_buildpack_1_15 (STDOUT, STG)#
#2026 03 05 11:48:18.721#Z#DEBUG#0066f6cb-1889-11f1-a16f-eeee0a90b015.c25c385-2-approuter#flowable-async-job-executor-thread-715#
[PollStageAppStatusExecution] a5c869df-1334-45d0-87fb-b2433d952c83 [2026-03-05T11:44:38.814068] Downloading php_buildpack... (STDOUT, STG)#
#2026 03 05 11:48:18.721#Z#DEBUG#0066f6cb-1889-11f1-a16f-eeee0a90b015.c25c385-2-approuter#flowable-async-job-executor-thread-715#
[PollStageAppStatusExecution] a5c869df-1334-45d0-87fb-b2433d952c83 [2026-03-05T11:44:38.816650] Downloaded go_buildpack (STDOUT, STG)#
#2026 03 05 11:48:18.721#Z#DEBUG#0066f6cb-1889-11f1-a16f-eeee0a90b015.c25c385-2-approuter#flowable-async-job-executor-thread-715#
[PollStageAppStatusExecution] a5c869df-1334-45d0-87fb-b2433d952c83 [2026-03-05T11:44:38.816672] Downloading nginx_buildpack... (STDOUT, STG)#
#2026 03 05 11:48:18.721#Z#DEBUG#0066f6cb-1889-11f1-a16f-eeee0a90b015.c25c385-2-approuter#flowable-async-job-executor-thread-715#
[PollStageAppStatusExecution] a5c869df-1334-45d0-87fb-b2433d952c83 [2026-03-05T11:44:38.817827] Downloaded nodejs_buildpack (STDOUT, STG)#
#2026 03 05 11:48:18.721#Z#DEBUG#0066f6cb-1889-11f1-a16f-eeee0a90b015.c25c385-2-approuter#flowable-async-job-executor-thread-715#
[PollStageAppStatusExecution] a5c869df-1334-45d0-87fb-b2433d952c83 [2026-03-05T11:44:38.817845] Downloading binary_buildpack... (STDOUT, STG)#
#2026 03 05 11:48:18.721#Z#DEBUG#0066f6cb-1889-11f1-a16f-eeee0a90b015.c25c385-2-approuter#flowable-async-job-executor-thread-715#
[PollStageAppStatusExecution] a5c869df-1334-45d0-87fb-b2433d952c83 [2026-03-05T11:44:38.847831] Downloaded sap_java_buildpack_jakarta_2_50 (STDOUT, STG)#
#2026 03 05 11:48:18.721#Z#DEBUG#0066f6cb-1889-11f1-a16f-eeee0a90b015.c25c385-2-approuter#flowable-async-job-executor-thread-715#
[PollStageAppStatusExecution] a5c869df-1334-45d0-87fb-b2433d952c83 [2026-03-05T11:44:38.847856] Downloading sap_java_buildpack_jakarta... (STDOUT, STG)#
#2026 03 05 11:48:18.721#Z#DEBUG#0066f6cb-1889-11f1-a16f-eeee0a90b015.c25c385-2-approuter#flowable-async-job-executor-thread-715#
[PollStageAppStatusExecution] a5c869df-1334-45d0-87fb-b2433d952c83 [2026-03-05T11:44:38.859550] Downloaded php_buildpack (STDOUT, STG)#
#2026 03 05 11:48:18.721#Z#DEBUG#0066f6cb-1889-11f1-a16f-eeee0a90b015.c25c385-2-approuter#flowable-async-job-executor-thread-715#
[PollStageAppStatusExecution] a5c869df-1334-45d0-87fb-b2433d952c83 [2026-03-05T11:44:38.859635] Downloading sap_java_buildpack_jakarta_2_51... (STDOUT, STG)#
#2026 03 05 11:48:18.721#Z#DEBUG#0066f6cb-1889-11f1-a16f-eeee0a90b015.c25c385-2-approuter#flowable-async-job-executor-thread-715#
[PollStageAppStatusExecution] a5c869df-1334-45d0-87fb-b2433d952c83 [2026-03-05T11:44:38.863417] Downloaded python_buildpack (STDOUT, STG)#
#2026 03 05 11:48:18.721#Z#DEBUG#0066f6cb-1889-11f1-a16f-eeee0a90b015.c25c385-2-approuter#flowable-async-job-executor-thread-715#
[PollStageAppStatusExecution] a5c869df-1334-45d0-87fb-b2433d952c83 [2026-03-05T11:44:38.863441] Downloading zero_trust_sidecar_buildpack_1_13... (STDOUT, STG)#
#2026 03 05 11:48:18.721#Z#DEBUG#0066f6cb-1889-11f1-a16f-eeee0a90b015.c25c385-2-approuter#flowable-async-job-executor-thread-715#
[PollStageAppStatusExecution] a5c869df-1334-45d0-87fb-b2433d952c83 [2026-03-05T11:44:38.865625] Downloaded binary_buildpack (STDOUT, STG)#
#2026 03 05 11:48:18.721#Z#DEBUG#0066f6cb-1889-11f1-a16f-eeee0a90b015.c25c385-2-approuter#flowable-async-job-executor-thread-715#
[PollStageAppStatusExecution] a5c869df-1334-45d0-87fb-b2433d952c83 [2026-03-05T11:44:38.865643] Downloading sap_java_buildpack_jakarta_2_49... (STDOUT, STG)#
#2026 03 05 11:48:18.721#Z#DEBUG#0066f6cb-1889-11f1-a16f-eeee0a90b015.c25c385-2-approuter#flowable-async-job-executor-thread-715#
[PollStageAppStatusExecution] a5c869df-1334-45d0-87fb-b2433d952c83 [2026-03-05T11:44:38.866469] Downloaded nginx_buildpack (STDOUT, STG)#
#2026 03 05 11:48:18.721#Z#DEBUG#0066f6cb-1889-11f1-a16f-eeee0a90b015.c25c385-2-approuter#flowable-async-job-executor-thread-715#
[PollStageAppStatusExecution] a5c869df-1334-45d0-87fb-b2433d952c83 [2026-03-05T11:44:38.866485] Downloading zero_trust_sidecar_buildpack_1_14... (STDOUT, STG)#
#2026 03 05 11:48:18.721#Z#DEBUG#0066f6cb-1889-11f1-a16f-eeee0a90b015.c25c385-2-approuter#flowable-async-job-executor-thread-715#
[PollStageAppStatusExecution] a5c869df-1334-45d0-87fb-b2433d952c83 [2026-03-05T11:44:38.884199] Downloaded sap_java_buildpack_jakarta_2_49 (STDOUT, STG)#
#2026 03 05 11:48:18.721#Z#DEBUG#0066f6cb-1889-11f1-a16f-eeee0a90b015.c25c385-2-approuter#flowable-async-job-executor-thread-715#
[PollStageAppStatusExecution] a5c869df-1334-45d0-87fb-b2433d952c83 [2026-03-05T11:44:38.884236] Downloading zero_trust_sidecar_buildpack... (STDOUT, STG)#
#2026 03 05 11:48:18.721#Z#DEBUG#0066f6cb-1889-11f1-a16f-eeee0a90b015.c25c385-2-approuter#flowable-async-job-executor-thread-715#
[PollStageAppStatusExecution] a5c869df-1334-45d0-87fb-b2433d952c83 [2026-03-05T11:44:38.894814] Downloaded sap_java_buildpack_jakarta (STDOUT, STG)#
#2026 03 05 11:48:18.721#Z#DEBUG#0066f6cb-1889-11f1-a16f-eeee0a90b015.c25c385-2-approuter#flowable-async-job-executor-thread-715#
[PollStageAppStatusExecution] a5c869df-1334-45d0-87fb-b2433d952c83 [2026-03-05T11:44:38.905039] Downloaded sap_java_buildpack_jakarta_2_51 (STDOUT, STG)#
#2026 03 05 11:48:18.721#Z#DEBUG#0066f6cb-1889-11f1-a16f-eeee0a90b015.c25c385-2-approuter#flowable-async-job-executor-thread-715#
[PollStageAppStatusExecution] a5c869df-1334-45d0-87fb-b2433d952c83 [2026-03-05T11:44:38.911205] Downloaded zero_trust_sidecar_buildpack_1_13 (STDOUT, STG)#
#2026 03 05 11:48:18.721#Z#DEBUG#0066f6cb-1889-11f1-a16f-eeee0a90b015.c25c385-2-approuter#flowable-async-job-executor-thread-715#
[PollStageAppStatusExecution] a5c869df-1334-45d0-87fb-b2433d952c83 [2026-03-05T11:44:38.917896] Downloaded zero_trust_sidecar_buildpack_1_14 (STDOUT, STG)#
#2026 03 05 11:48:18.721#Z#DEBUG#0066f6cb-1889-11f1-a16f-eeee0a90b015.c25c385-2-approuter#flowable-async-job-executor-thread-715#
[PollStageAppStatusExecution] a5c869df-1334-45d0-87fb-b2433d952c83 [2026-03-05T11:44:38.931684] Downloaded zero_trust_sidecar_buildpack (STDOUT, STG)#
#2026 03 05 11:48:18.721#Z#DEBUG#0066f6cb-1889-11f1-a16f-eeee0a90b015.c25c385-2-approuter#flowable-async-job-executor-thread-715#
[PollStageAppStatusExecution] a5c869df-1334-45d0-87fb-b2433d952c83 [2026-03-05T11:44:38.931784] Cell 77283d80-dfa7-40ba-ba4e-265aef112085 creating container for instance 0d0e8567-2021-4721-ab3c-6087c22c3d94 (STDOUT, STG)#
#2026 03 05 11:48:18.721#Z#DEBUG#0066f6cb-1889-11f1-a16f-eeee0a90b015.c25c385-2-approuter#flowable-async-job-executor-thread-715#
[PollStageAppStatusExecution] a5c869df-1334-45d0-87fb-b2433d952c83 [2026-03-05T11:44:39.352898] Security group rules were updated (STDOUT, STG)#
#2026 03 05 11:48:18.721#Z#DEBUG#0066f6cb-1889-11f1-a16f-eeee0a90b015.c25c385-2-approuter#flowable-async-job-executor-thread-715#
[PollStageAppStatusExecution] a5c869df-1334-45d0-87fb-b2433d952c83 [2026-03-05T11:44:39.415910] Cell 77283d80-dfa7-40ba-ba4e-265aef112085 successfully created container for instance 0d0e8567-2021-4721-ab3c-6087c22c3d94 (STDOUT, STG)#
#2026 03 05 11:48:18.721#Z#DEBUG#0066f6cb-1889-11f1-a16f-eeee0a90b015.c25c385-2-approuter#flowable-async-job-executor-thread-715#
[PollStageAppStatusExecution] a5c869df-1334-45d0-87fb-b2433d952c83 [2026-03-05T11:44:39.701401] Downloading app package... (STDOUT, STG)#
#2026 03 05 11:48:18.721#Z#DEBUG#0066f6cb-1889-11f1-a16f-eeee0a90b015.c25c385-2-approuter#flowable-async-job-executor-thread-715#
[PollStageAppStatusExecution] a5c869df-1334-45d0-87fb-b2433d952c83 [2026-03-05T11:44:40.587251] Downloaded app package (7.7M) (STDOUT, STG)#
#2026 03 05 11:48:18.721#Z#DEBUG#0066f6cb-1889-11f1-a16f-eeee0a90b015.c25c385-2-approuter#flowable-async-job-executor-thread-715#
[PollStageAppStatusExecution] a5c869df-1334-45d0-87fb-b2433d952c83 [2026-03-05T11:44:41.124495] -----> Nodejs Buildpack version 1.8.41 (STDOUT, STG)#
#2026 03 05 11:48:18.721#Z#DEBUG#0066f6cb-1889-11f1-a16f-eeee0a90b015.c25c385-2-approuter#flowable-async-job-executor-thread-715#
[PollStageAppStatusExecution] a5c869df-1334-45d0-87fb-b2433d952c83 [2026-03-05T11:44:41.409527] -----> Bootstrapping python (STDOUT, STG)#
#2026 03 05 11:48:18.721#Z#DEBUG#0066f6cb-1889-11f1-a16f-eeee0a90b015.c25c385-2-approuter#flowable-async-job-executor-thread-715#
[PollStageAppStatusExecution] a5c869df-1334-45d0-87fb-b2433d952c83 [2026-03-05T11:44:41.409549] -----> Installing python 3.11.14 (STDOUT, STG)#
#2026 03 05 11:48:18.721#Z#DEBUG#0066f6cb-1889-11f1-a16f-eeee0a90b015.c25c385-2-approuter#flowable-async-job-executor-thread-715#
[PollStageAppStatusExecution] a5c869df-1334-45d0-87fb-b2433d952c83 [2026-03-05T11:44:41.409561] Copy [/tmp/buildpacks/dfa36c7d15e4ae2c/dependencies/c334a3cd7ccf4e78ab45ef5e33dcd936/python_3.11.14_linux_x64_cflinuxfs4_5d0a9d8b.tgz] (STDOUT, STG)#
#2026 03 05 11:48:18.721#Z#DEBUG#0066f6cb-1889-11f1-a16f-eeee0a90b015.c25c385-2-approuter#flowable-async-job-executor-thread-715#
[PollStageAppStatusExecution] a5c869df-1334-45d0-87fb-b2433d952c83 [2026-03-05T11:44:44.428347] -----> Installing binaries (STDOUT, STG)#
#2026 03 05 11:48:18.721#Z#DEBUG#0066f6cb-1889-11f1-a16f-eeee0a90b015.c25c385-2-approuter#flowable-async-job-executor-thread-715#
[PollStageAppStatusExecution] a5c869df-1334-45d0-87fb-b2433d952c83 [2026-03-05T11:44:44.428450] engines.node (package.json): ^16.0.0 || ^18.0.0 (STDOUT, STG)#
#2026 03 05 11:48:18.721#Z#DEBUG#0066f6cb-1889-11f1-a16f-eeee0a90b015.c25c385-2-approuter#flowable-async-job-executor-thread-715#
[PollStageAppStatusExecution] a5c869df-1334-45d0-87fb-b2433d952c83 [2026-03-05T11:44:44.428481] engines.npm (package.json): unspecified (use default) (STDOUT, STG)#
#2026 03 05 11:48:18.721#Z#DEBUG#0066f6cb-1889-11f1-a16f-eeee0a90b015.c25c385-2-approuter#flowable-async-job-executor-thread-715#
[PollStageAppStatusExecution] a5c869df-1334-45d0-87fb-b2433d952c83 [2026-03-05T11:44:44.428797] [31;1m**ERROR**[0m Unable to install node: no match found for ^16.0.0 || ^18.0.0 in [20.19.3 20.19.5 22.20.0 22.21.1 24.3.0 24.10.0] (STDOUT, STG)#
#2026 03 05 11:48:18.721#Z#DEBUG#0066f6cb-1889-11f1-a16f-eeee0a90b015.c25c385-2-approuter#flowable-async-job-executor-thread-715#
[PollStageAppStatusExecution] a5c869df-1334-45d0-87fb-b2433d952c83 [2026-03-05T11:44:44.431193] Failed to compile droplet: Failed to run all supply scripts: exit status 14 (STDERR, STG)#
#2026 03 05 11:48:18.721#Z#DEBUG#0066f6cb-1889-11f1-a16f-eeee0a90b015.c25c385-2-approuter#flowable-async-job-executor-thread-715#
[PollStageAppStatusExecution] a5c869df-1334-45d0-87fb-b2433d952c83 [2026-03-05T11:44:44.437138] Exit status 223 (STDOUT, STG)#
#2026 03 05 11:48:18.721#Z#DEBUG#0066f6cb-1889-11f1-a16f-eeee0a90b015.c25c385-2-approuter#flowable-async-job-executor-thread-715#
[PollStageAppStatusExecution] a5c869df-1334-45d0-87fb-b2433d952c83 [2026-03-05T11:44:45.066597] Cell 77283d80-dfa7-40ba-ba4e-265aef112085 stopping instance 0d0e8567-2021-4721-ab3c-6087c22c3d94 (STDOUT, STG)#
#2026 03 05 11:48:18.721#Z#DEBUG#0066f6cb-1889-11f1-a16f-eeee0a90b015.c25c385-2-approuter#flowable-async-job-executor-thread-715#
[PollStageAppStatusExecution] a5c869df-1334-45d0-87fb-b2433d952c83 [2026-03-05T11:44:45.066642] Cell 77283d80-dfa7-40ba-ba4e-265aef112085 destroying container for instance 0d0e8567-2021-4721-ab3c-6087c22c3d94 (STDOUT, STG)#
#2026 03 05 11:48:18.721#Z#DEBUG#0066f6cb-1889-11f1-a16f-eeee0a90b015.c25c385-2-approuter#flowable-async-job-executor-thread-715#
[PollStageAppStatusExecution] a5c869df-1334-45d0-87fb-b2433d952c83 [2026-03-05T11:44:45.105206] Failed to stage build: staging failed (STDERR, API)#
#2026 03 05 11:48:18.721#Z#DEBUG#0066f6cb-1889-11f1-a16f-eeee0a90b015.c25c385-2-approuter#flowable-async-job-executor-thread-715#
[PollStageAppStatusExecution] a5c869df-1334-45d0-87fb-b2433d952c83 [2026-03-05T11:44:47.753974] Cell 77283d80-dfa7-40ba-ba4e-265aef112085 successfully destroyed container for instance 0d0e8567-2021-4721-ab3c-6087c22c3d94 (STDOUT, STG)#
#2026 03 05 11:48:18.721#Z#DEBUG#0066f6cb-1889-11f1-a16f-eeee0a90b015.c25c385-2-approuter#flowable-async-job-executor-thread-715#
[PollStageAppStatusExecution] a5c869df-1334-45d0-87fb-b2433d952c83 [2026-03-05T11:44:50.414123] Creating build for app with guid a5c869df-1334-45d0-87fb-b2433d952c83 (STDOUT, API)#
#2026 03 05 11:48:18.721#Z#DEBUG#0066f6cb-1889-11f1-a16f-eeee0a90b015.c25c385-2-approuter#flowable-async-job-executor-thread-715#
[PollStageAppStatusExecution] a5c869df-1334-45d0-87fb-b2433d952c83 [2026-03-05T11:44:51.008936] Downloading zero_trust_sidecar_buildpack_1_15... (STDOUT, STG)#
#2026 03 05 11:48:18.721#Z#DEBUG#0066f6cb-1889-11f1-a16f-eeee0a90b015.c25c385-2-approuter#flowable-async-job-executor-thread-715#
[PollStageAppStatusExecution] a5c869df-1334-45d0-87fb-b2433d952c83 [2026-03-05T11:44:51.009157] Downloading binary_buildpack... (STDOUT, STG)#
#2026 03 05 11:48:18.721#Z#DEBUG#0066f6cb-1889-11f1-a16f-eeee0a90b015.c25c385-2-approuter#flowable-async-job-executor-thread-715#
[PollStageAppStatusExecution] a5c869df-1334-45d0-87fb-b2433d952c83 [2026-03-05T11:44:51.009194] Downloading nodejs_buildpack... (STDOUT, STG)#
#2026 03 05 11:48:18.721#Z#DEBUG#0066f6cb-1889-11f1-a16f-eeee0a90b015.c25c385-2-approuter#flowable-async-job-executor-thread-715#
[PollStageAppStatusExecution] a5c869df-1334-45d0-87fb-b2433d952c83 [2026-03-05T11:44:51.009254] Downloading staticfile_buildpack... (STDOUT, STG)#
#2026 03 05 11:48:18.721#Z#DEBUG#0066f6cb-1889-11f1-a16f-eeee0a90b015.c25c385-2-approuter#flowable-async-job-executor-thread-715#
[PollStageAppStatusExecution] a5c869df-1334-45d0-87fb-b2433d952c83 [2026-03-05T11:44:51.009283] Downloading zero_trust_sidecar_buildpack_1_14... (STDOUT, STG)#
#2026 03 05 11:48:18.721#Z#DEBUG#0066f6cb-1889-11f1-a16f-eeee0a90b015.c25c385-2-approuter#flowable-async-job-executor-thread-715#
[PollStageAppStatusExecution] a5c869df-1334-45d0-87fb-b2433d952c83 [2026-03-05T11:44:51.050964] Downloaded staticfile_buildpack (STDOUT, STG)#
#2026 03 05 11:48:18.721#Z#DEBUG#0066f6cb-1889-11f1-a16f-eeee0a90b015.c25c385-2-approuter#flowable-async-job-executor-thread-715#
[PollStageAppStatusExecution] a5c869df-1334-45d0-87fb-b2433d952c83 [2026-03-05T11:44:51.050992] Downloading java_buildpack... (STDOUT, STG)#
#2026 03 05 11:48:18.721#Z#DEBUG#0066f6cb-1889-11f1-a16f-eeee0a90b015.c25c385-2-approuter#flowable-async-job-executor-thread-715#
[PollStageAppStatusExecution] a5c869df-1334-45d0-87fb-b2433d952c83 [2026-03-05T11:44:51.055850] Downloaded zero_trust_sidecar_buildpack_1_15 (STDOUT, STG)#
#2026 03 05 11:48:18.721#Z#DEBUG#0066f6cb-1889-11f1-a16f-eeee0a90b015.c25c385-2-approuter#flowable-async-job-executor-thread-715#
[PollStageAppStatusExecution] a5c869df-1334-45d0-87fb-b2433d952c83 [2026-03-05T11:44:51.055924] Downloaded zero_trust_sidecar_buildpack_1_14 (STDOUT, STG)#
#2026 03 05 11:48:18.721#Z#DEBUG#0066f6cb-1889-11f1-a16f-eeee0a90b015.c25c385-2-approuter#flowable-async-job-executor-thread-715#
[PollStageAppStatusExecution] a5c869df-1334-45d0-87fb-b2433d952c83 [2026-03-05T11:44:51.055942] Downloading python_buildpack... (STDOUT, STG)#
#2026 03 05 11:48:18.721#Z#DEBUG#0066f6cb-1889-11f1-a16f-eeee0a90b015.c25c385-2-approuter#flowable-async-job-executor-thread-715#
[PollStageAppStatusExecution] a5c869df-1334-45d0-87fb-b2433d952c83 [2026-03-05T11:44:51.056778] Downloaded nodejs_buildpack (STDOUT, STG)#
#2026 03 05 11:48:18.721#Z#DEBUG#0066f6cb-1889-11f1-a16f-eeee0a90b015.c25c385-2-approuter#flowable-async-job-executor-thread-715#
[PollStageAppStatusExecution] a5c869df-1334-45d0-87fb-b2433d952c83 [2026-03-05T11:44:51.056802] Downloading go_buildpack... (STDOUT, STG)#
#2026 03 05 11:48:18.721#Z#DEBUG#0066f6cb-1889-11f1-a16f-eeee0a90b015.c25c385-2-approuter#flowable-async-job-executor-thread-715#
[PollStageAppStatusExecution] a5c869df-1334-45d0-87fb-b2433d952c83 [2026-03-05T11:44:51.058686] Downloaded binary_buildpack (STDOUT, STG)#
#2026 03 05 11:48:18.721#Z#DEBUG#0066f6cb-1889-11f1-a16f-eeee0a90b015.c25c385-2-approuter#flowable-async-job-executor-thread-715#
[PollStageAppStatusExecution] a5c869df-1334-45d0-87fb-b2433d952c83 [2026-03-05T11:44:51.058699] Downloading zero_trust_sidecar_buildpack_1_13... (STDOUT, STG)#
#2026 03 05 11:48:18.721#Z#DEBUG#0066f6cb-1889-11f1-a16f-eeee0a90b015.c25c385-2-approuter#flowable-async-job-executor-thread-715#
[PollStageAppStatusExecution] a5c869df-1334-45d0-87fb-b2433d952c83 [2026-03-05T11:44:51.065340] Downloading zero_trust_sidecar_buildpack... (STDOUT, STG)#
#2026 03 05 11:48:18.721#Z#DEBUG#0066f6cb-1889-11f1-a16f-eeee0a90b015.c25c385-2-approuter#flowable-async-job-executor-thread-715#
[PollStageAppStatusExecution] a5c869df-1334-45d0-87fb-b2433d952c83 [2026-03-05T11:44:51.076695] Downloaded go_buildpack (STDOUT, STG)#
#2026 03 05 11:48:18.721#Z#DEBUG#0066f6cb-1889-11f1-a16f-eeee0a90b015.c25c385-2-approuter#flowable-async-job-executor-thread-715#
[PollStageAppStatusExecution] a5c869df-1334-45d0-87fb-b2433d952c83 [2026-03-05T11:44:51.076714] Downloading sap_java_buildpack_jakarta_2_51... (STDOUT, STG)#
#2026 03 05 11:48:18.721#Z#DEBUG#0066f6cb-1889-11f1-a16f-eeee0a90b015.c25c385-2-approuter#flowable-async-job-executor-thread-715#
[PollStageAppStatusExecution] a5c869df-1334-45d0-87fb-b2433d952c83 [2026-03-05T11:44:51.077585] Downloaded python_buildpack (STDOUT, STG)#
#2026 03 05 11:48:18.721#Z#DEBUG#0066f6cb-1889-11f1-a16f-eeee0a90b015.c25c385-2-approuter#flowable-async-job-executor-thread-715#
[PollStageAppStatusExecution] a5c869df-1334-45d0-87fb-b2433d952c83 [2026-03-05T11:44:51.077600] Downloading sap_java_buildpack_jakarta... (STDOUT, STG)#
#2026 03 05 11:48:18.721#Z#DEBUG#0066f6cb-1889-11f1-a16f-eeee0a90b015.c25c385-2-approuter#flowable-async-job-executor-thread-715#
[PollStageAppStatusExecution] a5c869df-1334-45d0-87fb-b2433d952c83 [2026-03-05T11:44:51.086453] Downloaded zero_trust_sidecar_buildpack (STDOUT, STG)#
#2026 03 05 11:48:18.721#Z#DEBUG#0066f6cb-1889-11f1-a16f-eeee0a90b015.c25c385-2-approuter#flowable-async-job-executor-thread-715#
[PollStageAppStatusExecution] a5c869df-1334-45d0-87fb-b2433d952c83 [2026-03-05T11:44:51.086473] Downloading php_buildpack... (STDOUT, STG)#
#2026 03 05 11:48:18.721#Z#DEBUG#0066f6cb-1889-11f1-a16f-eeee0a90b015.c25c385-2-approuter#flowable-async-job-executor-thread-715#
[PollStageAppStatusExecution] a5c869df-1334-45d0-87fb-b2433d952c83 [2026-03-05T11:44:51.100700] Downloaded java_buildpack (STDOUT, STG)#
#2026 03 05 11:48:18.721#Z#DEBUG#0066f6cb-1889-11f1-a16f-eeee0a90b015.c25c385-2-approuter#flowable-async-job-executor-thread-715#
[PollStageAppStatusExecution] a5c869df-1334-45d0-87fb-b2433d952c83 [2026-03-05T11:44:51.100735] Downloading sap_java_buildpack_jakarta_2_50... (STDOUT, STG)#
#2026 03 05 11:48:18.721#Z#DEBUG#0066f6cb-1889-11f1-a16f-eeee0a90b015.c25c385-2-approuter#flowable-async-job-executor-thread-715#
[PollStageAppStatusExecution] a5c869df-1334-45d0-87fb-b2433d952c83 [2026-03-05T11:44:51.101728] Downloaded zero_trust_sidecar_buildpack_1_13 (STDOUT, STG)#
#2026 03 05 11:48:18.721#Z#DEBUG#0066f6cb-1889-11f1-a16f-eeee0a90b015.c25c385-2-approuter#flowable-async-job-executor-thread-715#
[PollStageAppStatusExecution] a5c869df-1334-45d0-87fb-b2433d952c83 [2026-03-05T11:44:51.101743] Downloading nginx_buildpack... (STDOUT, STG)#
#2026 03 05 11:48:18.721#Z#DEBUG#0066f6cb-1889-11f1-a16f-eeee0a90b015.c25c385-2-approuter#flowable-async-job-executor-thread-715#
[PollStageAppStatusExecution] a5c869df-1334-45d0-87fb-b2433d952c83 [2026-03-05T11:44:51.121298] Downloaded sap_java_buildpack_jakarta_2_51 (STDOUT, STG)#
#2026 03 05 11:48:18.721#Z#DEBUG#0066f6cb-1889-11f1-a16f-eeee0a90b015.c25c385-2-approuter#flowable-async-job-executor-thread-715#
[PollStageAppStatusExecution] a5c869df-1334-45d0-87fb-b2433d952c83 [2026-03-05T11:44:51.121337] Downloading sap_java_buildpack_jakarta_2_49... (STDOUT, STG)#
#2026 03 05 11:48:18.721#Z#DEBUG#0066f6cb-1889-11f1-a16f-eeee0a90b015.c25c385-2-approuter#flowable-async-job-executor-thread-715#
[PollStageAppStatusExecution] a5c869df-1334-45d0-87fb-b2433d952c83 [2026-03-05T11:44:51.123200] Downloaded sap_java_buildpack_jakarta_2_50 (STDOUT, STG)#
#2026 03 05 11:48:18.721#Z#DEBUG#0066f6cb-1889-11f1-a16f-eeee0a90b015.c25c385-2-approuter#flowable-async-job-executor-thread-715#
[PollStageAppStatusExecution] a5c869df-1334-45d0-87fb-b2433d952c83 [2026-03-05T11:44:51.126695] Downloaded sap_java_buildpack_jakarta (STDOUT, STG)#
#2026 03 05 11:48:18.721#Z#DEBUG#0066f6cb-1889-11f1-a16f-eeee0a90b015.c25c385-2-approuter#flowable-async-job-executor-thread-715#
[PollStageAppStatusExecution] a5c869df-1334-45d0-87fb-b2433d952c83 [2026-03-05T11:44:51.126953] Downloaded nginx_buildpack (STDOUT, STG)#
#2026 03 05 11:48:18.721#Z#DEBUG#0066f6cb-1889-11f1-a16f-eeee0a90b015.c25c385-2-approuter#flowable-async-job-executor-thread-715#
[PollStageAppStatusExecution] a5c869df-1334-45d0-87fb-b2433d952c83 [2026-03-05T11:44:51.128493] Downloaded php_buildpack (STDOUT, STG)#
#2026 03 05 11:48:18.721#Z#DEBUG#0066f6cb-1889-11f1-a16f-eeee0a90b015.c25c385-2-approuter#flowable-async-job-executor-thread-715#
[PollStageAppStatusExecution] a5c869df-1334-45d0-87fb-b2433d952c83 [2026-03-05T11:44:51.142738] Downloaded sap_java_buildpack_jakarta_2_49 (STDOUT, STG)#
#2026 03 05 11:48:18.721#Z#DEBUG#0066f6cb-1889-11f1-a16f-eeee0a90b015.c25c385-2-approuter#flowable-async-job-executor-thread-715#
[PollStageAppStatusExecution] a5c869df-1334-45d0-87fb-b2433d952c83 [2026-03-05T11:44:51.142807] Cell 77283d80-dfa7-40ba-ba4e-265aef112085 creating container for instance f8a674ca-348b-46c2-8714-b7e7b2ba9627 (STDOUT, STG)#
#2026 03 05 11:48:18.721#Z#DEBUG#0066f6cb-1889-11f1-a16f-eeee0a90b015.c25c385-2-approuter#flowable-async-job-executor-thread-715#
[PollStageAppStatusExecution] a5c869df-1334-45d0-87fb-b2433d952c83 [2026-03-05T11:44:51.569212] Security group rules were updated (STDOUT, STG)#
#2026 03 05 11:48:18.721#Z#DEBUG#0066f6cb-1889-11f1-a16f-eeee0a90b015.c25c385-2-approuter#flowable-async-job-executor-thread-715#
[PollStageAppStatusExecution] a5c869df-1334-45d0-87fb-b2433d952c83 [2026-03-05T11:44:51.619745] Cell 77283d80-dfa7-40ba-ba4e-265aef112085 successfully created container for instance f8a674ca-348b-46c2-8714-b7e7b2ba9627 (STDOUT, STG)#
#2026 03 05 11:48:18.721#Z#DEBUG#0066f6cb-1889-11f1-a16f-eeee0a90b015.c25c385-2-approuter#flowable-async-job-executor-thread-715#
[PollStageAppStatusExecution] a5c869df-1334-45d0-87fb-b2433d952c83 [2026-03-05T11:44:52.065301] Downloading app package... (STDOUT, STG)#
#2026 03 05 11:48:18.721#Z#DEBUG#0066f6cb-1889-11f1-a16f-eeee0a90b015.c25c385-2-approuter#flowable-async-job-executor-thread-715#
[PollStageAppStatusExecution] a5c869df-1334-45d0-87fb-b2433d952c83 [2026-03-05T11:44:52.952358] Downloaded app package (7.7M) (STDOUT, STG)#
#2026 03 05 11:48:18.721#Z#DEBUG#0066f6cb-1889-11f1-a16f-eeee0a90b015.c25c385-2-approuter#flowable-async-job-executor-thread-715#
[PollStageAppStatusExecution] a5c869df-1334-45d0-87fb-b2433d952c83 [2026-03-05T11:44:53.498154] -----> Nodejs Buildpack version 1.8.41 (STDOUT, STG)#
#2026 03 05 11:48:18.721#Z#DEBUG#0066f6cb-1889-11f1-a16f-eeee0a90b015.c25c385-2-approuter#flowable-async-job-executor-thread-715#
[PollStageAppStatusExecution] a5c869df-1334-45d0-87fb-b2433d952c83 [2026-03-05T11:44:53.807171] -----> Bootstrapping python (STDOUT, STG)#
#2026 03 05 11:48:18.721#Z#DEBUG#0066f6cb-1889-11f1-a16f-eeee0a90b015.c25c385-2-approuter#flowable-async-job-executor-thread-715#
[PollStageAppStatusExecution] a5c869df-1334-45d0-87fb-b2433d952c83 [2026-03-05T11:44:53.807197] -----> Installing python 3.11.14 (STDOUT, STG)#
#2026 03 05 11:48:18.721#Z#DEBUG#0066f6cb-1889-11f1-a16f-eeee0a90b015.c25c385-2-approuter#flowable-async-job-executor-thread-715#
[PollStageAppStatusExecution] a5c869df-1334-45d0-87fb-b2433d952c83 [2026-03-05T11:44:53.807215] Copy [/tmp/buildpacks/dfa36c7d15e4ae2c/dependencies/c334a3cd7ccf4e78ab45ef5e33dcd936/python_3.11.14_linux_x64_cflinuxfs4_5d0a9d8b.tgz] (STDOUT, STG)#
#2026 03 05 11:48:18.721#Z#DEBUG#0066f6cb-1889-11f1-a16f-eeee0a90b015.c25c385-2-approuter#flowable-async-job-executor-thread-715#
[PollStageAppStatusExecution] a5c869df-1334-45d0-87fb-b2433d952c83 [2026-03-05T11:44:56.875782] -----> Installing binaries (STDOUT, STG)#
#2026 03 05 11:48:18.721#Z#DEBUG#0066f6cb-1889-11f1-a16f-eeee0a90b015.c25c385-2-approuter#flowable-async-job-executor-thread-715#
[PollStageAppStatusExecution] a5c869df-1334-45d0-87fb-b2433d952c83 [2026-03-05T11:44:56.876033] engines.node (package.json): ^16.0.0 || ^18.0.0 (STDOUT, STG)#
#2026 03 05 11:48:18.721#Z#DEBUG#0066f6cb-1889-11f1-a16f-eeee0a90b015.c25c385-2-approuter#flowable-async-job-executor-thread-715#
[PollStageAppStatusExecution] a5c869df-1334-45d0-87fb-b2433d952c83 [2026-03-05T11:44:56.876052] engines.npm (package.json): unspecified (use default) (STDOUT, STG)#
#2026 03 05 11:48:18.721#Z#DEBUG#0066f6cb-1889-11f1-a16f-eeee0a90b015.c25c385-2-approuter#flowable-async-job-executor-thread-715#
[PollStageAppStatusExecution] a5c869df-1334-45d0-87fb-b2433d952c83 [2026-03-05T11:44:56.876058] [31;1m**ERROR**[0m Unable to install node: no match found for ^16.0.0 || ^18.0.0 in [20.19.3 20.19.5 22.20.0 22.21.1 24.3.0 24.10.0] (STDOUT, STG)#
#2026 03 05 11:48:18.721#Z#DEBUG#0066f6cb-1889-11f1-a16f-eeee0a90b015.c25c385-2-approuter#flowable-async-job-executor-thread-715#
[PollStageAppStatusExecution] a5c869df-1334-45d0-87fb-b2433d952c83 [2026-03-05T11:44:56.879162] Failed to compile droplet: Failed to run all supply scripts: exit status 14 (STDERR, STG)#
#2026 03 05 11:48:18.721#Z#DEBUG#0066f6cb-1889-11f1-a16f-eeee0a90b015.c25c385-2-approuter#flowable-async-job-executor-thread-715#
[PollStageAppStatusExecution] a5c869df-1334-45d0-87fb-b2433d952c83 [2026-03-05T11:44:56.886144] Exit status 223 (STDOUT, STG)#
#2026 03 05 11:48:18.721#Z#DEBUG#0066f6cb-1889-11f1-a16f-eeee0a90b015.c25c385-2-approuter#flowable-async-job-executor-thread-715#
[PollStageAppStatusExecution] a5c869df-1334-45d0-87fb-b2433d952c83 [2026-03-05T11:44:57.194338] Cell 77283d80-dfa7-40ba-ba4e-265aef112085 stopping instance f8a674ca-348b-46c2-8714-b7e7b2ba9627 (STDOUT, STG)#
#2026 03 05 11:48:18.721#Z#DEBUG#0066f6cb-1889-11f1-a16f-eeee0a90b015.c25c385-2-approuter#flowable-async-job-executor-thread-715#
[PollStageAppStatusExecution] a5c869df-1334-45d0-87fb-b2433d952c83 [2026-03-05T11:44:57.194395] Cell 77283d80-dfa7-40ba-ba4e-265aef112085 destroying container for instance f8a674ca-348b-46c2-8714-b7e7b2ba9627 (STDOUT, STG)#
#2026 03 05 11:48:18.721#Z#DEBUG#0066f6cb-1889-11f1-a16f-eeee0a90b015.c25c385-2-approuter#flowable-async-job-executor-thread-715#
[PollStageAppStatusExecution] a5c869df-1334-45d0-87fb-b2433d952c83 [2026-03-05T11:44:57.230829] Failed to stage build: staging failed (STDERR, API)#
#2026 03 05 11:48:18.721#Z#DEBUG#0066f6cb-1889-11f1-a16f-eeee0a90b015.c25c385-2-approuter#flowable-async-job-executor-thread-715#
[PollStageAppStatusExecution] a5c869df-1334-45d0-87fb-b2433d952c83 [2026-03-05T11:44:59.954777] Cell 77283d80-dfa7-40ba-ba4e-265aef112085 successfully destroyed container for instance f8a674ca-348b-46c2-8714-b7e7b2ba9627 (STDOUT, STG)#
#2026 03 05 11:48:18.721#Z#DEBUG#0066f6cb-1889-11f1-a16f-eeee0a90b015.c25c385-2-approuter#flowable-async-job-executor-thread-715#
[PollStageAppStatusExecution] a5c869df-1334-45d0-87fb-b2433d952c83 [2026-03-05T11:45:08.823603] Creating build for app with guid a5c869df-1334-45d0-87fb-b2433d952c83 (STDOUT, API)#
#2026 03 05 11:48:18.721#Z#DEBUG#0066f6cb-1889-11f1-a16f-eeee0a90b015.c25c385-2-approuter#flowable-async-job-executor-thread-715#
[PollStageAppStatusExecution] a5c869df-1334-45d0-87fb-b2433d952c83 [2026-03-05T11:45:09.350055] Downloading zero_trust_sidecar_buildpack_1_15... (STDOUT, STG)#
#2026 03 05 11:48:18.721#Z#DEBUG#0066f6cb-1889-11f1-a16f-eeee0a90b015.c25c385-2-approuter#flowable-async-job-executor-thread-715#
[PollStageAppStatusExecution] a5c869df-1334-45d0-87fb-b2433d952c83 [2026-03-05T11:45:09.350070] Downloading go_buildpack... (STDOUT, STG)#
#2026 03 05 11:48:18.721#Z#DEBUG#0066f6cb-1889-11f1-a16f-eeee0a90b015.c25c385-2-approuter#flowable-async-job-executor-thread-715#
[PollStageAppStatusExecution] a5c869df-1334-45d0-87fb-b2433d952c83 [2026-03-05T11:45:09.350087] Downloading staticfile_buildpack... (STDOUT, STG)#
#2026 03 05 11:48:18.721#Z#DEBUG#0066f6cb-1889-11f1-a16f-eeee0a90b015.c25c385-2-approuter#flowable-async-job-executor-thread-715#
[PollStageAppStatusExecution] a5c869df-1334-45d0-87fb-b2433d952c83 [2026-03-05T11:45:09.359138] Downloading java_buildpack... (STDOUT, STG)#
#2026 03 05 11:48:18.721#Z#DEBUG#0066f6cb-1889-11f1-a16f-eeee0a90b015.c25c385-2-approuter#flowable-async-job-executor-thread-715#
[PollStageAppStatusExecution] a5c869df-1334-45d0-87fb-b2433d952c83 [2026-03-05T11:45:09.392696] Downloaded staticfile_buildpack (STDOUT, STG)#
#2026 03 05 11:48:18.721#Z#DEBUG#0066f6cb-1889-11f1-a16f-eeee0a90b015.c25c385-2-approuter#flowable-async-job-executor-thread-715#
[PollStageAppStatusExecution] a5c869df-1334-45d0-87fb-b2433d952c83 [2026-03-05T11:45:09.392724] Downloading nodejs_buildpack... (STDOUT, STG)#
#2026 03 05 11:48:18.721#Z#DEBUG#0066f6cb-1889-11f1-a16f-eeee0a90b015.c25c385-2-approuter#flowable-async-job-executor-thread-715#
[PollStageAppStatusExecution] a5c869df-1334-45d0-87fb-b2433d952c83 [2026-03-05T11:45:09.396200] Downloaded zero_trust_sidecar_buildpack_1_15 (STDOUT, STG)#
#2026 03 05 11:48:18.721#Z#DEBUG#0066f6cb-1889-11f1-a16f-eeee0a90b015.c25c385-2-approuter#flowable-async-job-executor-thread-715#
[PollStageAppStatusExecution] a5c869df-1334-45d0-87fb-b2433d952c83 [2026-03-05T11:45:09.396220] Downloading nginx_buildpack... (STDOUT, STG)#
#2026 03 05 11:48:18.721#Z#DEBUG#0066f6cb-1889-11f1-a16f-eeee0a90b015.c25c385-2-approuter#flowable-async-job-executor-thread-715#
[PollStageAppStatusExecution] a5c869df-1334-45d0-87fb-b2433d952c83 [2026-03-05T11:45:09.396300] Downloaded go_buildpack (STDOUT, STG)#
#2026 03 05 11:48:18.721#Z#DEBUG#0066f6cb-1889-11f1-a16f-eeee0a90b015.c25c385-2-approuter#flowable-async-job-executor-thread-715#
[PollStageAppStatusExecution] a5c869df-1334-45d0-87fb-b2433d952c83 [2026-03-05T11:45:09.396331] Downloading python_buildpack... (STDOUT, STG)#
#2026 03 05 11:48:18.721#Z#DEBUG#0066f6cb-1889-11f1-a16f-eeee0a90b015.c25c385-2-approuter#flowable-async-job-executor-thread-715#
[PollStageAppStatusExecution] a5c869df-1334-45d0-87fb-b2433d952c83 [2026-03-05T11:45:09.409820] Downloaded nodejs_buildpack (STDOUT, STG)#
#2026 03 05 11:48:18.721#Z#DEBUG#0066f6cb-1889-11f1-a16f-eeee0a90b015.c25c385-2-approuter#flowable-async-job-executor-thread-715#
[PollStageAppStatusExecution] a5c869df-1334-45d0-87fb-b2433d952c83 [2026-03-05T11:45:09.409839] Downloading php_buildpack... (STDOUT, STG)#
#2026 03 05 11:48:18.721#Z#DEBUG#0066f6cb-1889-11f1-a16f-eeee0a90b015.c25c385-2-approuter#flowable-async-job-executor-thread-715#
[PollStageAppStatusExecution] a5c869df-1334-45d0-87fb-b2433d952c83 [2026-03-05T11:45:09.421338] Downloaded nginx_buildpack (STDOUT, STG)#
#2026 03 05 11:48:18.721#Z#DEBUG#0066f6cb-1889-11f1-a16f-eeee0a90b015.c25c385-2-approuter#flowable-async-job-executor-thread-715#
[PollStageAppStatusExecution] a5c869df-1334-45d0-87fb-b2433d952c83 [2026-03-05T11:45:09.421415] Downloading zero_trust_sidecar_buildpack_1_14... (STDOUT, STG)#
#2026 03 05 11:48:18.721#Z#DEBUG#0066f6cb-1889-11f1-a16f-eeee0a90b015.c25c385-2-approuter#flowable-async-job-executor-thread-715#
[PollStageAppStatusExecution] a5c869df-1334-45d0-87fb-b2433d952c83 [2026-03-05T11:45:09.428639] Downloaded php_buildpack (STDOUT, STG)#
#2026 03 05 11:48:18.721#Z#DEBUG#0066f6cb-1889-11f1-a16f-eeee0a90b015.c25c385-2-approuter#flowable-async-job-executor-thread-715#
[PollStageAppStatusExecution] a5c869df-1334-45d0-87fb-b2433d952c83 [2026-03-05T11:45:09.428679] Downloading sap_java_buildpack_jakarta_2_50... (STDOUT, STG)#
#2026 03 05 11:48:18.721#Z#DEBUG#0066f6cb-1889-11f1-a16f-eeee0a90b015.c25c385-2-approuter#flowable-async-job-executor-thread-715#
[PollStageAppStatusExecution] a5c869df-1334-45d0-87fb-b2433d952c83 [2026-03-05T11:45:09.433214] Downloaded python_buildpack (STDOUT, STG)#
#2026 03 05 11:48:18.721#Z#DEBUG#0066f6cb-1889-11f1-a16f-eeee0a90b015.c25c385-2-approuter#flowable-async-job-executor-thread-715#
[PollStageAppStatusExecution] a5c869df-1334-45d0-87fb-b2433d952c83 [2026-03-05T11:45:09.433242] Downloading sap_java_buildpack_jakarta_2_49... (STDOUT, STG)#
#2026 03 05 11:48:18.721#Z#DEBUG#0066f6cb-1889-11f1-a16f-eeee0a90b015.c25c385-2-approuter#flowable-async-job-executor-thread-715#
[PollStageAppStatusExecution] a5c869df-1334-45d0-87fb-b2433d952c83 [2026-03-05T11:45:09.438857] Downloaded java_buildpack (STDOUT, STG)#
#2026 03 05 11:48:18.721#Z#DEBUG#0066f6cb-1889-11f1-a16f-eeee0a90b015.c25c385-2-approuter#flowable-async-job-executor-thread-715#
[PollStageAppStatusExecution] a5c869df-1334-45d0-87fb-b2433d952c83 [2026-03-05T11:45:09.438876] Downloading zero_trust_sidecar_buildpack... (STDOUT, STG)#
#2026 03 05 11:48:18.721#Z#DEBUG#0066f6cb-1889-11f1-a16f-eeee0a90b015.c25c385-2-approuter#flowable-async-job-executor-thread-715#
[PollStageAppStatusExecution] a5c869df-1334-45d0-87fb-b2433d952c83 [2026-03-05T11:45:09.458536] Downloaded zero_trust_sidecar_buildpack (STDOUT, STG)#
#2026 03 05 11:48:18.721#Z#DEBUG#0066f6cb-1889-11f1-a16f-eeee0a90b015.c25c385-2-approuter#flowable-async-job-executor-thread-715#
[PollStageAppStatusExecution] a5c869df-1334-45d0-87fb-b2433d952c83 [2026-03-05T11:45:09.458563] Downloading zero_trust_sidecar_buildpack_1_13... (STDOUT, STG)#
#2026 03 05 11:48:18.721#Z#DEBUG#0066f6cb-1889-11f1-a16f-eeee0a90b015.c25c385-2-approuter#flowable-async-job-executor-thread-715#
[PollStageAppStatusExecution] a5c869df-1334-45d0-87fb-b2433d952c83 [2026-03-05T11:45:09.458823] Downloaded sap_java_buildpack_jakarta_2_50 (STDOUT, STG)#
#2026 03 05 11:48:18.721#Z#DEBUG#0066f6cb-1889-11f1-a16f-eeee0a90b015.c25c385-2-approuter#flowable-async-job-executor-thread-715#
[PollStageAppStatusExecution] a5c869df-1334-45d0-87fb-b2433d952c83 [2026-03-05T11:45:09.458844] Downloading sap_java_buildpack_jakarta_2_51... (STDOUT, STG)#
#2026 03 05 11:48:18.721#Z#DEBUG#0066f6cb-1889-11f1-a16f-eeee0a90b015.c25c385-2-approuter#flowable-async-job-executor-thread-715#
[PollStageAppStatusExecution] a5c869df-1334-45d0-87fb-b2433d952c83 [2026-03-05T11:45:09.464109] Downloaded zero_trust_sidecar_buildpack_1_14 (STDOUT, STG)#
#2026 03 05 11:48:18.721#Z#DEBUG#0066f6cb-1889-11f1-a16f-eeee0a90b015.c25c385-2-approuter#flowable-async-job-executor-thread-715#
[PollStageAppStatusExecution] a5c869df-1334-45d0-87fb-b2433d952c83 [2026-03-05T11:45:09.464129] Downloading binary_buildpack... (STDOUT, STG)#
#2026 03 05 11:48:18.721#Z#DEBUG#0066f6cb-1889-11f1-a16f-eeee0a90b015.c25c385-2-approuter#flowable-async-job-executor-thread-715#
[PollStageAppStatusExecution] a5c869df-1334-45d0-87fb-b2433d952c83 [2026-03-05T11:45:09.470903] Downloaded sap_java_buildpack_jakarta_2_49 (STDOUT, STG)#
#2026 03 05 11:48:18.721#Z#DEBUG#0066f6cb-1889-11f1-a16f-eeee0a90b015.c25c385-2-approuter#flowable-async-job-executor-thread-715#
[PollStageAppStatusExecution] a5c869df-1334-45d0-87fb-b2433d952c83 [2026-03-05T11:45:09.470946] Downloading sap_java_buildpack_jakarta... (STDOUT, STG)#
#2026 03 05 11:48:18.721#Z#DEBUG#0066f6cb-1889-11f1-a16f-eeee0a90b015.c25c385-2-approuter#flowable-async-job-executor-thread-715#
[PollStageAppStatusExecution] a5c869df-1334-45d0-87fb-b2433d952c83 [2026-03-05T11:45:09.476941] Downloaded zero_trust_sidecar_buildpack_1_13 (STDOUT, STG)#
#2026 03 05 11:48:18.721#Z#DEBUG#0066f6cb-1889-11f1-a16f-eeee0a90b015.c25c385-2-approuter#flowable-async-job-executor-thread-715#
[PollStageAppStatusExecution] a5c869df-1334-45d0-87fb-b2433d952c83 [2026-03-05T11:45:09.477325] Downloaded sap_java_buildpack_jakarta_2_51 (STDOUT, STG)#
#2026 03 05 11:48:18.721#Z#DEBUG#0066f6cb-1889-11f1-a16f-eeee0a90b015.c25c385-2-approuter#flowable-async-job-executor-thread-715#
[PollStageAppStatusExecution] a5c869df-1334-45d0-87fb-b2433d952c83 [2026-03-05T11:45:09.488912] Downloaded sap_java_buildpack_jakarta (STDOUT, STG)#
#2026 03 05 11:48:18.721#Z#DEBUG#0066f6cb-1889-11f1-a16f-eeee0a90b015.c25c385-2-approuter#flowable-async-job-executor-thread-715#
[PollStageAppStatusExecution] a5c869df-1334-45d0-87fb-b2433d952c83 [2026-03-05T11:45:09.489275] Downloaded binary_buildpack (STDOUT, STG)#
#2026 03 05 11:48:18.721#Z#DEBUG#0066f6cb-1889-11f1-a16f-eeee0a90b015.c25c385-2-approuter#flowable-async-job-executor-thread-715#
[PollStageAppStatusExecution] a5c869df-1334-45d0-87fb-b2433d952c83 [2026-03-05T11:45:09.489322] Cell 77283d80-dfa7-40ba-ba4e-265aef112085 creating container for instance ab656904-4d00-41b2-a95d-c51e46228155 (STDOUT, STG)#
#2026 03 05 11:48:18.721#Z#DEBUG#0066f6cb-1889-11f1-a16f-eeee0a90b015.c25c385-2-approuter#flowable-async-job-executor-thread-715#
[PollStageAppStatusExecution] a5c869df-1334-45d0-87fb-b2433d952c83 [2026-03-05T11:45:09.997127] Security group rules were updated (STDOUT, STG)#
#2026 03 05 11:48:18.721#Z#DEBUG#0066f6cb-1889-11f1-a16f-eeee0a90b015.c25c385-2-approuter#flowable-async-job-executor-thread-715#
[PollStageAppStatusExecution] a5c869df-1334-45d0-87fb-b2433d952c83 [2026-03-05T11:45:10.055451] Cell 77283d80-dfa7-40ba-ba4e-265aef112085 successfully created container for instance ab656904-4d00-41b2-a95d-c51e46228155 (STDOUT, STG)#
#2026 03 05 11:48:18.721#Z#DEBUG#0066f6cb-1889-11f1-a16f-eeee0a90b015.c25c385-2-approuter#flowable-async-job-executor-thread-715#
[PollStageAppStatusExecution] a5c869df-1334-45d0-87fb-b2433d952c83 [2026-03-05T11:45:10.416403] Downloading app package... (STDOUT, STG)#
#2026 03 05 11:48:18.721#Z#DEBUG#0066f6cb-1889-11f1-a16f-eeee0a90b015.c25c385-2-approuter#flowable-async-job-executor-thread-715#
[PollStageAppStatusExecution] a5c869df-1334-45d0-87fb-b2433d952c83 [2026-03-05T11:45:11.333636] Downloaded app package (7.7M) (STDOUT, STG)#
#2026 03 05 11:48:18.721#Z#DEBUG#0066f6cb-1889-11f1-a16f-eeee0a90b015.c25c385-2-approuter#flowable-async-job-executor-thread-715#
[PollStageAppStatusExecution] a5c869df-1334-45d0-87fb-b2433d952c83 [2026-03-05T11:45:11.882685] -----> Nodejs Buildpack version 1.8.41 (STDOUT, STG)#
#2026 03 05 11:48:18.721#Z#DEBUG#0066f6cb-1889-11f1-a16f-eeee0a90b015.c25c385-2-approuter#flowable-async-job-executor-thread-715#
[PollStageAppStatusExecution] a5c869df-1334-45d0-87fb-b2433d952c83 [2026-03-05T11:45:12.186781] -----> Bootstrapping python (STDOUT, STG)#
#2026 03 05 11:48:18.721#Z#DEBUG#0066f6cb-1889-11f1-a16f-eeee0a90b015.c25c385-2-approuter#flowable-async-job-executor-thread-715#
[PollStageAppStatusExecution] a5c869df-1334-45d0-87fb-b2433d952c83 [2026-03-05T11:45:12.186806] -----> Installing python 3.11.14 (STDOUT, STG)#
#2026 03 05 11:48:18.721#Z#DEBUG#0066f6cb-1889-11f1-a16f-eeee0a90b015.c25c385-2-approuter#flowable-async-job-executor-thread-715#
[PollStageAppStatusExecution] a5c869df-1334-45d0-87fb-b2433d952c83 [2026-03-05T11:45:12.186904] Copy [/tmp/buildpacks/dfa36c7d15e4ae2c/dependencies/c334a3cd7ccf4e78ab45ef5e33dcd936/python_3.11.14_linux_x64_cflinuxfs4_5d0a9d8b.tgz] (STDOUT, STG)#
#2026 03 05 11:48:18.721#Z#DEBUG#0066f6cb-1889-11f1-a16f-eeee0a90b015.c25c385-2-approuter#flowable-async-job-executor-thread-715#
[PollStageAppStatusExecution] a5c869df-1334-45d0-87fb-b2433d952c83 [2026-03-05T11:45:15.519203] -----> Installing binaries (STDOUT, STG)#
#2026 03 05 11:48:18.721#Z#DEBUG#0066f6cb-1889-11f1-a16f-eeee0a90b015.c25c385-2-approuter#flowable-async-job-executor-thread-715#
[PollStageAppStatusExecution] a5c869df-1334-45d0-87fb-b2433d952c83 [2026-03-05T11:45:15.519500] engines.node (package.json): ^16.0.0 || ^18.0.0 (STDOUT, STG)#
#2026 03 05 11:48:18.721#Z#DEBUG#0066f6cb-1889-11f1-a16f-eeee0a90b015.c25c385-2-approuter#flowable-async-job-executor-thread-715#
[PollStageAppStatusExecution] a5c869df-1334-45d0-87fb-b2433d952c83 [2026-03-05T11:45:15.519525] engines.npm (package.json): unspecified (use default) (STDOUT, STG)#
#2026 03 05 11:48:18.721#Z#DEBUG#0066f6cb-1889-11f1-a16f-eeee0a90b015.c25c385-2-approuter#flowable-async-job-executor-thread-715#
[PollStageAppStatusExecution] a5c869df-1334-45d0-87fb-b2433d952c83 [2026-03-05T11:45:15.519529] [31;1m**ERROR**[0m Unable to install node: no match found for ^16.0.0 || ^18.0.0 in [20.19.3 20.19.5 22.20.0 22.21.1 24.3.0 24.10.0] (STDOUT, STG)#
#2026 03 05 11:48:18.721#Z#DEBUG#0066f6cb-1889-11f1-a16f-eeee0a90b015.c25c385-2-approuter#flowable-async-job-executor-thread-715#
[PollStageAppStatusExecution] a5c869df-1334-45d0-87fb-b2433d952c83 [2026-03-05T11:45:15.521515] Failed to compile droplet: Failed to run all supply scripts: exit status 14 (STDERR, STG)#
#2026 03 05 11:48:18.721#Z#DEBUG#0066f6cb-1889-11f1-a16f-eeee0a90b015.c25c385-2-approuter#flowable-async-job-executor-thread-715#
[PollStageAppStatusExecution] a5c869df-1334-45d0-87fb-b2433d952c83 [2026-03-05T11:45:15.528152] Exit status 223 (STDOUT, STG)#
#2026 03 05 11:48:18.721#Z#DEBUG#0066f6cb-1889-11f1-a16f-eeee0a90b015.c25c385-2-approuter#flowable-async-job-executor-thread-715#
[PollStageAppStatusExecution] a5c869df-1334-45d0-87fb-b2433d952c83 [2026-03-05T11:45:16.025543] Cell 77283d80-dfa7-40ba-ba4e-265aef112085 stopping instance ab656904-4d00-41b2-a95d-c51e46228155 (STDOUT, STG)#
#2026 03 05 11:48:18.721#Z#DEBUG#0066f6cb-1889-11f1-a16f-eeee0a90b015.c25c385-2-approuter#flowable-async-job-executor-thread-715#
[PollStageAppStatusExecution] a5c869df-1334-45d0-87fb-b2433d952c83 [2026-03-05T11:45:16.025603] Cell 77283d80-dfa7-40ba-ba4e-265aef112085 destroying container for instance ab656904-4d00-41b2-a95d-c51e46228155 (STDOUT, STG)#
#2026 03 05 11:48:18.721#Z#DEBUG#0066f6cb-1889-11f1-a16f-eeee0a90b015.c25c385-2-approuter#flowable-async-job-executor-thread-715#
[PollStageAppStatusExecution] a5c869df-1334-45d0-87fb-b2433d952c83 [2026-03-05T11:45:16.061922] Failed to stage build: staging failed (STDERR, API)#
#2026 03 05 11:48:18.721#Z#DEBUG#0066f6cb-1889-11f1-a16f-eeee0a90b015.c25c385-2-approuter#flowable-async-job-executor-thread-715#
[PollStageAppStatusExecution] a5c869df-1334-45d0-87fb-b2433d952c83 [2026-03-05T11:45:18.008734] Cell 77283d80-dfa7-40ba-ba4e-265aef112085 successfully destroyed container for instance ab656904-4d00-41b2-a95d-c51e46228155 (STDOUT, STG)#
#2026 03 05 11:48:18.721#Z#DEBUG#0066f6cb-1889-11f1-a16f-eeee0a90b015.c25c385-2-approuter#flowable-async-job-executor-thread-715#
[PollStageAppStatusExecution] a5c869df-1334-45d0-87fb-b2433d952c83 [2026-03-05T11:47:10.676496] Updated app with guid a5c869df-1334-45d0-87fb-b2433d952c83 ({"lifecycle"=>{"data"=>{"buildpacks"=>[]}, "type"=>"buildpack"}}) (STDOUT, API)#
#2026 03 05 11:48:18.721#Z#DEBUG#0066f6cb-1889-11f1-a16f-eeee0a90b015.c25c385-2-approuter#flowable-async-job-executor-thread-715#
[PollStageAppStatusExecution] a5c869df-1334-45d0-87fb-b2433d952c83 [2026-03-05T11:47:10.787143] Updating process: "web" (STDOUT, API)#
#2026 03 05 11:48:18.721#Z#DEBUG#0066f6cb-1889-11f1-a16f-eeee0a90b015.c25c385-2-approuter#flowable-async-job-executor-thread-715#
[PollStageAppStatusExecution] a5c869df-1334-45d0-87fb-b2433d952c83 [2026-03-05T11:47:48.563018] Uploading app package for app with guid a5c869df-1334-45d0-87fb-b2433d952c83 (STDOUT, API)#
#2026 03 05 11:48:18.721#Z#DEBUG#0066f6cb-1889-11f1-a16f-eeee0a90b015.c25c385-2-approuter#flowable-async-job-executor-thread-715#
[PollStageAppStatusExecution] a5c869df-1334-45d0-87fb-b2433d952c83 [2026-03-05T11:47:48.774294] Updated app with guid a5c869df-1334-45d0-87fb-b2433d952c83 ({"environment_variables"=>"[PRIVATE DATA HIDDEN]"}) (STDOUT, API)#
#2026 03 05 11:48:18.721#Z#DEBUG#0066f6cb-1889-11f1-a16f-eeee0a90b015.c25c385-2-approuter#flowable-async-job-executor-thread-715#
[PollStageAppStatusExecution] a5c869df-1334-45d0-87fb-b2433d952c83 [2026-03-05T11:47:59.435437] Creating build for app with guid a5c869df-1334-45d0-87fb-b2433d952c83 (STDOUT, API)#
#2026 03 05 11:48:18.721#Z#DEBUG#0066f6cb-1889-11f1-a16f-eeee0a90b015.c25c385-2-approuter#flowable-async-job-executor-thread-715#
[PollStageAppStatusExecution] a5c869df-1334-45d0-87fb-b2433d952c83 [2026-03-05T11:48:00.201813] Downloading zero_trust_sidecar_buildpack_1_15... (STDOUT, STG)#
#2026 03 05 11:48:18.721#Z#DEBUG#0066f6cb-1889-11f1-a16f-eeee0a90b015.c25c385-2-approuter#flowable-async-job-executor-thread-715#
[PollStageAppStatusExecution] a5c869df-1334-45d0-87fb-b2433d952c83 [2026-03-05T11:48:00.201835] Downloading python_buildpack... (STDOUT, STG)#
#2026 03 05 11:48:18.721#Z#DEBUG#0066f6cb-1889-11f1-a16f-eeee0a90b015.c25c385-2-approuter#flowable-async-job-executor-thread-715#
[PollStageAppStatusExecution] a5c869df-1334-45d0-87fb-b2433d952c83 [2026-03-05T11:48:00.201852] Downloading sap_java_buildpack_jakarta_2_51... (STDOUT, STG)#
#2026 03 05 11:48:18.721#Z#DEBUG#0066f6cb-1889-11f1-a16f-eeee0a90b015.c25c385-2-approuter#flowable-async-job-executor-thread-715#
[PollStageAppStatusExecution] a5c869df-1334-45d0-87fb-b2433d952c83 [2026-03-05T11:48:00.201931] Downloading zero_trust_sidecar_buildpack_1_14... (STDOUT, STG)#
#2026 03 05 11:48:18.721#Z#DEBUG#0066f6cb-1889-11f1-a16f-eeee0a90b015.c25c385-2-approuter#flowable-async-job-executor-thread-715#
[PollStageAppStatusExecution] a5c869df-1334-45d0-87fb-b2433d952c83 [2026-03-05T11:48:00.201932] Downloading sap_java_buildpack_jakarta_2_50... (STDOUT, STG)#
#2026 03 05 11:48:18.721#Z#DEBUG#0066f6cb-1889-11f1-a16f-eeee0a90b015.c25c385-2-approuter#flowable-async-job-executor-thread-715#
[PollStageAppStatusExecution] a5c869df-1334-45d0-87fb-b2433d952c83 [2026-03-05T11:48:00.239268] Downloaded zero_trust_sidecar_buildpack_1_14 (STDOUT, STG)#
#2026 03 05 11:48:18.721#Z#DEBUG#0066f6cb-1889-11f1-a16f-eeee0a90b015.c25c385-2-approuter#flowable-async-job-executor-thread-715#
[PollStageAppStatusExecution] a5c869df-1334-45d0-87fb-b2433d952c83 [2026-03-05T11:48:00.239288] Downloading php_buildpack... (STDOUT, STG)#
#2026 03 05 11:48:18.721#Z#DEBUG#0066f6cb-1889-11f1-a16f-eeee0a90b015.c25c385-2-approuter#flowable-async-job-executor-thread-715#
[PollStageAppStatusExecution] a5c869df-1334-45d0-87fb-b2433d952c83 [2026-03-05T11:48:00.246793] Downloaded sap_java_buildpack_jakarta_2_51 (STDOUT, STG)#
#2026 03 05 11:48:18.721#Z#DEBUG#0066f6cb-1889-11f1-a16f-eeee0a90b015.c25c385-2-approuter#flowable-async-job-executor-thread-715#
[PollStageAppStatusExecution] a5c869df-1334-45d0-87fb-b2433d952c83 [2026-03-05T11:48:00.246819] Downloading nginx_buildpack... (STDOUT, STG)#
#2026 03 05 11:48:18.721#Z#DEBUG#0066f6cb-1889-11f1-a16f-eeee0a90b015.c25c385-2-approuter#flowable-async-job-executor-thread-715#
[PollStageAppStatusExecution] a5c869df-1334-45d0-87fb-b2433d952c83 [2026-03-05T11:48:00.246839] Downloaded sap_java_buildpack_jakarta_2_50 (STDOUT, STG)#
#2026 03 05 11:48:18.721#Z#DEBUG#0066f6cb-1889-11f1-a16f-eeee0a90b015.c25c385-2-approuter#flowable-async-job-executor-thread-715#
[PollStageAppStatusExecution] a5c869df-1334-45d0-87fb-b2433d952c83 [2026-03-05T11:48:00.246859] Downloading binary_buildpack... (STDOUT, STG)#
#2026 03 05 11:48:18.721#Z#DEBUG#0066f6cb-1889-11f1-a16f-eeee0a90b015.c25c385-2-approuter#flowable-async-job-executor-thread-715#
[PollStageAppStatusExecution] a5c869df-1334-45d0-87fb-b2433d952c83 [2026-03-05T11:48:00.246868] Downloaded python_buildpack (STDOUT, STG)#
#2026 03 05 11:48:18.721#Z#DEBUG#0066f6cb-1889-11f1-a16f-eeee0a90b015.c25c385-2-approuter#flowable-async-job-executor-thread-715#
[PollStageAppStatusExecution] a5c869df-1334-45d0-87fb-b2433d952c83 [2026-03-05T11:48:00.246884] Downloading sap_java_buildpack_jakarta... (STDOUT, STG)#
#2026 03 05 11:48:18.721#Z#DEBUG#0066f6cb-1889-11f1-a16f-eeee0a90b015.c25c385-2-approuter#flowable-async-job-executor-thread-715#
[PollStageAppStatusExecution] a5c869df-1334-45d0-87fb-b2433d952c83 [2026-03-05T11:48:00.252282] Downloaded zero_trust_sidecar_buildpack_1_15 (STDOUT, STG)#
#2026 03 05 11:48:18.721#Z#DEBUG#0066f6cb-1889-11f1-a16f-eeee0a90b015.c25c385-2-approuter#flowable-async-job-executor-thread-715#
[PollStageAppStatusExecution] a5c869df-1334-45d0-87fb-b2433d952c83 [2026-03-05T11:48:00.252299] Downloading zero_trust_sidecar_buildpack... (STDOUT, STG)#
#2026 03 05 11:48:18.721#Z#DEBUG#0066f6cb-1889-11f1-a16f-eeee0a90b015.c25c385-2-approuter#flowable-async-job-executor-thread-715#
[PollStageAppStatusExecution] a5c869df-1334-45d0-87fb-b2433d952c83 [2026-03-05T11:48:00.271101] Downloaded zero_trust_sidecar_buildpack (STDOUT, STG)#
#2026 03 05 11:48:18.721#Z#DEBUG#0066f6cb-1889-11f1-a16f-eeee0a90b015.c25c385-2-approuter#flowable-async-job-executor-thread-715#
[PollStageAppStatusExecution] a5c869df-1334-45d0-87fb-b2433d952c83 [2026-03-05T11:48:00.271122] Downloading zero_trust_sidecar_buildpack_1_13... (STDOUT, STG)#
#2026 03 05 11:48:18.721#Z#DEBUG#0066f6cb-1889-11f1-a16f-eeee0a90b015.c25c385-2-approuter#flowable-async-job-executor-thread-715#
[PollStageAppStatusExecution] a5c869df-1334-45d0-87fb-b2433d952c83 [2026-03-05T11:48:00.276401] Downloaded sap_java_buildpack_jakarta (STDOUT, STG)#
#2026 03 05 11:48:18.721#Z#DEBUG#0066f6cb-1889-11f1-a16f-eeee0a90b015.c25c385-2-approuter#flowable-async-job-executor-thread-715#
[PollStageAppStatusExecution] a5c869df-1334-45d0-87fb-b2433d952c83 [2026-03-05T11:48:00.276433] Downloading java_buildpack... (STDOUT, STG)#
#2026 03 05 11:48:18.721#Z#DEBUG#0066f6cb-1889-11f1-a16f-eeee0a90b015.c25c385-2-approuter#flowable-async-job-executor-thread-715#
[PollStageAppStatusExecution] a5c869df-1334-45d0-87fb-b2433d952c83 [2026-03-05T11:48:00.288323] Downloaded binary_buildpack (STDOUT, STG)#
#2026 03 05 11:48:18.721#Z#DEBUG#0066f6cb-1889-11f1-a16f-eeee0a90b015.c25c385-2-approuter#flowable-async-job-executor-thread-715#
[PollStageAppStatusExecution] a5c869df-1334-45d0-87fb-b2433d952c83 [2026-03-05T11:48:00.295122] Downloaded nginx_buildpack (STDOUT, STG)#
#2026 03 05 11:48:18.721#Z#DEBUG#0066f6cb-1889-11f1-a16f-eeee0a90b015.c25c385-2-approuter#flowable-async-job-executor-thread-715#
[PollStageAppStatusExecution] a5c869df-1334-45d0-87fb-b2433d952c83 [2026-03-05T11:48:00.295164] Downloading staticfile_buildpack... (STDOUT, STG)#
#2026 03 05 11:48:18.721#Z#DEBUG#0066f6cb-1889-11f1-a16f-eeee0a90b015.c25c385-2-approuter#flowable-async-job-executor-thread-715#
[PollStageAppStatusExecution] a5c869df-1334-45d0-87fb-b2433d952c83 [2026-03-05T11:48:00.296476] Downloaded php_buildpack (STDOUT, STG)#
#2026 03 05 11:48:18.721#Z#DEBUG#0066f6cb-1889-11f1-a16f-eeee0a90b015.c25c385-2-approuter#flowable-async-job-executor-thread-715#
[PollStageAppStatusExecution] a5c869df-1334-45d0-87fb-b2433d952c83 [2026-03-05T11:48:00.296491] Downloading nodejs_buildpack... (STDOUT, STG)#
#2026 03 05 11:48:18.721#Z#DEBUG#0066f6cb-1889-11f1-a16f-eeee0a90b015.c25c385-2-approuter#flowable-async-job-executor-thread-715#
[PollStageAppStatusExecution] a5c869df-1334-45d0-87fb-b2433d952c83 [2026-03-05T11:48:00.297558] Downloading go_buildpack... (STDOUT, STG)#
#2026 03 05 11:48:18.721#Z#DEBUG#0066f6cb-1889-11f1-a16f-eeee0a90b015.c25c385-2-approuter#flowable-async-job-executor-thread-715#
[PollStageAppStatusExecution] a5c869df-1334-45d0-87fb-b2433d952c83 [2026-03-05T11:48:00.315379] Downloaded zero_trust_sidecar_buildpack_1_13 (STDOUT, STG)#
#2026 03 05 11:48:18.721#Z#DEBUG#0066f6cb-1889-11f1-a16f-eeee0a90b015.c25c385-2-approuter#flowable-async-job-executor-thread-715#
[PollStageAppStatusExecution] a5c869df-1334-45d0-87fb-b2433d952c83 [2026-03-05T11:48:00.315406] Downloading sap_java_buildpack_jakarta_2_49... (STDOUT, STG)#
#2026 03 05 11:48:18.721#Z#DEBUG#0066f6cb-1889-11f1-a16f-eeee0a90b015.c25c385-2-approuter#flowable-async-job-executor-thread-715#
[PollStageAppStatusExecution] a5c869df-1334-45d0-87fb-b2433d952c83 [2026-03-05T11:48:00.318188] Downloaded java_buildpack (STDOUT, STG)#
#2026 03 05 11:48:18.721#Z#DEBUG#0066f6cb-1889-11f1-a16f-eeee0a90b015.c25c385-2-approuter#flowable-async-job-executor-thread-715#
[PollStageAppStatusExecution] a5c869df-1334-45d0-87fb-b2433d952c83 [2026-03-05T11:48:00.324216] Downloaded nodejs_buildpack (STDOUT, STG)#
#2026 03 05 11:48:18.721#Z#DEBUG#0066f6cb-1889-11f1-a16f-eeee0a90b015.c25c385-2-approuter#flowable-async-job-executor-thread-715#
[PollStageAppStatusExecution] a5c869df-1334-45d0-87fb-b2433d952c83 [2026-03-05T11:48:00.333336] Downloaded sap_java_buildpack_jakarta_2_49 (STDOUT, STG)#
#2026 03 05 11:48:18.721#Z#DEBUG#0066f6cb-1889-11f1-a16f-eeee0a90b015.c25c385-2-approuter#flowable-async-job-executor-thread-715#
[PollStageAppStatusExecution] a5c869df-1334-45d0-87fb-b2433d952c83 [2026-03-05T11:48:00.338834] Downloaded go_buildpack (STDOUT, STG)#
#2026 03 05 11:48:18.721#Z#DEBUG#0066f6cb-1889-11f1-a16f-eeee0a90b015.c25c385-2-approuter#flowable-async-job-executor-thread-715#
[PollStageAppStatusExecution] a5c869df-1334-45d0-87fb-b2433d952c83 [2026-03-05T11:48:00.339040] Downloaded staticfile_buildpack (STDOUT, STG)#
#2026 03 05 11:48:18.721#Z#DEBUG#0066f6cb-1889-11f1-a16f-eeee0a90b015.c25c385-2-approuter#flowable-async-job-executor-thread-715#
[PollStageAppStatusExecution] a5c869df-1334-45d0-87fb-b2433d952c83 [2026-03-05T11:48:00.339090] Cell c839c7b1-088e-41af-b9b7-66256aacd457 creating container for instance eb663874-c29c-46a2-a80d-e017b1c9aba1 (STDOUT, STG)#
#2026 03 05 11:48:18.721#Z#DEBUG#0066f6cb-1889-11f1-a16f-eeee0a90b015.c25c385-2-approuter#flowable-async-job-executor-thread-715#
[PollStageAppStatusExecution] a5c869df-1334-45d0-87fb-b2433d952c83 [2026-03-05T11:48:00.784482] Security group rules were updated (STDOUT, STG)#
#2026 03 05 11:48:18.721#Z#DEBUG#0066f6cb-1889-11f1-a16f-eeee0a90b015.c25c385-2-approuter#flowable-async-job-executor-thread-715#
[PollStageAppStatusExecution] a5c869df-1334-45d0-87fb-b2433d952c83 [2026-03-05T11:48:00.853263] Cell c839c7b1-088e-41af-b9b7-66256aacd457 successfully created container for instance eb663874-c29c-46a2-a80d-e017b1c9aba1 (STDOUT, STG)#
#2026 03 05 11:48:18.721#Z#DEBUG#0066f6cb-1889-11f1-a16f-eeee0a90b015.c25c385-2-approuter#flowable-async-job-executor-thread-715#
[PollStageAppStatusExecution] a5c869df-1334-45d0-87fb-b2433d952c83 [2026-03-05T11:48:01.087553] Downloading app package... (STDOUT, STG)#
#2026 03 05 11:48:18.721#Z#DEBUG#0066f6cb-1889-11f1-a16f-eeee0a90b015.c25c385-2-approuter#flowable-async-job-executor-thread-715#
[PollStageAppStatusExecution] a5c869df-1334-45d0-87fb-b2433d952c83 [2026-03-05T11:48:01.995977] Downloaded app package (7.7M) (STDOUT, STG)#
#2026 03 05 11:48:18.721#Z#DEBUG#0066f6cb-1889-11f1-a16f-eeee0a90b015.c25c385-2-approuter#flowable-async-job-executor-thread-715#
[PollStageAppStatusExecution] a5c869df-1334-45d0-87fb-b2433d952c83 [2026-03-05T11:48:02.527739] -----> Nodejs Buildpack version 1.8.41 (STDOUT, STG)#
#2026 03 05 11:48:18.721#Z#DEBUG#0066f6cb-1889-11f1-a16f-eeee0a90b015.c25c385-2-approuter#flowable-async-job-executor-thread-715#
[PollStageAppStatusExecution] a5c869df-1334-45d0-87fb-b2433d952c83 [2026-03-05T11:48:02.820168] -----> Bootstrapping python (STDOUT, STG)#
#2026 03 05 11:48:18.721#Z#DEBUG#0066f6cb-1889-11f1-a16f-eeee0a90b015.c25c385-2-approuter#flowable-async-job-executor-thread-715#
[PollStageAppStatusExecution] a5c869df-1334-45d0-87fb-b2433d952c83 [2026-03-05T11:48:02.820346] -----> Installing python 3.11.14 (STDOUT, STG)#
#2026 03 05 11:48:18.721#Z#DEBUG#0066f6cb-1889-11f1-a16f-eeee0a90b015.c25c385-2-approuter#flowable-async-job-executor-thread-715#
[PollStageAppStatusExecution] a5c869df-1334-45d0-87fb-b2433d952c83 [2026-03-05T11:48:02.820406] Copy [/tmp/buildpacks/dfa36c7d15e4ae2c/dependencies/c334a3cd7ccf4e78ab45ef5e33dcd936/python_3.11.14_linux_x64_cflinuxfs4_5d0a9d8b.tgz] (STDOUT, STG)#
#2026 03 05 11:48:18.721#Z#DEBUG#0066f6cb-1889-11f1-a16f-eeee0a90b015.c25c385-2-approuter#flowable-async-job-executor-thread-715#
[PollStageAppStatusExecution] a5c869df-1334-45d0-87fb-b2433d952c83 [2026-03-05T11:48:05.808733] -----> Installing binaries (STDOUT, STG)#
#2026 03 05 11:48:18.721#Z#DEBUG#0066f6cb-1889-11f1-a16f-eeee0a90b015.c25c385-2-approuter#flowable-async-job-executor-thread-715#
[PollStageAppStatusExecution] a5c869df-1334-45d0-87fb-b2433d952c83 [2026-03-05T11:48:05.808867] engines.node (package.json): ^16.0.0 || ^18.0.0 (STDOUT, STG)#
#2026 03 05 11:48:18.721#Z#DEBUG#0066f6cb-1889-11f1-a16f-eeee0a90b015.c25c385-2-approuter#flowable-async-job-executor-thread-715#
[PollStageAppStatusExecution] a5c869df-1334-45d0-87fb-b2433d952c83 [2026-03-05T11:48:05.808885] engines.npm (package.json): unspecified (use default) (STDOUT, STG)#
#2026 03 05 11:48:18.721#Z#DEBUG#0066f6cb-1889-11f1-a16f-eeee0a90b015.c25c385-2-approuter#flowable-async-job-executor-thread-715#
[PollStageAppStatusExecution] a5c869df-1334-45d0-87fb-b2433d952c83 [2026-03-05T11:48:05.809003] [31;1m**ERROR**[0m Unable to install node: no match found for ^16.0.0 || ^18.0.0 in [20.19.3 20.19.5 22.20.0 22.21.1 24.3.0 24.10.0] (STDOUT, STG)#
#2026 03 05 11:48:18.721#Z#DEBUG#0066f6cb-1889-11f1-a16f-eeee0a90b015.c25c385-2-approuter#flowable-async-job-executor-thread-715#
[PollStageAppStatusExecution] a5c869df-1334-45d0-87fb-b2433d952c83 [2026-03-05T11:48:05.811332] Failed to compile droplet: Failed to run all supply scripts: exit status 14 (STDERR, STG)#
#2026 03 05 11:48:18.721#Z#DEBUG#0066f6cb-1889-11f1-a16f-eeee0a90b015.c25c385-2-approuter#flowable-async-job-executor-thread-715#
[PollStageAppStatusExecution] a5c869df-1334-45d0-87fb-b2433d952c83 [2026-03-05T11:48:05.818497] Exit status 223 (STDOUT, STG)#
#2026 03 05 11:48:18.721#Z#DEBUG#0066f6cb-1889-11f1-a16f-eeee0a90b015.c25c385-2-approuter#flowable-async-job-executor-thread-715#
[PollStageAppStatusExecution] a5c869df-1334-45d0-87fb-b2433d952c83 [2026-03-05T11:48:05.924187] Cell c839c7b1-088e-41af-b9b7-66256aacd457 stopping instance eb663874-c29c-46a2-a80d-e017b1c9aba1 (STDOUT, STG)#
#2026 03 05 11:48:18.721#Z#DEBUG#0066f6cb-1889-11f1-a16f-eeee0a90b015.c25c385-2-approuter#flowable-async-job-executor-thread-715#
[PollStageAppStatusExecution] a5c869df-1334-45d0-87fb-b2433d952c83 [2026-03-05T11:48:05.924226] Cell c839c7b1-088e-41af-b9b7-66256aacd457 destroying container for instance eb663874-c29c-46a2-a80d-e017b1c9aba1 (STDOUT, STG)#
#2026 03 05 11:48:18.721#Z#DEBUG#0066f6cb-1889-11f1-a16f-eeee0a90b015.c25c385-2-approuter#flowable-async-job-executor-thread-715#
[PollStageAppStatusExecution] a5c869df-1334-45d0-87fb-b2433d952c83 [2026-03-05T11:48:05.965030] Failed to stage build: staging failed (STDERR, API)#
#2026 03 05 11:48:18.721#Z#DEBUG#0066f6cb-1889-11f1-a16f-eeee0a90b015.c25c385-2-approuter#flowable-async-job-executor-thread-715#
[PollStageAppStatusExecution] a5c869df-1334-45d0-87fb-b2433d952c83 [2026-03-05T11:48:08.471116] Cell c839c7b1-088e-41af-b9b7-66256aacd457 successfully destroyed container for instance eb663874-c29c-46a2-a80d-e017b1c9aba1 (STDOUT, STG)#
#2026 03 05 11:48:18.721#Z#DEBUG#0066f6cb-1889-11f1-a16f-eeee0a90b015.c25c385-2-approuter#flowable-async-job-executor-thread-715#
[PollStageAppStatusExecution] a5c869df-1334-45d0-87fb-b2433d952c83 [2026-03-05T11:48:11.124694] Creating build for app with guid a5c869df-1334-45d0-87fb-b2433d952c83 (STDOUT, API)#
#2026 03 05 11:48:18.721#Z#DEBUG#0066f6cb-1889-11f1-a16f-eeee0a90b015.c25c385-2-approuter#flowable-async-job-executor-thread-715#
[PollStageAppStatusExecution] a5c869df-1334-45d0-87fb-b2433d952c83 [2026-03-05T11:48:11.681462] Downloading zero_trust_sidecar_buildpack_1_15... (STDOUT, STG)#
#2026 03 05 11:48:18.721#Z#DEBUG#0066f6cb-1889-11f1-a16f-eeee0a90b015.c25c385-2-approuter#flowable-async-job-executor-thread-715#
[PollStageAppStatusExecution] a5c869df-1334-45d0-87fb-b2433d952c83 [2026-03-05T11:48:11.681483] Downloading binary_buildpack... (STDOUT, STG)#
#2026 03 05 11:48:18.721#Z#DEBUG#0066f6cb-1889-11f1-a16f-eeee0a90b015.c25c385-2-approuter#flowable-async-job-executor-thread-715#
[PollStageAppStatusExecution] a5c869df-1334-45d0-87fb-b2433d952c83 [2026-03-05T11:48:11.681505] Downloading php_buildpack... (STDOUT, STG)#
#2026 03 05 11:48:18.721#Z#DEBUG#0066f6cb-1889-11f1-a16f-eeee0a90b015.c25c385-2-approuter#flowable-async-job-executor-thread-715#
[PollStageAppStatusExecution] a5c869df-1334-45d0-87fb-b2433d952c83 [2026-03-05T11:48:11.681511] Downloading go_buildpack... (STDOUT, STG)#
#2026 03 05 11:48:18.721#Z#DEBUG#0066f6cb-1889-11f1-a16f-eeee0a90b015.c25c385-2-approuter#flowable-async-job-executor-thread-715#
[PollStageAppStatusExecution] a5c869df-1334-45d0-87fb-b2433d952c83 [2026-03-05T11:48:11.690118] Downloading nginx_buildpack... (STDOUT, STG)#
#2026 03 05 11:48:18.721#Z#DEBUG#0066f6cb-1889-11f1-a16f-eeee0a90b015.c25c385-2-approuter#flowable-async-job-executor-thread-715#
[PollStageAppStatusExecution] a5c869df-1334-45d0-87fb-b2433d952c83 [2026-03-05T11:48:11.721240] Downloaded php_buildpack (STDOUT, STG)#
#2026 03 05 11:48:18.721#Z#DEBUG#0066f6cb-1889-11f1-a16f-eeee0a90b015.c25c385-2-approuter#flowable-async-job-executor-thread-715#
[PollStageAppStatusExecution] a5c869df-1334-45d0-87fb-b2433d952c83 [2026-03-05T11:48:11.721260] Downloading sap_java_buildpack_jakarta_2_49... (STDOUT, STG)#
#2026 03 05 11:48:18.721#Z#DEBUG#0066f6cb-1889-11f1-a16f-eeee0a90b015.c25c385-2-approuter#flowable-async-job-executor-thread-715#
[PollStageAppStatusExecution] a5c869df-1334-45d0-87fb-b2433d952c83 [2026-03-05T11:48:11.721789] Downloaded binary_buildpack (STDOUT, STG)#
#2026 03 05 11:48:18.721#Z#DEBUG#0066f6cb-1889-11f1-a16f-eeee0a90b015.c25c385-2-approuter#flowable-async-job-executor-thread-715#
[PollStageAppStatusExecution] a5c869df-1334-45d0-87fb-b2433d952c83 [2026-03-05T11:48:11.721813] Downloading sap_java_buildpack_jakarta_2_51... (STDOUT, STG)#
#2026 03 05 11:48:18.721#Z#DEBUG#0066f6cb-1889-11f1-a16f-eeee0a90b015.c25c385-2-approuter#flowable-async-job-executor-thread-715#
[PollStageAppStatusExecution] a5c869df-1334-45d0-87fb-b2433d952c83 [2026-03-05T11:48:11.722708] Downloaded nginx_buildpack (STDOUT, STG)#
#2026 03 05 11:48:18.721#Z#DEBUG#0066f6cb-1889-11f1-a16f-eeee0a90b015.c25c385-2-approuter#flowable-async-job-executor-thread-715#
[PollStageAppStatusExecution] a5c869df-1334-45d0-87fb-b2433d952c83 [2026-03-05T11:48:11.722722] Downloading sap_java_buildpack_jakarta... (STDOUT, STG)#
#2026 03 05 11:48:18.721#Z#DEBUG#0066f6cb-1889-11f1-a16f-eeee0a90b015.c25c385-2-approuter#flowable-async-job-executor-thread-715#
[PollStageAppStatusExecution] a5c869df-1334-45d0-87fb-b2433d952c83 [2026-03-05T11:48:11.723081] Downloaded zero_trust_sidecar_buildpack_1_15 (STDOUT, STG)#
#2026 03 05 11:48:18.721#Z#DEBUG#0066f6cb-1889-11f1-a16f-eeee0a90b015.c25c385-2-approuter#flowable-async-job-executor-thread-715#
[PollStageAppStatusExecution] a5c869df-1334-45d0-87fb-b2433d952c83 [2026-03-05T11:48:11.723097] Downloading java_buildpack... (STDOUT, STG)#
#2026 03 05 11:48:18.721#Z#DEBUG#0066f6cb-1889-11f1-a16f-eeee0a90b015.c25c385-2-approuter#flowable-async-job-executor-thread-715#
[PollStageAppStatusExecution] a5c869df-1334-45d0-87fb-b2433d952c83 [2026-03-05T11:48:11.726079] Downloaded go_buildpack (STDOUT, STG)#
#2026 03 05 11:48:18.721#Z#DEBUG#0066f6cb-1889-11f1-a16f-eeee0a90b015.c25c385-2-approuter#flowable-async-job-executor-thread-715#
[PollStageAppStatusExecution] a5c869df-1334-45d0-87fb-b2433d952c83 [2026-03-05T11:48:11.726095] Downloading staticfile_buildpack... (STDOUT, STG)#
#2026 03 05 11:48:18.721#Z#DEBUG#0066f6cb-1889-11f1-a16f-eeee0a90b015.c25c385-2-approuter#flowable-async-job-executor-thread-715#
[PollStageAppStatusExecution] a5c869df-1334-45d0-87fb-b2433d952c83 [2026-03-05T11:48:11.738509] Downloaded java_buildpack (STDOUT, STG)#
#2026 03 05 11:48:18.721#Z#DEBUG#0066f6cb-1889-11f1-a16f-eeee0a90b015.c25c385-2-approuter#flowable-async-job-executor-thread-715#
[PollStageAppStatusExecution] a5c869df-1334-45d0-87fb-b2433d952c83 [2026-03-05T11:48:11.738529] Downloading sap_java_buildpack_jakarta_2_50... (STDOUT, STG)#
#2026 03 05 11:48:18.721#Z#DEBUG#0066f6cb-1889-11f1-a16f-eeee0a90b015.c25c385-2-approuter#flowable-async-job-executor-thread-715#
[PollStageAppStatusExecution] a5c869df-1334-45d0-87fb-b2433d952c83 [2026-03-05T11:48:11.738707] Downloaded sap_java_buildpack_jakarta_2_51 (STDOUT, STG)#
#2026 03 05 11:48:18.721#Z#DEBUG#0066f6cb-1889-11f1-a16f-eeee0a90b015.c25c385-2-approuter#flowable-async-job-executor-thread-715#
[PollStageAppStatusExecution] a5c869df-1334-45d0-87fb-b2433d952c83 [2026-03-05T11:48:11.738722] Downloading zero_trust_sidecar_buildpack_1_13... (STDOUT, STG)#
#2026 03 05 11:48:18.721#Z#DEBUG#0066f6cb-1889-11f1-a16f-eeee0a90b015.c25c385-2-approuter#flowable-async-job-executor-thread-715#
[PollStageAppStatusExecution] a5c869df-1334-45d0-87fb-b2433d952c83 [2026-03-05T11:48:11.754310] Downloaded zero_trust_sidecar_buildpack_1_13 (STDOUT, STG)#
#2026 03 05 11:48:18.721#Z#DEBUG#0066f6cb-1889-11f1-a16f-eeee0a90b015.c25c385-2-approuter#flowable-async-job-executor-thread-715#
[PollStageAppStatusExecution] a5c869df-1334-45d0-87fb-b2433d952c83 [2026-03-05T11:48:11.754328] Downloading zero_trust_sidecar_buildpack_1_14... (STDOUT, STG)#
#2026 03 05 11:48:18.721#Z#DEBUG#0066f6cb-1889-11f1-a16f-eeee0a90b015.c25c385-2-approuter#flowable-async-job-executor-thread-715#
[PollStageAppStatusExecution] a5c869df-1334-45d0-87fb-b2433d952c83 [2026-03-05T11:48:11.758582] Downloaded sap_java_buildpack_jakarta_2_49 (STDOUT, STG)#
#2026 03 05 11:48:18.721#Z#DEBUG#0066f6cb-1889-11f1-a16f-eeee0a90b015.c25c385-2-approuter#flowable-async-job-executor-thread-715#
[PollStageAppStatusExecution] a5c869df-1334-45d0-87fb-b2433d952c83 [2026-03-05T11:48:11.758601] Downloading nodejs_buildpack... (STDOUT, STG)#
#2026 03 05 11:48:18.721#Z#DEBUG#0066f6cb-1889-11f1-a16f-eeee0a90b015.c25c385-2-approuter#flowable-async-job-executor-thread-715#
[PollStageAppStatusExecution] a5c869df-1334-45d0-87fb-b2433d952c83 [2026-03-05T11:48:11.763436] Downloaded staticfile_buildpack (STDOUT, STG)#
#2026 03 05 11:48:18.721#Z#DEBUG#0066f6cb-1889-11f1-a16f-eeee0a90b015.c25c385-2-approuter#flowable-async-job-executor-thread-715#
[PollStageAppStatusExecution] a5c869df-1334-45d0-87fb-b2433d952c83 [2026-03-05T11:48:11.763454] Downloading python_buildpack... (STDOUT, STG)#
#2026 03 05 11:48:18.721#Z#DEBUG#0066f6cb-1889-11f1-a16f-eeee0a90b015.c25c385-2-approuter#flowable-async-job-executor-thread-715#
[PollStageAppStatusExecution] a5c869df-1334-45d0-87fb-b2433d952c83 [2026-03-05T11:48:11.763467] Downloaded sap_java_buildpack_jakarta (STDOUT, STG)#
#2026 03 05 11:48:18.721#Z#DEBUG#0066f6cb-1889-11f1-a16f-eeee0a90b015.c25c385-2-approuter#flowable-async-job-executor-thread-715#
[PollStageAppStatusExecution] a5c869df-1334-45d0-87fb-b2433d952c83 [2026-03-05T11:48:11.763480] Downloading zero_trust_sidecar_buildpack... (STDOUT, STG)#
#2026 03 05 11:48:18.721#Z#DEBUG#0066f6cb-1889-11f1-a16f-eeee0a90b015.c25c385-2-approuter#flowable-async-job-executor-thread-715#
[PollStageAppStatusExecution] a5c869df-1334-45d0-87fb-b2433d952c83 [2026-03-05T11:48:11.769788] Downloaded zero_trust_sidecar_buildpack_1_14 (STDOUT, STG)#
#2026 03 05 11:48:18.721#Z#DEBUG#0066f6cb-1889-11f1-a16f-eeee0a90b015.c25c385-2-approuter#flowable-async-job-executor-thread-715#
[PollStageAppStatusExecution] a5c869df-1334-45d0-87fb-b2433d952c83 [2026-03-05T11:48:11.773552] Downloaded nodejs_buildpack (STDOUT, STG)#
#2026 03 05 11:48:18.721#Z#DEBUG#0066f6cb-1889-11f1-a16f-eeee0a90b015.c25c385-2-approuter#flowable-async-job-executor-thread-715#
[PollStageAppStatusExecution] a5c869df-1334-45d0-87fb-b2433d952c83 [2026-03-05T11:48:11.774763] Downloaded sap_java_buildpack_jakarta_2_50 (STDOUT, STG)#
#2026 03 05 11:48:18.721#Z#DEBUG#0066f6cb-1889-11f1-a16f-eeee0a90b015.c25c385-2-approuter#flowable-async-job-executor-thread-715#
[PollStageAppStatusExecution] a5c869df-1334-45d0-87fb-b2433d952c83 [2026-03-05T11:48:11.780245] Downloaded python_buildpack (STDOUT, STG)#
#2026 03 05 11:48:18.721#Z#DEBUG#0066f6cb-1889-11f1-a16f-eeee0a90b015.c25c385-2-approuter#flowable-async-job-executor-thread-715#
[PollStageAppStatusExecution] a5c869df-1334-45d0-87fb-b2433d952c83 [2026-03-05T11:48:11.781711] Downloaded zero_trust_sidecar_buildpack (STDOUT, STG)#
#2026 03 05 11:48:18.721#Z#DEBUG#0066f6cb-1889-11f1-a16f-eeee0a90b015.c25c385-2-approuter#flowable-async-job-executor-thread-715#
[PollStageAppStatusExecution] a5c869df-1334-45d0-87fb-b2433d952c83 [2026-03-05T11:48:11.781770] Cell d1cc041a-d5a1-41d6-b9f6-6cda736ce3f0 creating container for instance bb40cd4f-be93-40a5-a943-347e71d00fb1 (STDOUT, STG)#
#2026 03 05 11:48:18.721#Z#DEBUG#0066f6cb-1889-11f1-a16f-eeee0a90b015.c25c385-2-approuter#flowable-async-job-executor-thread-715#
[PollStageAppStatusExecution] a5c869df-1334-45d0-87fb-b2433d952c83 [2026-03-05T11:48:12.291014] Security group rules were updated (STDOUT, STG)#
#2026 03 05 11:48:18.721#Z#DEBUG#0066f6cb-1889-11f1-a16f-eeee0a90b015.c25c385-2-approuter#flowable-async-job-executor-thread-715#
[PollStageAppStatusExecution] a5c869df-1334-45d0-87fb-b2433d952c83 [2026-03-05T11:48:12.355180] Cell d1cc041a-d5a1-41d6-b9f6-6cda736ce3f0 successfully created container for instance bb40cd4f-be93-40a5-a943-347e71d00fb1 (STDOUT, STG)#
#2026 03 05 11:48:18.721#Z#DEBUG#0066f6cb-1889-11f1-a16f-eeee0a90b015.c25c385-2-approuter#flowable-async-job-executor-thread-715#
[PollStageAppStatusExecution] a5c869df-1334-45d0-87fb-b2433d952c83 [2026-03-05T11:48:13.092273] Downloading app package... (STDOUT, STG)#
#2026 03 05 11:48:18.721#Z#DEBUG#0066f6cb-1889-11f1-a16f-eeee0a90b015.c25c385-2-approuter#flowable-async-job-executor-thread-715#
[PollStageAppStatusExecution] a5c869df-1334-45d0-87fb-b2433d952c83 [2026-03-05T11:48:13.968372] Downloaded app package (7.7M) (STDOUT, STG)#
#2026 03 05 11:48:18.721#Z#DEBUG#0066f6cb-1889-11f1-a16f-eeee0a90b015.c25c385-2-approuter#flowable-async-job-executor-thread-715#
[PollStageAppStatusExecution] a5c869df-1334-45d0-87fb-b2433d952c83 [2026-03-05T11:48:14.511756] -----> Nodejs Buildpack version 1.8.41 (STDOUT, STG)#
#2026 03 05 11:48:18.721#Z#DEBUG#0066f6cb-1889-11f1-a16f-eeee0a90b015.c25c385-2-approuter#flowable-async-job-executor-thread-715#
[PollStageAppStatusExecution] a5c869df-1334-45d0-87fb-b2433d952c83 [2026-03-05T11:48:14.803608] -----> Bootstrapping python (STDOUT, STG)#
#2026 03 05 11:48:18.721#Z#DEBUG#0066f6cb-1889-11f1-a16f-eeee0a90b015.c25c385-2-approuter#flowable-async-job-executor-thread-715#
[PollStageAppStatusExecution] a5c869df-1334-45d0-87fb-b2433d952c83 [2026-03-05T11:48:14.803629] -----> Installing python 3.11.14 (STDOUT, STG)#
#2026 03 05 11:48:18.721#Z#DEBUG#0066f6cb-1889-11f1-a16f-eeee0a90b015.c25c385-2-approuter#flowable-async-job-executor-thread-715#
[PollStageAppStatusExecution] a5c869df-1334-45d0-87fb-b2433d952c83 [2026-03-05T11:48:14.803670] Copy [/tmp/buildpacks/dfa36c7d15e4ae2c/dependencies/c334a3cd7ccf4e78ab45ef5e33dcd936/python_3.11.14_linux_x64_cflinuxfs4_5d0a9d8b.tgz] (STDOUT, STG)#
#2026 03 05 11:48:18.721#Z#DEBUG#0066f6cb-1889-11f1-a16f-eeee0a90b015.c25c385-2-approuter#flowable-async-job-executor-thread-715#
[PollStageAppStatusExecution] a5c869df-1334-45d0-87fb-b2433d952c83 [2026-03-05T11:48:17.825808] -----> Installing binaries (STDOUT, STG)#
#2026 03 05 11:48:18.721#Z#DEBUG#0066f6cb-1889-11f1-a16f-eeee0a90b015.c25c385-2-approuter#flowable-async-job-executor-thread-715#
[PollStageAppStatusExecution] a5c869df-1334-45d0-87fb-b2433d952c83 [2026-03-05T11:48:17.825867] engines.node (package.json): ^16.0.0 || ^18.0.0 (STDOUT, STG)#
#2026 03 05 11:48:18.721#Z#DEBUG#0066f6cb-1889-11f1-a16f-eeee0a90b015.c25c385-2-approuter#flowable-async-job-executor-thread-715#
[PollStageAppStatusExecution] a5c869df-1334-45d0-87fb-b2433d952c83 [2026-03-05T11:48:17.825878] engines.npm (package.json): unspecified (use default) (STDOUT, STG)#
#2026 03 05 11:48:18.721#Z#DEBUG#0066f6cb-1889-11f1-a16f-eeee0a90b015.c25c385-2-approuter#flowable-async-job-executor-thread-715#
[PollStageAppStatusExecution] a5c869df-1334-45d0-87fb-b2433d952c83 [2026-03-05T11:48:17.826009] [31;1m**ERROR**[0m Unable to install node: no match found for ^16.0.0 || ^18.0.0 in [20.19.3 20.19.5 22.20.0 22.21.1 24.3.0 24.10.0] (STDOUT, STG)#
#2026 03 05 11:48:18.721#Z#DEBUG#0066f6cb-1889-11f1-a16f-eeee0a90b015.c25c385-2-approuter#flowable-async-job-executor-thread-715#
[PollStageAppStatusExecution] a5c869df-1334-45d0-87fb-b2433d952c83 [2026-03-05T11:48:17.827891] Failed to compile droplet: Failed to run all supply scripts: exit status 14 (STDERR, STG)#
#2026 03 05 11:48:18.721#Z#DEBUG#0066f6cb-1889-11f1-a16f-eeee0a90b015.c25c385-2-approuter#flowable-async-job-executor-thread-715#
[PollStageAppStatusExecution] a5c869df-1334-45d0-87fb-b2433d952c83 [2026-03-05T11:48:17.834191] Exit status 223 (STDOUT, STG)#
#2026 03 05 11:48:28.871#Z#DEBUG#0066f6cb-1889-11f1-a16f-eeee0a90b015.c25c385-2-approuter#flowable-async-job-executor-thread-723#
[PollStageAppStatusExecution] a5c869df-1334-45d0-87fb-b2433d952c83 [2026-03-05T11:48:18.558333] Cell d1cc041a-d5a1-41d6-b9f6-6cda736ce3f0 stopping instance bb40cd4f-be93-40a5-a943-347e71d00fb1 (STDOUT, STG)#
#2026 03 05 11:48:28.871#Z#DEBUG#0066f6cb-1889-11f1-a16f-eeee0a90b015.c25c385-2-approuter#flowable-async-job-executor-thread-723#
[PollStageAppStatusExecution] a5c869df-1334-45d0-87fb-b2433d952c83 [2026-03-05T11:48:18.558369] Cell d1cc041a-d5a1-41d6-b9f6-6cda736ce3f0 destroying container for instance bb40cd4f-be93-40a5-a943-347e71d00fb1 (STDOUT, STG)#
#2026 03 05 11:48:28.871#Z#DEBUG#0066f6cb-1889-11f1-a16f-eeee0a90b015.c25c385-2-approuter#flowable-async-job-executor-thread-723#
[PollStageAppStatusExecution] a5c869df-1334-45d0-87fb-b2433d952c83 [2026-03-05T11:48:18.600130] Failed to stage build: staging failed (STDERR, API)#
#2026 03 05 11:48:28.871#Z#DEBUG#0066f6cb-1889-11f1-a16f-eeee0a90b015.c25c385-2-approuter#flowable-async-job-executor-thread-723#
[PollStageAppStatusExecution] a5c869df-1334-45d0-87fb-b2433d952c83 [2026-03-05T11:48:20.903734] Cell d1cc041a-d5a1-41d6-b9f6-6cda736ce3f0 successfully destroyed container for instance bb40cd4f-be93-40a5-a943-347e71d00fb1 (STDOUT, STG)#
#2026 03 05 11:48:38.936#Z#DEBUG#0066f6cb-1889-11f1-a16f-eeee0a90b015.c25c385-2-approuter#flowable-async-job-executor-thread-726#
[PollStageAppStatusExecution] a5c869df-1334-45d0-87fb-b2433d952c83 [2026-03-05T11:48:18.558333] Cell d1cc041a-d5a1-41d6-b9f6-6cda736ce3f0 stopping instance bb40cd4f-be93-40a5-a943-347e71d00fb1 (STDOUT, STG)#
#2026 03 05 11:48:38.936#Z#DEBUG#0066f6cb-1889-11f1-a16f-eeee0a90b015.c25c385-2-approuter#flowable-async-job-executor-thread-726#
[PollStageAppStatusExecution] a5c869df-1334-45d0-87fb-b2433d952c83 [2026-03-05T11:48:18.558369] Cell d1cc041a-d5a1-41d6-b9f6-6cda736ce3f0 destroying container for instance bb40cd4f-be93-40a5-a943-347e71d00fb1 (STDOUT, STG)#
#2026 03 05 11:48:38.936#Z#DEBUG#0066f6cb-1889-11f1-a16f-eeee0a90b015.c25c385-2-approuter#flowable-async-job-executor-thread-726#
[PollStageAppStatusExecution] a5c869df-1334-45d0-87fb-b2433d952c83 [2026-03-05T11:48:18.600130] Failed to stage build: staging failed (STDERR, API)#
#2026 03 05 11:48:38.936#Z#DEBUG#0066f6cb-1889-11f1-a16f-eeee0a90b015.c25c385-2-approuter#flowable-async-job-executor-thread-726#
[PollStageAppStatusExecution] a5c869df-1334-45d0-87fb-b2433d952c83 [2026-03-05T11:48:20.903734] Cell d1cc041a-d5a1-41d6-b9f6-6cda736ce3f0 successfully destroyed container for instance bb40cd4f-be93-40a5-a943-347e71d00fb1 (STDOUT, STG)#
#2026 03 05 11:48:38.936#Z#DEBUG#0066f6cb-1889-11f1-a16f-eeee0a90b015.c25c385-2-approuter#flowable-async-job-executor-thread-726#
[PollStageAppStatusExecution] a5c869df-1334-45d0-87fb-b2433d952c83 [2026-03-05T11:48:29.521675] Creating build for app with guid a5c869df-1334-45d0-87fb-b2433d952c83 (STDOUT, API)#
#2026 03 05 11:48:38.936#Z#DEBUG#0066f6cb-1889-11f1-a16f-eeee0a90b015.c25c385-2-approuter#flowable-async-job-executor-thread-726#
[PollStageAppStatusExecution] a5c869df-1334-45d0-87fb-b2433d952c83 [2026-03-05T11:48:30.200504] Downloading zero_trust_sidecar_buildpack_1_15... (STDOUT, STG)#
#2026 03 05 11:48:38.936#Z#DEBUG#0066f6cb-1889-11f1-a16f-eeee0a90b015.c25c385-2-approuter#flowable-async-job-executor-thread-726#
[PollStageAppStatusExecution] a5c869df-1334-45d0-87fb-b2433d952c83 [2026-03-05T11:48:30.200598] Downloading zero_trust_sidecar_buildpack_1_14... (STDOUT, STG)#
#2026 03 05 11:48:38.936#Z#DEBUG#0066f6cb-1889-11f1-a16f-eeee0a90b015.c25c385-2-approuter#flowable-async-job-executor-thread-726#
[PollStageAppStatusExecution] a5c869df-1334-45d0-87fb-b2433d952c83 [2026-03-05T11:48:30.200600] Downloading nginx_buildpack... (STDOUT, STG)#
#2026 03 05 11:48:38.936#Z#DEBUG#0066f6cb-1889-11f1-a16f-eeee0a90b015.c25c385-2-approuter#flowable-async-job-executor-thread-726#
[PollStageAppStatusExecution] a5c869df-1334-45d0-87fb-b2433d952c83 [2026-03-05T11:48:30.200612] Downloading sap_java_buildpack_jakarta_2_50... (STDOUT, STG)#
#2026 03 05 11:48:38.936#Z#DEBUG#0066f6cb-1889-11f1-a16f-eeee0a90b015.c25c385-2-approuter#flowable-async-job-executor-thread-726#
[PollStageAppStatusExecution] a5c869df-1334-45d0-87fb-b2433d952c83 [2026-03-05T11:48:30.200652] Downloading sap_java_buildpack_jakarta_2_49... (STDOUT, STG)#
#2026 03 05 11:48:38.936#Z#DEBUG#0066f6cb-1889-11f1-a16f-eeee0a90b015.c25c385-2-approuter#flowable-async-job-executor-thread-726#
[PollStageAppStatusExecution] a5c869df-1334-45d0-87fb-b2433d952c83 [2026-03-05T11:48:30.247036] Downloaded zero_trust_sidecar_buildpack_1_15 (STDOUT, STG)#
#2026 03 05 11:48:38.936#Z#DEBUG#0066f6cb-1889-11f1-a16f-eeee0a90b015.c25c385-2-approuter#flowable-async-job-executor-thread-726#
[PollStageAppStatusExecution] a5c869df-1334-45d0-87fb-b2433d952c83 [2026-03-05T11:48:30.247064] Downloading sap_java_buildpack_jakarta... (STDOUT, STG)#
#2026 03 05 11:48:38.936#Z#DEBUG#0066f6cb-1889-11f1-a16f-eeee0a90b015.c25c385-2-approuter#flowable-async-job-executor-thread-726#
[PollStageAppStatusExecution] a5c869df-1334-45d0-87fb-b2433d952c83 [2026-03-05T11:48:30.247368] Downloaded nginx_buildpack (STDOUT, STG)#
#2026 03 05 11:48:38.936#Z#DEBUG#0066f6cb-1889-11f1-a16f-eeee0a90b015.c25c385-2-approuter#flowable-async-job-executor-thread-726#
[PollStageAppStatusExecution] a5c869df-1334-45d0-87fb-b2433d952c83 [2026-03-05T11:48:30.247392] Downloading binary_buildpack... (STDOUT, STG)#
#2026 03 05 11:48:38.936#Z#DEBUG#0066f6cb-1889-11f1-a16f-eeee0a90b015.c25c385-2-approuter#flowable-async-job-executor-thread-726#
[PollStageAppStatusExecution] a5c869df-1334-45d0-87fb-b2433d952c83 [2026-03-05T11:48:30.248344] Downloaded sap_java_buildpack_jakarta_2_49 (STDOUT, STG)#
#2026 03 05 11:48:38.936#Z#DEBUG#0066f6cb-1889-11f1-a16f-eeee0a90b015.c25c385-2-approuter#flowable-async-job-executor-thread-726#
[PollStageAppStatusExecution] a5c869df-1334-45d0-87fb-b2433d952c83 [2026-03-05T11:48:30.248367] Downloading nodejs_buildpack... (STDOUT, STG)#
#2026 03 05 11:48:38.936#Z#DEBUG#0066f6cb-1889-11f1-a16f-eeee0a90b015.c25c385-2-approuter#flowable-async-job-executor-thread-726#
[PollStageAppStatusExecution] a5c869df-1334-45d0-87fb-b2433d952c83 [2026-03-05T11:48:30.249735] Downloaded zero_trust_sidecar_buildpack_1_14 (STDOUT, STG)#
#2026 03 05 11:48:38.936#Z#DEBUG#0066f6cb-1889-11f1-a16f-eeee0a90b015.c25c385-2-approuter#flowable-async-job-executor-thread-726#
[PollStageAppStatusExecution] a5c869df-1334-45d0-87fb-b2433d952c83 [2026-03-05T11:48:30.258703] Downloading staticfile_buildpack... (STDOUT, STG)#
#2026 03 05 11:48:38.936#Z#DEBUG#0066f6cb-1889-11f1-a16f-eeee0a90b015.c25c385-2-approuter#flowable-async-job-executor-thread-726#
[PollStageAppStatusExecution] a5c869df-1334-45d0-87fb-b2433d952c83 [2026-03-05T11:48:30.291404] Downloaded sap_java_buildpack_jakarta_2_50 (STDOUT, STG)#
#2026 03 05 11:48:38.936#Z#DEBUG#0066f6cb-1889-11f1-a16f-eeee0a90b015.c25c385-2-approuter#flowable-async-job-executor-thread-726#
[PollStageAppStatusExecution] a5c869df-1334-45d0-87fb-b2433d952c83 [2026-03-05T11:48:30.291423] Downloading java_buildpack... (STDOUT, STG)#
#2026 03 05 11:48:38.936#Z#DEBUG#0066f6cb-1889-11f1-a16f-eeee0a90b015.c25c385-2-approuter#flowable-async-job-executor-thread-726#
[PollStageAppStatusExecution] a5c869df-1334-45d0-87fb-b2433d952c83 [2026-03-05T11:48:30.293159] Downloaded nodejs_buildpack (STDOUT, STG)#
#2026 03 05 11:48:38.936#Z#DEBUG#0066f6cb-1889-11f1-a16f-eeee0a90b015.c25c385-2-approuter#flowable-async-job-executor-thread-726#
[PollStageAppStatusExecution] a5c869df-1334-45d0-87fb-b2433d952c83 [2026-03-05T11:48:30.293173] Downloading sap_java_buildpack_jakarta_2_51... (STDOUT, STG)#
#2026 03 05 11:48:38.936#Z#DEBUG#0066f6cb-1889-11f1-a16f-eeee0a90b015.c25c385-2-approuter#flowable-async-job-executor-thread-726#
[PollStageAppStatusExecution] a5c869df-1334-45d0-87fb-b2433d952c83 [2026-03-05T11:48:30.293639] Downloaded binary_buildpack (STDOUT, STG)#
#2026 03 05 11:48:38.936#Z#DEBUG#0066f6cb-1889-11f1-a16f-eeee0a90b015.c25c385-2-approuter#flowable-async-job-executor-thread-726#
[PollStageAppStatusExecution] a5c869df-1334-45d0-87fb-b2433d952c83 [2026-03-05T11:48:30.293657] Downloading python_buildpack... (STDOUT, STG)#
#2026 03 05 11:48:38.936#Z#DEBUG#0066f6cb-1889-11f1-a16f-eeee0a90b015.c25c385-2-approuter#flowable-async-job-executor-thread-726#
[PollStageAppStatusExecution] a5c869df-1334-45d0-87fb-b2433d952c83 [2026-03-05T11:48:30.294790] Downloaded sap_java_buildpack_jakarta (STDOUT, STG)#
#2026 03 05 11:48:38.936#Z#DEBUG#0066f6cb-1889-11f1-a16f-eeee0a90b015.c25c385-2-approuter#flowable-async-job-executor-thread-726#
[PollStageAppStatusExecution] a5c869df-1334-45d0-87fb-b2433d952c83 [2026-03-05T11:48:30.294813] Downloading go_buildpack... (STDOUT, STG)#
#2026 03 05 11:48:38.936#Z#DEBUG#0066f6cb-1889-11f1-a16f-eeee0a90b015.c25c385-2-approuter#flowable-async-job-executor-thread-726#
[PollStageAppStatusExecution] a5c869df-1334-45d0-87fb-b2433d952c83 [2026-03-05T11:48:30.303835] Downloaded staticfile_buildpack (STDOUT, STG)#
#2026 03 05 11:48:38.936#Z#DEBUG#0066f6cb-1889-11f1-a16f-eeee0a90b015.c25c385-2-approuter#flowable-async-job-executor-thread-726#
[PollStageAppStatusExecution] a5c869df-1334-45d0-87fb-b2433d952c83 [2026-03-05T11:48:30.303924] Downloading php_buildpack... (STDOUT, STG)#
#2026 03 05 11:48:38.936#Z#DEBUG#0066f6cb-1889-11f1-a16f-eeee0a90b015.c25c385-2-approuter#flowable-async-job-executor-thread-726#
[PollStageAppStatusExecution] a5c869df-1334-45d0-87fb-b2433d952c83 [2026-03-05T11:48:30.312375] Downloaded sap_java_buildpack_jakarta_2_51 (STDOUT, STG)#
#2026 03 05 11:48:38.936#Z#DEBUG#0066f6cb-1889-11f1-a16f-eeee0a90b015.c25c385-2-approuter#flowable-async-job-executor-thread-726#
[PollStageAppStatusExecution] a5c869df-1334-45d0-87fb-b2433d952c83 [2026-03-05T11:48:30.312398] Downloading zero_trust_sidecar_buildpack_1_13... (STDOUT, STG)#
#2026 03 05 11:48:38.936#Z#DEBUG#0066f6cb-1889-11f1-a16f-eeee0a90b015.c25c385-2-approuter#flowable-async-job-executor-thread-726#
[PollStageAppStatusExecution] a5c869df-1334-45d0-87fb-b2433d952c83 [2026-03-05T11:48:30.315619] Downloaded go_buildpack (STDOUT, STG)#
#2026 03 05 11:48:38.936#Z#DEBUG#0066f6cb-1889-11f1-a16f-eeee0a90b015.c25c385-2-approuter#flowable-async-job-executor-thread-726#
[PollStageAppStatusExecution] a5c869df-1334-45d0-87fb-b2433d952c83 [2026-03-05T11:48:30.315632] Downloading zero_trust_sidecar_buildpack... (STDOUT, STG)#
#2026 03 05 11:48:38.936#Z#DEBUG#0066f6cb-1889-11f1-a16f-eeee0a90b015.c25c385-2-approuter#flowable-async-job-executor-thread-726#
[PollStageAppStatusExecution] a5c869df-1334-45d0-87fb-b2433d952c83 [2026-03-05T11:48:30.321421] Downloaded php_buildpack (STDOUT, STG)#
#2026 03 05 11:48:38.936#Z#DEBUG#0066f6cb-1889-11f1-a16f-eeee0a90b015.c25c385-2-approuter#flowable-async-job-executor-thread-726#
[PollStageAppStatusExecution] a5c869df-1334-45d0-87fb-b2433d952c83 [2026-03-05T11:48:30.338996] Downloaded java_buildpack (STDOUT, STG)#
#2026 03 05 11:48:38.936#Z#DEBUG#0066f6cb-1889-11f1-a16f-eeee0a90b015.c25c385-2-approuter#flowable-async-job-executor-thread-726#
[PollStageAppStatusExecution] a5c869df-1334-45d0-87fb-b2433d952c83 [2026-03-05T11:48:30.340336] Downloaded python_buildpack (STDOUT, STG)#
#2026 03 05 11:48:38.936#Z#DEBUG#0066f6cb-1889-11f1-a16f-eeee0a90b015.c25c385-2-approuter#flowable-async-job-executor-thread-726#
[PollStageAppStatusExecution] a5c869df-1334-45d0-87fb-b2433d952c83 [2026-03-05T11:48:30.341196] Downloaded zero_trust_sidecar_buildpack (STDOUT, STG)#
#2026 03 05 11:48:38.936#Z#DEBUG#0066f6cb-1889-11f1-a16f-eeee0a90b015.c25c385-2-approuter#flowable-async-job-executor-thread-726#
[PollStageAppStatusExecution] a5c869df-1334-45d0-87fb-b2433d952c83 [2026-03-05T11:48:30.357477] Downloaded zero_trust_sidecar_buildpack_1_13 (STDOUT, STG)#
#2026 03 05 11:48:38.936#Z#DEBUG#0066f6cb-1889-11f1-a16f-eeee0a90b015.c25c385-2-approuter#flowable-async-job-executor-thread-726#
[PollStageAppStatusExecution] a5c869df-1334-45d0-87fb-b2433d952c83 [2026-03-05T11:48:30.357579] Cell c839c7b1-088e-41af-b9b7-66256aacd457 creating container for instance de2b0e95-2718-4686-ba70-93eac575614c (STDOUT, STG)#
#2026 03 05 11:48:38.936#Z#DEBUG#0066f6cb-1889-11f1-a16f-eeee0a90b015.c25c385-2-approuter#flowable-async-job-executor-thread-726#
[PollStageAppStatusExecution] a5c869df-1334-45d0-87fb-b2433d952c83 [2026-03-05T11:48:30.776958] Security group rules were updated (STDOUT, STG)#
#2026 03 05 11:48:38.936#Z#DEBUG#0066f6cb-1889-11f1-a16f-eeee0a90b015.c25c385-2-approuter#flowable-async-job-executor-thread-726#
[PollStageAppStatusExecution] a5c869df-1334-45d0-87fb-b2433d952c83 [2026-03-05T11:48:30.835649] Cell c839c7b1-088e-41af-b9b7-66256aacd457 successfully created container for instance de2b0e95-2718-4686-ba70-93eac575614c (STDOUT, STG)#
#2026 03 05 11:48:38.936#Z#DEBUG#0066f6cb-1889-11f1-a16f-eeee0a90b015.c25c385-2-approuter#flowable-async-job-executor-thread-726#
[PollStageAppStatusExecution] a5c869df-1334-45d0-87fb-b2433d952c83 [2026-03-05T11:48:31.433766] Downloading app package... (STDOUT, STG)#
#2026 03 05 11:48:38.936#Z#DEBUG#0066f6cb-1889-11f1-a16f-eeee0a90b015.c25c385-2-approuter#flowable-async-job-executor-thread-726#
[PollStageAppStatusExecution] a5c869df-1334-45d0-87fb-b2433d952c83 [2026-03-05T11:48:32.297209] Downloaded app package (7.7M) (STDOUT, STG)#
#2026 03 05 11:48:38.936#Z#DEBUG#0066f6cb-1889-11f1-a16f-eeee0a90b015.c25c385-2-approuter#flowable-async-job-executor-thread-726#
[PollStageAppStatusExecution] a5c869df-1334-45d0-87fb-b2433d952c83 [2026-03-05T11:48:32.830304] -----> Nodejs Buildpack version 1.8.41 (STDOUT, STG)#
#2026 03 05 11:48:38.936#Z#DEBUG#0066f6cb-1889-11f1-a16f-eeee0a90b015.c25c385-2-approuter#flowable-async-job-executor-thread-726#
[PollStageAppStatusExecution] a5c869df-1334-45d0-87fb-b2433d952c83 [2026-03-05T11:48:33.126414] -----> Bootstrapping python (STDOUT, STG)#
#2026 03 05 11:48:38.936#Z#DEBUG#0066f6cb-1889-11f1-a16f-eeee0a90b015.c25c385-2-approuter#flowable-async-job-executor-thread-726#
[PollStageAppStatusExecution] a5c869df-1334-45d0-87fb-b2433d952c83 [2026-03-05T11:48:33.126443] -----> Installing python 3.11.14 (STDOUT, STG)#
#2026 03 05 11:48:38.936#Z#DEBUG#0066f6cb-1889-11f1-a16f-eeee0a90b015.c25c385-2-approuter#flowable-async-job-executor-thread-726#
[PollStageAppStatusExecution] a5c869df-1334-45d0-87fb-b2433d952c83 [2026-03-05T11:48:33.126449] Copy [/tmp/buildpacks/dfa36c7d15e4ae2c/dependencies/c334a3cd7ccf4e78ab45ef5e33dcd936/python_3.11.14_linux_x64_cflinuxfs4_5d0a9d8b.tgz] (STDOUT, STG)#
#2026 03 05 11:48:38.936#Z#DEBUG#0066f6cb-1889-11f1-a16f-eeee0a90b015.c25c385-2-approuter#flowable-async-job-executor-thread-726#
[PollStageAppStatusExecution] a5c869df-1334-45d0-87fb-b2433d952c83 [2026-03-05T11:48:36.134630] -----> Installing binaries (STDOUT, STG)#
#2026 03 05 11:48:38.936#Z#DEBUG#0066f6cb-1889-11f1-a16f-eeee0a90b015.c25c385-2-approuter#flowable-async-job-executor-thread-726#
[PollStageAppStatusExecution] a5c869df-1334-45d0-87fb-b2433d952c83 [2026-03-05T11:48:36.134713] engines.node (package.json): ^16.0.0 || ^18.0.0 (STDOUT, STG)#
#2026 03 05 11:48:38.936#Z#DEBUG#0066f6cb-1889-11f1-a16f-eeee0a90b015.c25c385-2-approuter#flowable-async-job-executor-thread-726#
[PollStageAppStatusExecution] a5c869df-1334-45d0-87fb-b2433d952c83 [2026-03-05T11:48:36.134725] engines.npm (package.json): unspecified (use default) (STDOUT, STG)#
#2026 03 05 11:48:38.936#Z#DEBUG#0066f6cb-1889-11f1-a16f-eeee0a90b015.c25c385-2-approuter#flowable-async-job-executor-thread-726#
[PollStageAppStatusExecution] a5c869df-1334-45d0-87fb-b2433d952c83 [2026-03-05T11:48:36.134821] [31;1m**ERROR**[0m Unable to install node: no match found for ^16.0.0 || ^18.0.0 in [20.19.3 20.19.5 22.20.0 22.21.1 24.3.0 24.10.0] (STDOUT, STG)#
#2026 03 05 11:48:38.936#Z#DEBUG#0066f6cb-1889-11f1-a16f-eeee0a90b015.c25c385-2-approuter#flowable-async-job-executor-thread-726#
[PollStageAppStatusExecution] a5c869df-1334-45d0-87fb-b2433d952c83 [2026-03-05T11:48:36.136920] Failed to compile droplet: Failed to run all supply scripts: exit status 14 (STDERR, STG)#
#2026 03 05 11:48:38.936#Z#DEBUG#0066f6cb-1889-11f1-a16f-eeee0a90b015.c25c385-2-approuter#flowable-async-job-executor-thread-726#
[PollStageAppStatusExecution] a5c869df-1334-45d0-87fb-b2433d952c83 [2026-03-05T11:48:36.143295] Exit status 223 (STDOUT, STG)#
#2026 03 05 11:48:38.936#Z#DEBUG#0066f6cb-1889-11f1-a16f-eeee0a90b015.c25c385-2-approuter#flowable-async-job-executor-thread-726#
[PollStageAppStatusExecution] a5c869df-1334-45d0-87fb-b2433d952c83 [2026-03-05T11:48:36.372953] Cell c839c7b1-088e-41af-b9b7-66256aacd457 stopping instance de2b0e95-2718-4686-ba70-93eac575614c (STDOUT, STG)#
#2026 03 05 11:48:38.936#Z#DEBUG#0066f6cb-1889-11f1-a16f-eeee0a90b015.c25c385-2-approuter#flowable-async-job-executor-thread-726#
[PollStageAppStatusExecution] a5c869df-1334-45d0-87fb-b2433d952c83 [2026-03-05T11:48:36.372984] Cell c839c7b1-088e-41af-b9b7-66256aacd457 destroying container for instance de2b0e95-2718-4686-ba70-93eac575614c (STDOUT, STG)#
#2026 03 05 11:48:38.936#Z#DEBUG#0066f6cb-1889-11f1-a16f-eeee0a90b015.c25c385-2-approuter#flowable-async-job-executor-thread-726#
[PollStageAppStatusExecution] a5c869df-1334-45d0-87fb-b2433d952c83 [2026-03-05T11:48:36.411634] Failed to stage build: staging failed (STDERR, API)#
#2026 03 05 11:48:48.957#Z#DEBUG#0066f6cb-1889-11f1-a16f-eeee0a90b015.c25c385-2-approuter#flowable-async-job-executor-thread-733#
[PollStageAppStatusExecution] a5c869df-1334-45d0-87fb-b2433d952c83 [2026-03-05T11:48:18.558333] Cell d1cc041a-d5a1-41d6-b9f6-6cda736ce3f0 stopping instance bb40cd4f-be93-40a5-a943-347e71d00fb1 (STDOUT, STG)#
#2026 03 05 11:48:48.957#Z#DEBUG#0066f6cb-1889-11f1-a16f-eeee0a90b015.c25c385-2-approuter#flowable-async-job-executor-thread-733#
[PollStageAppStatusExecution] a5c869df-1334-45d0-87fb-b2433d952c83 [2026-03-05T11:48:18.558369] Cell d1cc041a-d5a1-41d6-b9f6-6cda736ce3f0 destroying container for instance bb40cd4f-be93-40a5-a943-347e71d00fb1 (STDOUT, STG)#
#2026 03 05 11:48:48.957#Z#DEBUG#0066f6cb-1889-11f1-a16f-eeee0a90b015.c25c385-2-approuter#flowable-async-job-executor-thread-733#
[PollStageAppStatusExecution] a5c869df-1334-45d0-87fb-b2433d952c83 [2026-03-05T11:48:18.600130] Failed to stage build: staging failed (STDERR, API)#
#2026 03 05 11:48:48.957#Z#DEBUG#0066f6cb-1889-11f1-a16f-eeee0a90b015.c25c385-2-approuter#flowable-async-job-executor-thread-733#
[PollStageAppStatusExecution] a5c869df-1334-45d0-87fb-b2433d952c83 [2026-03-05T11:48:20.903734] Cell d1cc041a-d5a1-41d6-b9f6-6cda736ce3f0 successfully destroyed container for instance bb40cd4f-be93-40a5-a943-347e71d00fb1 (STDOUT, STG)#
#2026 03 05 11:48:48.957#Z#DEBUG#0066f6cb-1889-11f1-a16f-eeee0a90b015.c25c385-2-approuter#flowable-async-job-executor-thread-733#
[PollStageAppStatusExecution] a5c869df-1334-45d0-87fb-b2433d952c83 [2026-03-05T11:48:29.521675] Creating build for app with guid a5c869df-1334-45d0-87fb-b2433d952c83 (STDOUT, API)#
#2026 03 05 11:48:48.957#Z#DEBUG#0066f6cb-1889-11f1-a16f-eeee0a90b015.c25c385-2-approuter#flowable-async-job-executor-thread-733#
[PollStageAppStatusExecution] a5c869df-1334-45d0-87fb-b2433d952c83 [2026-03-05T11:48:30.200504] Downloading zero_trust_sidecar_buildpack_1_15... (STDOUT, STG)#
#2026 03 05 11:48:48.957#Z#DEBUG#0066f6cb-1889-11f1-a16f-eeee0a90b015.c25c385-2-approuter#flowable-async-job-executor-thread-733#
[PollStageAppStatusExecution] a5c869df-1334-45d0-87fb-b2433d952c83 [2026-03-05T11:48:30.200598] Downloading zero_trust_sidecar_buildpack_1_14... (STDOUT, STG)#
#2026 03 05 11:48:48.957#Z#DEBUG#0066f6cb-1889-11f1-a16f-eeee0a90b015.c25c385-2-approuter#flowable-async-job-executor-thread-733#
[PollStageAppStatusExecution] a5c869df-1334-45d0-87fb-b2433d952c83 [2026-03-05T11:48:30.200600] Downloading nginx_buildpack... (STDOUT, STG)#
#2026 03 05 11:48:48.957#Z#DEBUG#0066f6cb-1889-11f1-a16f-eeee0a90b015.c25c385-2-approuter#flowable-async-job-executor-thread-733#
[PollStageAppStatusExecution] a5c869df-1334-45d0-87fb-b2433d952c83 [2026-03-05T11:48:30.200612] Downloading sap_java_buildpack_jakarta_2_50... (STDOUT, STG)#
#2026 03 05 11:48:48.957#Z#DEBUG#0066f6cb-1889-11f1-a16f-eeee0a90b015.c25c385-2-approuter#flowable-async-job-executor-thread-733#
[PollStageAppStatusExecution] a5c869df-1334-45d0-87fb-b2433d952c83 [2026-03-05T11:48:30.200652] Downloading sap_java_buildpack_jakarta_2_49... (STDOUT, STG)#
#2026 03 05 11:48:48.957#Z#DEBUG#0066f6cb-1889-11f1-a16f-eeee0a90b015.c25c385-2-approuter#flowable-async-job-executor-thread-733#
[PollStageAppStatusExecution] a5c869df-1334-45d0-87fb-b2433d952c83 [2026-03-05T11:48:30.247036] Downloaded zero_trust_sidecar_buildpack_1_15 (STDOUT, STG)#
#2026 03 05 11:48:48.957#Z#DEBUG#0066f6cb-1889-11f1-a16f-eeee0a90b015.c25c385-2-approuter#flowable-async-job-executor-thread-733#
[PollStageAppStatusExecution] a5c869df-1334-45d0-87fb-b2433d952c83 [2026-03-05T11:48:30.247064] Downloading sap_java_buildpack_jakarta... (STDOUT, STG)#
#2026 03 05 11:48:48.957#Z#DEBUG#0066f6cb-1889-11f1-a16f-eeee0a90b015.c25c385-2-approuter#flowable-async-job-executor-thread-733#
[PollStageAppStatusExecution] a5c869df-1334-45d0-87fb-b2433d952c83 [2026-03-05T11:48:30.247368] Downloaded nginx_buildpack (STDOUT, STG)#
#2026 03 05 11:48:48.957#Z#DEBUG#0066f6cb-1889-11f1-a16f-eeee0a90b015.c25c385-2-approuter#flowable-async-job-executor-thread-733#
[PollStageAppStatusExecution] a5c869df-1334-45d0-87fb-b2433d952c83 [2026-03-05T11:48:30.247392] Downloading binary_buildpack... (STDOUT, STG)#
#2026 03 05 11:48:48.957#Z#DEBUG#0066f6cb-1889-11f1-a16f-eeee0a90b015.c25c385-2-approuter#flowable-async-job-executor-thread-733#
[PollStageAppStatusExecution] a5c869df-1334-45d0-87fb-b2433d952c83 [2026-03-05T11:48:30.248344] Downloaded sap_java_buildpack_jakarta_2_49 (STDOUT, STG)#
#2026 03 05 11:48:48.957#Z#DEBUG#0066f6cb-1889-11f1-a16f-eeee0a90b015.c25c385-2-approuter#flowable-async-job-executor-thread-733#
[PollStageAppStatusExecution] a5c869df-1334-45d0-87fb-b2433d952c83 [2026-03-05T11:48:30.248367] Downloading nodejs_buildpack... (STDOUT, STG)#
#2026 03 05 11:48:48.957#Z#DEBUG#0066f6cb-1889-11f1-a16f-eeee0a90b015.c25c385-2-approuter#flowable-async-job-executor-thread-733#
[PollStageAppStatusExecution] a5c869df-1334-45d0-87fb-b2433d952c83 [2026-03-05T11:48:30.249735] Downloaded zero_trust_sidecar_buildpack_1_14 (STDOUT, STG)#
#2026 03 05 11:48:48.957#Z#DEBUG#0066f6cb-1889-11f1-a16f-eeee0a90b015.c25c385-2-approuter#flowable-async-job-executor-thread-733#
[PollStageAppStatusExecution] a5c869df-1334-45d0-87fb-b2433d952c83 [2026-03-05T11:48:30.258703] Downloading staticfile_buildpack... (STDOUT, STG)#
#2026 03 05 11:48:48.957#Z#DEBUG#0066f6cb-1889-11f1-a16f-eeee0a90b015.c25c385-2-approuter#flowable-async-job-executor-thread-733#
[PollStageAppStatusExecution] a5c869df-1334-45d0-87fb-b2433d952c83 [2026-03-05T11:48:30.291404] Downloaded sap_java_buildpack_jakarta_2_50 (STDOUT, STG)#
#2026 03 05 11:48:48.957#Z#DEBUG#0066f6cb-1889-11f1-a16f-eeee0a90b015.c25c385-2-approuter#flowable-async-job-executor-thread-733#
[PollStageAppStatusExecution] a5c869df-1334-45d0-87fb-b2433d952c83 [2026-03-05T11:48:30.291423] Downloading java_buildpack... (STDOUT, STG)#
#2026 03 05 11:48:48.957#Z#DEBUG#0066f6cb-1889-11f1-a16f-eeee0a90b015.c25c385-2-approuter#flowable-async-job-executor-thread-733#
[PollStageAppStatusExecution] a5c869df-1334-45d0-87fb-b2433d952c83 [2026-03-05T11:48:30.293159] Downloaded nodejs_buildpack (STDOUT, STG)#
#2026 03 05 11:48:48.957#Z#DEBUG#0066f6cb-1889-11f1-a16f-eeee0a90b015.c25c385-2-approuter#flowable-async-job-executor-thread-733#
[PollStageAppStatusExecution] a5c869df-1334-45d0-87fb-b2433d952c83 [2026-03-05T11:48:30.293173] Downloading sap_java_buildpack_jakarta_2_51... (STDOUT, STG)#
#2026 03 05 11:48:48.957#Z#DEBUG#0066f6cb-1889-11f1-a16f-eeee0a90b015.c25c385-2-approuter#flowable-async-job-executor-thread-733#
[PollStageAppStatusExecution] a5c869df-1334-45d0-87fb-b2433d952c83 [2026-03-05T11:48:30.293639] Downloaded binary_buildpack (STDOUT, STG)#
#2026 03 05 11:48:48.957#Z#DEBUG#0066f6cb-1889-11f1-a16f-eeee0a90b015.c25c385-2-approuter#flowable-async-job-executor-thread-733#
[PollStageAppStatusExecution] a5c869df-1334-45d0-87fb-b2433d952c83 [2026-03-05T11:48:30.293657] Downloading python_buildpack... (STDOUT, STG)#
#2026 03 05 11:48:48.957#Z#DEBUG#0066f6cb-1889-11f1-a16f-eeee0a90b015.c25c385-2-approuter#flowable-async-job-executor-thread-733#
[PollStageAppStatusExecution] a5c869df-1334-45d0-87fb-b2433d952c83 [2026-03-05T11:48:30.294790] Downloaded sap_java_buildpack_jakarta (STDOUT, STG)#
#2026 03 05 11:48:48.957#Z#DEBUG#0066f6cb-1889-11f1-a16f-eeee0a90b015.c25c385-2-approuter#flowable-async-job-executor-thread-733#
[PollStageAppStatusExecution] a5c869df-1334-45d0-87fb-b2433d952c83 [2026-03-05T11:48:30.294813] Downloading go_buildpack... (STDOUT, STG)#
#2026 03 05 11:48:48.957#Z#DEBUG#0066f6cb-1889-11f1-a16f-eeee0a90b015.c25c385-2-approuter#flowable-async-job-executor-thread-733#
[PollStageAppStatusExecution] a5c869df-1334-45d0-87fb-b2433d952c83 [2026-03-05T11:48:30.303835] Downloaded staticfile_buildpack (STDOUT, STG)#
#2026 03 05 11:48:48.957#Z#DEBUG#0066f6cb-1889-11f1-a16f-eeee0a90b015.c25c385-2-approuter#flowable-async-job-executor-thread-733#
[PollStageAppStatusExecution] a5c869df-1334-45d0-87fb-b2433d952c83 [2026-03-05T11:48:30.303924] Downloading php_buildpack... (STDOUT, STG)#
#2026 03 05 11:48:48.957#Z#DEBUG#0066f6cb-1889-11f1-a16f-eeee0a90b015.c25c385-2-approuter#flowable-async-job-executor-thread-733#
[PollStageAppStatusExecution] a5c869df-1334-45d0-87fb-b2433d952c83 [2026-03-05T11:48:30.312375] Downloaded sap_java_buildpack_jakarta_2_51 (STDOUT, STG)#
#2026 03 05 11:48:48.957#Z#DEBUG#0066f6cb-1889-11f1-a16f-eeee0a90b015.c25c385-2-approuter#flowable-async-job-executor-thread-733#
[PollStageAppStatusExecution] a5c869df-1334-45d0-87fb-b2433d952c83 [2026-03-05T11:48:30.312398] Downloading zero_trust_sidecar_buildpack_1_13... (STDOUT, STG)#
#2026 03 05 11:48:48.957#Z#DEBUG#0066f6cb-1889-11f1-a16f-eeee0a90b015.c25c385-2-approuter#flowable-async-job-executor-thread-733#
[PollStageAppStatusExecution] a5c869df-1334-45d0-87fb-b2433d952c83 [2026-03-05T11:48:30.315619] Downloaded go_buildpack (STDOUT, STG)#
#2026 03 05 11:48:48.957#Z#DEBUG#0066f6cb-1889-11f1-a16f-eeee0a90b015.c25c385-2-approuter#flowable-async-job-executor-thread-733#
[PollStageAppStatusExecution] a5c869df-1334-45d0-87fb-b2433d952c83 [2026-03-05T11:48:30.315632] Downloading zero_trust_sidecar_buildpack... (STDOUT, STG)#
#2026 03 05 11:48:48.957#Z#DEBUG#0066f6cb-1889-11f1-a16f-eeee0a90b015.c25c385-2-approuter#flowable-async-job-executor-thread-733#
[PollStageAppStatusExecution] a5c869df-1334-45d0-87fb-b2433d952c83 [2026-03-05T11:48:30.321421] Downloaded php_buildpack (STDOUT, STG)#
#2026 03 05 11:48:48.957#Z#DEBUG#0066f6cb-1889-11f1-a16f-eeee0a90b015.c25c385-2-approuter#flowable-async-job-executor-thread-733#
[PollStageAppStatusExecution] a5c869df-1334-45d0-87fb-b2433d952c83 [2026-03-05T11:48:30.338996] Downloaded java_buildpack (STDOUT, STG)#
#2026 03 05 11:48:48.957#Z#DEBUG#0066f6cb-1889-11f1-a16f-eeee0a90b015.c25c385-2-approuter#flowable-async-job-executor-thread-733#
[PollStageAppStatusExecution] a5c869df-1334-45d0-87fb-b2433d952c83 [2026-03-05T11:48:30.340336] Downloaded python_buildpack (STDOUT, STG)#
#2026 03 05 11:48:48.957#Z#DEBUG#0066f6cb-1889-11f1-a16f-eeee0a90b015.c25c385-2-approuter#flowable-async-job-executor-thread-733#
[PollStageAppStatusExecution] a5c869df-1334-45d0-87fb-b2433d952c83 [2026-03-05T11:48:30.341196] Downloaded zero_trust_sidecar_buildpack (STDOUT, STG)#
#2026 03 05 11:48:48.957#Z#DEBUG#0066f6cb-1889-11f1-a16f-eeee0a90b015.c25c385-2-approuter#flowable-async-job-executor-thread-733#
[PollStageAppStatusExecution] a5c869df-1334-45d0-87fb-b2433d952c83 [2026-03-05T11:48:30.357477] Downloaded zero_trust_sidecar_buildpack_1_13 (STDOUT, STG)#
#2026 03 05 11:48:48.957#Z#DEBUG#0066f6cb-1889-11f1-a16f-eeee0a90b015.c25c385-2-approuter#flowable-async-job-executor-thread-733#
[PollStageAppStatusExecution] a5c869df-1334-45d0-87fb-b2433d952c83 [2026-03-05T11:48:30.357579] Cell c839c7b1-088e-41af-b9b7-66256aacd457 creating container for instance de2b0e95-2718-4686-ba70-93eac575614c (STDOUT, STG)#
#2026 03 05 11:48:48.957#Z#DEBUG#0066f6cb-1889-11f1-a16f-eeee0a90b015.c25c385-2-approuter#flowable-async-job-executor-thread-733#
[PollStageAppStatusExecution] a5c869df-1334-45d0-87fb-b2433d952c83 [2026-03-05T11:48:30.776958] Security group rules were updated (STDOUT, STG)#
#2026 03 05 11:48:48.957#Z#DEBUG#0066f6cb-1889-11f1-a16f-eeee0a90b015.c25c385-2-approuter#flowable-async-job-executor-thread-733#
[PollStageAppStatusExecution] a5c869df-1334-45d0-87fb-b2433d952c83 [2026-03-05T11:48:30.835649] Cell c839c7b1-088e-41af-b9b7-66256aacd457 successfully created container for instance de2b0e95-2718-4686-ba70-93eac575614c (STDOUT, STG)#
#2026 03 05 11:48:48.957#Z#DEBUG#0066f6cb-1889-11f1-a16f-eeee0a90b015.c25c385-2-approuter#flowable-async-job-executor-thread-733#
[PollStageAppStatusExecution] a5c869df-1334-45d0-87fb-b2433d952c83 [2026-03-05T11:48:31.433766] Downloading app package... (STDOUT, STG)#
#2026 03 05 11:48:48.957#Z#DEBUG#0066f6cb-1889-11f1-a16f-eeee0a90b015.c25c385-2-approuter#flowable-async-job-executor-thread-733#
[PollStageAppStatusExecution] a5c869df-1334-45d0-87fb-b2433d952c83 [2026-03-05T11:48:32.297209] Downloaded app package (7.7M) (STDOUT, STG)#
#2026 03 05 11:48:48.957#Z#DEBUG#0066f6cb-1889-11f1-a16f-eeee0a90b015.c25c385-2-approuter#flowable-async-job-executor-thread-733#
[PollStageAppStatusExecution] a5c869df-1334-45d0-87fb-b2433d952c83 [2026-03-05T11:48:32.830304] -----> Nodejs Buildpack version 1.8.41 (STDOUT, STG)#
#2026 03 05 11:48:48.957#Z#DEBUG#0066f6cb-1889-11f1-a16f-eeee0a90b015.c25c385-2-approuter#flowable-async-job-executor-thread-733#
[PollStageAppStatusExecution] a5c869df-1334-45d0-87fb-b2433d952c83 [2026-03-05T11:48:33.126414] -----> Bootstrapping python (STDOUT, STG)#
#2026 03 05 11:48:48.957#Z#DEBUG#0066f6cb-1889-11f1-a16f-eeee0a90b015.c25c385-2-approuter#flowable-async-job-executor-thread-733#
[PollStageAppStatusExecution] a5c869df-1334-45d0-87fb-b2433d952c83 [2026-03-05T11:48:33.126443] -----> Installing python 3.11.14 (STDOUT, STG)#
#2026 03 05 11:48:48.957#Z#DEBUG#0066f6cb-1889-11f1-a16f-eeee0a90b015.c25c385-2-approuter#flowable-async-job-executor-thread-733#
[PollStageAppStatusExecution] a5c869df-1334-45d0-87fb-b2433d952c83 [2026-03-05T11:48:33.126449] Copy [/tmp/buildpacks/dfa36c7d15e4ae2c/dependencies/c334a3cd7ccf4e78ab45ef5e33dcd936/python_3.11.14_linux_x64_cflinuxfs4_5d0a9d8b.tgz] (STDOUT, STG)#
#2026 03 05 11:48:48.957#Z#DEBUG#0066f6cb-1889-11f1-a16f-eeee0a90b015.c25c385-2-approuter#flowable-async-job-executor-thread-733#
[PollStageAppStatusExecution] a5c869df-1334-45d0-87fb-b2433d952c83 [2026-03-05T11:48:36.134630] -----> Installing binaries (STDOUT, STG)#
#2026 03 05 11:48:48.957#Z#DEBUG#0066f6cb-1889-11f1-a16f-eeee0a90b015.c25c385-2-approuter#flowable-async-job-executor-thread-733#
[PollStageAppStatusExecution] a5c869df-1334-45d0-87fb-b2433d952c83 [2026-03-05T11:48:36.134713] engines.node (package.json): ^16.0.0 || ^18.0.0 (STDOUT, STG)#
#2026 03 05 11:48:48.957#Z#DEBUG#0066f6cb-1889-11f1-a16f-eeee0a90b015.c25c385-2-approuter#flowable-async-job-executor-thread-733#
[PollStageAppStatusExecution] a5c869df-1334-45d0-87fb-b2433d952c83 [2026-03-05T11:48:36.134725] engines.npm (package.json): unspecified (use default) (STDOUT, STG)#
#2026 03 05 11:48:48.957#Z#DEBUG#0066f6cb-1889-11f1-a16f-eeee0a90b015.c25c385-2-approuter#flowable-async-job-executor-thread-733#
[PollStageAppStatusExecution] a5c869df-1334-45d0-87fb-b2433d952c83 [2026-03-05T11:48:36.134821] [31;1m**ERROR**[0m Unable to install node: no match found for ^16.0.0 || ^18.0.0 in [20.19.3 20.19.5 22.20.0 22.21.1 24.3.0 24.10.0] (STDOUT, STG)#
#2026 03 05 11:48:48.957#Z#DEBUG#0066f6cb-1889-11f1-a16f-eeee0a90b015.c25c385-2-approuter#flowable-async-job-executor-thread-733#
[PollStageAppStatusExecution] a5c869df-1334-45d0-87fb-b2433d952c83 [2026-03-05T11:48:36.136920] Failed to compile droplet: Failed to run all supply scripts: exit status 14 (STDERR, STG)#
#2026 03 05 11:48:48.957#Z#DEBUG#0066f6cb-1889-11f1-a16f-eeee0a90b015.c25c385-2-approuter#flowable-async-job-executor-thread-733#
[PollStageAppStatusExecution] a5c869df-1334-45d0-87fb-b2433d952c83 [2026-03-05T11:48:36.143295] Exit status 223 (STDOUT, STG)#
#2026 03 05 11:48:48.957#Z#DEBUG#0066f6cb-1889-11f1-a16f-eeee0a90b015.c25c385-2-approuter#flowable-async-job-executor-thread-733#
[PollStageAppStatusExecution] a5c869df-1334-45d0-87fb-b2433d952c83 [2026-03-05T11:48:36.372953] Cell c839c7b1-088e-41af-b9b7-66256aacd457 stopping instance de2b0e95-2718-4686-ba70-93eac575614c (STDOUT, STG)#
#2026 03 05 11:48:48.957#Z#DEBUG#0066f6cb-1889-11f1-a16f-eeee0a90b015.c25c385-2-approuter#flowable-async-job-executor-thread-733#
[PollStageAppStatusExecution] a5c869df-1334-45d0-87fb-b2433d952c83 [2026-03-05T11:48:36.372984] Cell c839c7b1-088e-41af-b9b7-66256aacd457 destroying container for instance de2b0e95-2718-4686-ba70-93eac575614c (STDOUT, STG)#
#2026 03 05 11:48:48.957#Z#DEBUG#0066f6cb-1889-11f1-a16f-eeee0a90b015.c25c385-2-approuter#flowable-async-job-executor-thread-733#
[PollStageAppStatusExecution] a5c869df-1334-45d0-87fb-b2433d952c83 [2026-03-05T11:48:36.411634] Failed to stage build: staging failed (STDERR, API)#
#2026 03 05 11:48:48.957#Z#DEBUG#0066f6cb-1889-11f1-a16f-eeee0a90b015.c25c385-2-approuter#flowable-async-job-executor-thread-733#
[PollStageAppStatusExecution] a5c869df-1334-45d0-87fb-b2433d952c83 [2026-03-05T11:48:39.024552] Cell c839c7b1-088e-41af-b9b7-66256aacd457 successfully destroyed container for instance de2b0e95-2718-4686-ba70-93eac575614c (STDOUT, STG)#
#2026 03 05 11:48:48.957#Z#DEBUG#0066f6cb-1889-11f1-a16f-eeee0a90b015.c25c385-2-approuter#flowable-async-job-executor-thread-733#
[PollStageAppStatusExecution] a5c869df-1334-45d0-87fb-b2433d952c83 [2026-03-05T11:48:41.876005] Creating build for app with guid a5c869df-1334-45d0-87fb-b2433d952c83 (STDOUT, API)#
#2026 03 05 11:48:48.957#Z#DEBUG#0066f6cb-1889-11f1-a16f-eeee0a90b015.c25c385-2-approuter#flowable-async-job-executor-thread-733#
[PollStageAppStatusExecution] a5c869df-1334-45d0-87fb-b2433d952c83 [2026-03-05T11:48:42.564686] Downloading zero_trust_sidecar_buildpack_1_15... (STDOUT, STG)#
#2026 03 05 11:48:48.957#Z#DEBUG#0066f6cb-1889-11f1-a16f-eeee0a90b015.c25c385-2-approuter#flowable-async-job-executor-thread-733#
[PollStageAppStatusExecution] a5c869df-1334-45d0-87fb-b2433d952c83 [2026-03-05T11:48:42.564695] Downloading go_buildpack... (STDOUT, STG)#
#2026 03 05 11:48:48.957#Z#DEBUG#0066f6cb-1889-11f1-a16f-eeee0a90b015.c25c385-2-approuter#flowable-async-job-executor-thread-733#
[PollStageAppStatusExecution] a5c869df-1334-45d0-87fb-b2433d952c83 [2026-03-05T11:48:42.564723] Downloading staticfile_buildpack... (STDOUT, STG)#
#2026 03 05 11:48:48.957#Z#DEBUG#0066f6cb-1889-11f1-a16f-eeee0a90b015.c25c385-2-approuter#flowable-async-job-executor-thread-733#
[PollStageAppStatusExecution] a5c869df-1334-45d0-87fb-b2433d952c83 [2026-03-05T11:48:42.564733] Downloading java_buildpack... (STDOUT, STG)#
#2026 03 05 11:48:48.957#Z#DEBUG#0066f6cb-1889-11f1-a16f-eeee0a90b015.c25c385-2-approuter#flowable-async-job-executor-thread-733#
[PollStageAppStatusExecution] a5c869df-1334-45d0-87fb-b2433d952c83 [2026-03-05T11:48:42.573708] Downloading nodejs_buildpack... (STDOUT, STG)#
#2026 03 05 11:48:48.957#Z#DEBUG#0066f6cb-1889-11f1-a16f-eeee0a90b015.c25c385-2-approuter#flowable-async-job-executor-thread-733#
[PollStageAppStatusExecution] a5c869df-1334-45d0-87fb-b2433d952c83 [2026-03-05T11:48:42.605733] Downloaded zero_trust_sidecar_buildpack_1_15 (STDOUT, STG)#
#2026 03 05 11:48:48.957#Z#DEBUG#0066f6cb-1889-11f1-a16f-eeee0a90b015.c25c385-2-approuter#flowable-async-job-executor-thread-733#
[PollStageAppStatusExecution] a5c869df-1334-45d0-87fb-b2433d952c83 [2026-03-05T11:48:42.605765] Downloading zero_trust_sidecar_buildpack_1_14... (STDOUT, STG)#
#2026 03 05 11:48:48.957#Z#DEBUG#0066f6cb-1889-11f1-a16f-eeee0a90b015.c25c385-2-approuter#flowable-async-job-executor-thread-733#
[PollStageAppStatusExecution] a5c869df-1334-45d0-87fb-b2433d952c83 [2026-03-05T11:48:42.609608] Downloaded java_buildpack (STDOUT, STG)#
#2026 03 05 11:48:48.957#Z#DEBUG#0066f6cb-1889-11f1-a16f-eeee0a90b015.c25c385-2-approuter#flowable-async-job-executor-thread-733#
[PollStageAppStatusExecution] a5c869df-1334-45d0-87fb-b2433d952c83 [2026-03-05T11:48:42.609639] Downloading sap_java_buildpack_jakarta_2_50... (STDOUT, STG)#
#2026 03 05 11:48:48.957#Z#DEBUG#0066f6cb-1889-11f1-a16f-eeee0a90b015.c25c385-2-approuter#flowable-async-job-executor-thread-733#
[PollStageAppStatusExecution] a5c869df-1334-45d0-87fb-b2433d952c83 [2026-03-05T11:48:42.611905] Downloaded go_buildpack (STDOUT, STG)#
#2026 03 05 11:48:48.957#Z#DEBUG#0066f6cb-1889-11f1-a16f-eeee0a90b015.c25c385-2-approuter#flowable-async-job-executor-thread-733#
[PollStageAppStatusExecution] a5c869df-1334-45d0-87fb-b2433d952c83 [2026-03-05T11:48:42.611923] Downloading sap_java_buildpack_jakarta_2_49... (STDOUT, STG)#
#2026 03 05 11:48:48.957#Z#DEBUG#0066f6cb-1889-11f1-a16f-eeee0a90b015.c25c385-2-approuter#flowable-async-job-executor-thread-733#
[PollStageAppStatusExecution] a5c869df-1334-45d0-87fb-b2433d952c83 [2026-03-05T11:48:42.613889] Downloaded staticfile_buildpack (STDOUT, STG)#
#2026 03 05 11:48:48.957#Z#DEBUG#0066f6cb-1889-11f1-a16f-eeee0a90b015.c25c385-2-approuter#flowable-async-job-executor-thread-733#
[PollStageAppStatusExecution] a5c869df-1334-45d0-87fb-b2433d952c83 [2026-03-05T11:48:42.613911] Downloading zero_trust_sidecar_buildpack_1_13... (STDOUT, STG)#
#2026 03 05 11:48:48.957#Z#DEBUG#0066f6cb-1889-11f1-a16f-eeee0a90b015.c25c385-2-approuter#flowable-async-job-executor-thread-733#
[PollStageAppStatusExecution] a5c869df-1334-45d0-87fb-b2433d952c83 [2026-03-05T11:48:42.619641] Downloaded nodejs_buildpack (STDOUT, STG)#
#2026 03 05 11:48:48.957#Z#DEBUG#0066f6cb-1889-11f1-a16f-eeee0a90b015.c25c385-2-approuter#flowable-async-job-executor-thread-733#
[PollStageAppStatusExecution] a5c869df-1334-45d0-87fb-b2433d952c83 [2026-03-05T11:48:42.619660] Downloading zero_trust_sidecar_buildpack... (STDOUT, STG)#
#2026 03 05 11:48:48.957#Z#DEBUG#0066f6cb-1889-11f1-a16f-eeee0a90b015.c25c385-2-approuter#flowable-async-job-executor-thread-733#
[PollStageAppStatusExecution] a5c869df-1334-45d0-87fb-b2433d952c83 [2026-03-05T11:48:42.638693] Downloaded zero_trust_sidecar_buildpack_1_13 (STDOUT, STG)#
#2026 03 05 11:48:48.957#Z#DEBUG#0066f6cb-1889-11f1-a16f-eeee0a90b015.c25c385-2-approuter#flowable-async-job-executor-thread-733#
[PollStageAppStatusExecution] a5c869df-1334-45d0-87fb-b2433d952c83 [2026-03-05T11:48:42.638726] Downloading nginx_buildpack... (STDOUT, STG)#
#2026 03 05 11:48:48.957#Z#DEBUG#0066f6cb-1889-11f1-a16f-eeee0a90b015.c25c385-2-approuter#flowable-async-job-executor-thread-733#
[PollStageAppStatusExecution] a5c869df-1334-45d0-87fb-b2433d952c83 [2026-03-05T11:48:42.649718] Downloaded sap_java_buildpack_jakarta_2_50 (STDOUT, STG)#
#2026 03 05 11:48:48.957#Z#DEBUG#0066f6cb-1889-11f1-a16f-eeee0a90b015.c25c385-2-approuter#flowable-async-job-executor-thread-733#
[PollStageAppStatusExecution] a5c869df-1334-45d0-87fb-b2433d952c83 [2026-03-05T11:48:42.649735] Downloading python_buildpack... (STDOUT, STG)#
#2026 03 05 11:48:48.957#Z#DEBUG#0066f6cb-1889-11f1-a16f-eeee0a90b015.c25c385-2-approuter#flowable-async-job-executor-thread-733#
[PollStageAppStatusExecution] a5c869df-1334-45d0-87fb-b2433d952c83 [2026-03-05T11:48:42.655325] Downloaded sap_java_buildpack_jakarta_2_49 (STDOUT, STG)#
#2026 03 05 11:48:48.957#Z#DEBUG#0066f6cb-1889-11f1-a16f-eeee0a90b015.c25c385-2-approuter#flowable-async-job-executor-thread-733#
[PollStageAppStatusExecution] a5c869df-1334-45d0-87fb-b2433d952c83 [2026-03-05T11:48:42.655339] Downloading php_buildpack... (STDOUT, STG)#
#2026 03 05 11:48:48.957#Z#DEBUG#0066f6cb-1889-11f1-a16f-eeee0a90b015.c25c385-2-approuter#flowable-async-job-executor-thread-733#
[PollStageAppStatusExecution] a5c869df-1334-45d0-87fb-b2433d952c83 [2026-03-05T11:48:42.668360] Downloaded zero_trust_sidecar_buildpack (STDOUT, STG)#
#2026 03 05 11:48:48.957#Z#DEBUG#0066f6cb-1889-11f1-a16f-eeee0a90b015.c25c385-2-approuter#flowable-async-job-executor-thread-733#
[PollStageAppStatusExecution] a5c869df-1334-45d0-87fb-b2433d952c83 [2026-03-05T11:48:42.668376] Downloading binary_buildpack... (STDOUT, STG)#
#2026 03 05 11:48:48.957#Z#DEBUG#0066f6cb-1889-11f1-a16f-eeee0a90b015.c25c385-2-approuter#flowable-async-job-executor-thread-733#
[PollStageAppStatusExecution] a5c869df-1334-45d0-87fb-b2433d952c83 [2026-03-05T11:48:42.675392] Downloaded zero_trust_sidecar_buildpack_1_14 (STDOUT, STG)#
#2026 03 05 11:48:48.957#Z#DEBUG#0066f6cb-1889-11f1-a16f-eeee0a90b015.c25c385-2-approuter#flowable-async-job-executor-thread-733#
[PollStageAppStatusExecution] a5c869df-1334-45d0-87fb-b2433d952c83 [2026-03-05T11:48:42.675420] Downloading sap_java_buildpack_jakarta_2_51... (STDOUT, STG)#
#2026 03 05 11:48:48.957#Z#DEBUG#0066f6cb-1889-11f1-a16f-eeee0a90b015.c25c385-2-approuter#flowable-async-job-executor-thread-733#
[PollStageAppStatusExecution] a5c869df-1334-45d0-87fb-b2433d952c83 [2026-03-05T11:48:42.690296] Downloaded php_buildpack (STDOUT, STG)#
#2026 03 05 11:48:48.957#Z#DEBUG#0066f6cb-1889-11f1-a16f-eeee0a90b015.c25c385-2-approuter#flowable-async-job-executor-thread-733#
[PollStageAppStatusExecution] a5c869df-1334-45d0-87fb-b2433d952c83 [2026-03-05T11:48:42.690312] Downloading sap_java_buildpack_jakarta... (STDOUT, STG)#
#2026 03 05 11:48:48.957#Z#DEBUG#0066f6cb-1889-11f1-a16f-eeee0a90b015.c25c385-2-approuter#flowable-async-job-executor-thread-733#
[PollStageAppStatusExecution] a5c869df-1334-45d0-87fb-b2433d952c83 [2026-03-05T11:48:42.694366] Downloaded python_buildpack (STDOUT, STG)#
#2026 03 05 11:48:48.957#Z#DEBUG#0066f6cb-1889-11f1-a16f-eeee0a90b015.c25c385-2-approuter#flowable-async-job-executor-thread-733#
[PollStageAppStatusExecution] a5c869df-1334-45d0-87fb-b2433d952c83 [2026-03-05T11:48:42.709538] Downloaded nginx_buildpack (STDOUT, STG)#
#2026 03 05 11:48:48.957#Z#DEBUG#0066f6cb-1889-11f1-a16f-eeee0a90b015.c25c385-2-approuter#flowable-async-job-executor-thread-733#
[PollStageAppStatusExecution] a5c869df-1334-45d0-87fb-b2433d952c83 [2026-03-05T11:48:42.713743] Downloaded binary_buildpack (STDOUT, STG)#
#2026 03 05 11:48:48.957#Z#DEBUG#0066f6cb-1889-11f1-a16f-eeee0a90b015.c25c385-2-approuter#flowable-async-job-executor-thread-733#
[PollStageAppStatusExecution] a5c869df-1334-45d0-87fb-b2433d952c83 [2026-03-05T11:48:42.728987] Downloaded sap_java_buildpack_jakarta_2_51 (STDOUT, STG)#
#2026 03 05 11:48:48.957#Z#DEBUG#0066f6cb-1889-11f1-a16f-eeee0a90b015.c25c385-2-approuter#flowable-async-job-executor-thread-733#
[PollStageAppStatusExecution] a5c869df-1334-45d0-87fb-b2433d952c83 [2026-03-05T11:48:42.736208] Downloaded sap_java_buildpack_jakarta (STDOUT, STG)#
#2026 03 05 11:48:48.957#Z#DEBUG#0066f6cb-1889-11f1-a16f-eeee0a90b015.c25c385-2-approuter#flowable-async-job-executor-thread-733#
[PollStageAppStatusExecution] a5c869df-1334-45d0-87fb-b2433d952c83 [2026-03-05T11:48:42.736258] Cell 684caff8-89cd-492b-be01-b3d0835f1763 creating container for instance c073a4ba-79d1-4449-9072-7560e05ffbc5 (STDOUT, STG)#
#2026 03 05 11:48:48.957#Z#DEBUG#0066f6cb-1889-11f1-a16f-eeee0a90b015.c25c385-2-approuter#flowable-async-job-executor-thread-733#
[PollStageAppStatusExecution] a5c869df-1334-45d0-87fb-b2433d952c83 [2026-03-05T11:48:43.192184] Security group rules were updated (STDOUT, STG)#
#2026 03 05 11:48:48.957#Z#DEBUG#0066f6cb-1889-11f1-a16f-eeee0a90b015.c25c385-2-approuter#flowable-async-job-executor-thread-733#
[PollStageAppStatusExecution] a5c869df-1334-45d0-87fb-b2433d952c83 [2026-03-05T11:48:43.262602] Cell 684caff8-89cd-492b-be01-b3d0835f1763 successfully created container for instance c073a4ba-79d1-4449-9072-7560e05ffbc5 (STDOUT, STG)#
#2026 03 05 11:48:48.957#Z#DEBUG#0066f6cb-1889-11f1-a16f-eeee0a90b015.c25c385-2-approuter#flowable-async-job-executor-thread-733#
[PollStageAppStatusExecution] a5c869df-1334-45d0-87fb-b2433d952c83 [2026-03-05T11:48:43.386724] Downloading app package... (STDOUT, STG)#
#2026 03 05 11:48:48.957#Z#DEBUG#0066f6cb-1889-11f1-a16f-eeee0a90b015.c25c385-2-approuter#flowable-async-job-executor-thread-733#
[PollStageAppStatusExecution] a5c869df-1334-45d0-87fb-b2433d952c83 [2026-03-05T11:48:44.271417] Downloaded app package (7.7M) (STDOUT, STG)#
#2026 03 05 11:48:48.957#Z#DEBUG#0066f6cb-1889-11f1-a16f-eeee0a90b015.c25c385-2-approuter#flowable-async-job-executor-thread-733#
[PollStageAppStatusExecution] a5c869df-1334-45d0-87fb-b2433d952c83 [2026-03-05T11:48:44.802477] -----> Nodejs Buildpack version 1.8.41 (STDOUT, STG)#
#2026 03 05 11:48:48.957#Z#DEBUG#0066f6cb-1889-11f1-a16f-eeee0a90b015.c25c385-2-approuter#flowable-async-job-executor-thread-733#
[PollStageAppStatusExecution] a5c869df-1334-45d0-87fb-b2433d952c83 [2026-03-05T11:48:45.102153] -----> Bootstrapping python (STDOUT, STG)#
#2026 03 05 11:48:48.957#Z#DEBUG#0066f6cb-1889-11f1-a16f-eeee0a90b015.c25c385-2-approuter#flowable-async-job-executor-thread-733#
[PollStageAppStatusExecution] a5c869df-1334-45d0-87fb-b2433d952c83 [2026-03-05T11:48:45.102176] -----> Installing python 3.11.14 (STDOUT, STG)#
#2026 03 05 11:48:48.957#Z#DEBUG#0066f6cb-1889-11f1-a16f-eeee0a90b015.c25c385-2-approuter#flowable-async-job-executor-thread-733#
[PollStageAppStatusExecution] a5c869df-1334-45d0-87fb-b2433d952c83 [2026-03-05T11:48:45.102197] Copy [/tmp/buildpacks/dfa36c7d15e4ae2c/dependencies/c334a3cd7ccf4e78ab45ef5e33dcd936/python_3.11.14_linux_x64_cflinuxfs4_5d0a9d8b.tgz] (STDOUT, STG)#
#2026 03 05 11:48:48.957#Z#DEBUG#0066f6cb-1889-11f1-a16f-eeee0a90b015.c25c385-2-approuter#flowable-async-job-executor-thread-733#
[PollStageAppStatusExecution] a5c869df-1334-45d0-87fb-b2433d952c83 [2026-03-05T11:48:48.080048] -----> Installing binaries (STDOUT, STG)#
#2026 03 05 11:48:48.957#Z#DEBUG#0066f6cb-1889-11f1-a16f-eeee0a90b015.c25c385-2-approuter#flowable-async-job-executor-thread-733#
[PollStageAppStatusExecution] a5c869df-1334-45d0-87fb-b2433d952c83 [2026-03-05T11:48:48.080841] engines.node (package.json): ^16.0.0 || ^18.0.0 (STDOUT, STG)#
#2026 03 05 11:48:48.957#Z#DEBUG#0066f6cb-1889-11f1-a16f-eeee0a90b015.c25c385-2-approuter#flowable-async-job-executor-thread-733#
[PollStageAppStatusExecution] a5c869df-1334-45d0-87fb-b2433d952c83 [2026-03-05T11:48:48.080860] engines.npm (package.json): unspecified (use default) (STDOUT, STG)#
#2026 03 05 11:48:48.957#Z#DEBUG#0066f6cb-1889-11f1-a16f-eeee0a90b015.c25c385-2-approuter#flowable-async-job-executor-thread-733#
[PollStageAppStatusExecution] a5c869df-1334-45d0-87fb-b2433d952c83 [2026-03-05T11:48:48.080865] [31;1m**ERROR**[0m Unable to install node: no match found for ^16.0.0 || ^18.0.0 in [20.19.3 20.19.5 22.20.0 22.21.1 24.3.0 24.10.0] (STDOUT, STG)#
#2026 03 05 11:48:48.957#Z#DEBUG#0066f6cb-1889-11f1-a16f-eeee0a90b015.c25c385-2-approuter#flowable-async-job-executor-thread-733#
[PollStageAppStatusExecution] a5c869df-1334-45d0-87fb-b2433d952c83 [2026-03-05T11:48:48.083326] Failed to compile droplet: Failed to run all supply scripts: exit status 14 (STDERR, STG)#
#2026 03 05 11:48:48.957#Z#DEBUG#0066f6cb-1889-11f1-a16f-eeee0a90b015.c25c385-2-approuter#flowable-async-job-executor-thread-733#
[PollStageAppStatusExecution] a5c869df-1334-45d0-87fb-b2433d952c83 [2026-03-05T11:48:48.089070] Exit status 223 (STDOUT, STG)#
