#2026 03 05 11:46:52.153#Z#INFO#0066f6cb-1889-11f1-a16f-eeee0a90b015.OPERATION#http-nio-0.0.0.0-8080-exec-5#
[XS2StartProcessListener] Operation ID: 0066f6cb-1889-11f1-a16f-eeee0a90b015#
#2026 03 05 11:46:52.170#Z#DEBUG#0066f6cb-1889-11f1-a16f-eeee0a90b015.OPERATION#http-nio-0.0.0.0-8080-exec-5#
[XS2StartProcessListener] Process environment: {
  "SKIP_SSL_VALIDATION" : "false",
  "FLOWABLE_JOB_EXECUTOR_MAX_THREADS" : "32",
  "VERSION" : "2.41.0",
  "BASIC_AUTH_ENABLED" : "true",
  "FLOWABLE_JOB_EXECUTOR_QUEUE_CAPACITY" : "16",
  "FLOWABLE_JOB_EXECUTOR_CORE_THREADS" : "8"
}#
#2026 03 05 11:46:52.170#Z#DEBUG#0066f6cb-1889-11f1-a16f-eeee0a90b015.OPERATION#http-nio-0.0.0.0-8080-exec-5#
[XS2StartProcessListener] Current user: jlscsi@hotmail.com#
#2026 03 05 11:46:52.170#Z#DEBUG#0066f6cb-1889-11f1-a16f-eeee0a90b015.OPERATION#http-nio-0.0.0.0-8080-exec-5#
[XS2StartProcessListener] Client space: dev#
#2026 03 05 11:46:52.170#Z#DEBUG#0066f6cb-1889-11f1-a16f-eeee0a90b015.OPERATION#http-nio-0.0.0.0-8080-exec-5#
[XS2StartProcessListener] Client organization: 11700c7ftrial#
#2026 03 05 11:46:52.170#Z#INFO#0066f6cb-1889-11f1-a16f-eeee0a90b015.OPERATION#http-nio-0.0.0.0-8080-exec-5#
[XS2StartProcessListener] Process variables: {
  "abortOnError" : false,
  "mtaId" : "C25C385-2",
  "keepFiles" : false,
  "noFailOnMissingPermissions" : false,
  "skipAppDigestCalculation" : false,
  "deleteServiceBrokers" : false,
  "appArchiveId" : "19b36934-a13c-432e-a207-af4d5bc758bf",
  "deleteServiceKeys" : false,
  "noRestartSubscribedApps" : false,
  "noStart" : false,
  "deleteServices" : false
}#
#2026 03 05 11:46:52.209#Z#DEBUG#0066f6cb-1889-11f1-a16f-eeee0a90b015.OPERATION#flowable-async-job-executor-thread-657#
[ValidateDeployParametersStep] Executing task "validateParametersTask" of process "0066f6ed-1889-11f1-a16f-eeee0a90b015"...#
#2026 03 05 11:46:52.209#Z#DEBUG#0066f6cb-1889-11f1-a16f-eeee0a90b015.OPERATION#flowable-async-job-executor-thread-657#
[ValidateDeployParametersStep] Validating parameters...#
#2026 03 05 11:46:52.211#Z#INFO#0066f6cb-1889-11f1-a16f-eeee0a90b015.OPERATION#flowable-async-job-executor-thread-657#
[ValidateDeployParametersStep] Size of mtars is 7,386,614 and size of extension descriptors is 0#
#2026 03 05 11:46:52.242#Z#INFO#0066f6cb-1889-11f1-a16f-eeee0a90b015.OPERATION#flowable-async-job-executor-thread-657#
[ValidateDeployParametersStep] Archive was not split! Total size in bytes: 7,386,614#
#2026 03 05 11:46:52.242#Z#INFO#0066f6cb-1889-11f1-a16f-eeee0a90b015.OPERATION#flowable-async-job-executor-thread-657#
[ValidateDeployParametersStep] Deploying in org "11700c7ftrial" and space "dev"#
#2026 03 05 11:46:52.246#Z#DEBUG#0066f6cb-1889-11f1-a16f-eeee0a90b015.OPERATION#flowable-async-job-executor-thread-657#
[ValidateDeployParametersStep] Parameters validated#
#2026 03 05 11:46:52.246#Z#DEBUG#0066f6cb-1889-11f1-a16f-eeee0a90b015.OPERATION#flowable-async-job-executor-thread-657#
Step "Validate Parameters" finished#
#2026 03 05 11:46:52.271#Z#DEBUG#0066f6cb-1889-11f1-a16f-eeee0a90b015.OPERATION#flowable-async-job-executor-thread-657#
[DeleteRemainingFileParts] Executing task "deleteRemainingFileParts" of process "0066f6ed-1889-11f1-a16f-eeee0a90b015"...#
#2026 03 05 11:46:52.271#Z#DEBUG#0066f6cb-1889-11f1-a16f-eeee0a90b015.OPERATION#flowable-async-job-executor-thread-657#
Step "Delete Remaining File Parts" finished#
#2026 03 05 11:46:52.294#Z#DEBUG#0066f6cb-1889-11f1-a16f-eeee0a90b015.OPERATION#flowable-async-job-executor-thread-657#
[XS2ProcessMtaArchiveStep] Executing task "processArchiveTask" of process "0066f6ed-1889-11f1-a16f-eeee0a90b015"...#
#2026 03 05 11:46:52.294#Z#DEBUG#0066f6cb-1889-11f1-a16f-eeee0a90b015.OPERATION#flowable-async-job-executor-thread-657#
[XS2ProcessMtaArchiveStep] Processing MTA archive...#
#2026 03 05 11:46:52.294#Z#DEBUG#0066f6cb-1889-11f1-a16f-eeee0a90b015.OPERATION#flowable-async-job-executor-thread-657#
[XS2ProcessMtaArchiveStep] MTA Archive ID: 19b36934-a13c-432e-a207-af4d5bc758bf#
#2026 03 05 11:46:52.483#Z#DEBUG#0066f6cb-1889-11f1-a16f-eeee0a90b015.OPERATION#flowable-async-job-executor-thread-657#
[XS2ProcessMtaArchiveStep] MTA Descriptor length: 1,709#
#2026 03 05 11:46:52.483#Z#DEBUG#0066f6cb-1889-11f1-a16f-eeee0a90b015.OPERATION#flowable-async-job-executor-thread-657#
[XS2ProcessMtaArchiveStep] MTA Archive Modules: [c25c385-2-approuter, C25C385-2_ui_deployer]#
#2026 03 05 11:46:52.483#Z#DEBUG#0066f6cb-1889-11f1-a16f-eeee0a90b015.OPERATION#flowable-async-job-executor-thread-657#
[XS2ProcessMtaArchiveStep] MTA Archive Requires: []#
#2026 03 05 11:46:52.483#Z#DEBUG#0066f6cb-1889-11f1-a16f-eeee0a90b015.OPERATION#flowable-async-job-executor-thread-657#
[XS2ProcessMtaArchiveStep] MTA Archive Resources: [uaa_C25C385-2]#
#2026 03 05 11:46:52.491#Z#DEBUG#0066f6cb-1889-11f1-a16f-eeee0a90b015.OPERATION#flowable-async-job-executor-thread-657#
[XS2ProcessMtaArchiveStep] MTA archive processed#
#2026 03 05 11:46:52.491#Z#DEBUG#0066f6cb-1889-11f1-a16f-eeee0a90b015.OPERATION#flowable-async-job-executor-thread-657#
Step "Process Archive" finished#
#2026 03 05 11:46:52.525#Z#DEBUG#0066f6cb-1889-11f1-a16f-eeee0a90b015.OPERATION#flowable-async-job-executor-thread-657#
[ProcessMtaExtensionDescriptorsStep] Executing task "processExtensionDescriptorsTask" of process "0066f6ed-1889-11f1-a16f-eeee0a90b015"...#
#2026 03 05 11:46:52.526#Z#DEBUG#0066f6cb-1889-11f1-a16f-eeee0a90b015.OPERATION#flowable-async-job-executor-thread-657#
[ProcessMtaExtensionDescriptorsStep] Processing MTA extension descriptors...#
#2026 03 05 11:46:52.526#Z#DEBUG#0066f6cb-1889-11f1-a16f-eeee0a90b015.OPERATION#flowable-async-job-executor-thread-657#
[ProcessMtaExtensionDescriptorsStep] Provided extension descriptors: [ ]#
#2026 03 05 11:46:52.526#Z#DEBUG#0066f6cb-1889-11f1-a16f-eeee0a90b015.OPERATION#flowable-async-job-executor-thread-657#
[ProcessMtaExtensionDescriptorsStep] No extension descriptors in use#
#2026 03 05 11:46:52.526#Z#DEBUG#0066f6cb-1889-11f1-a16f-eeee0a90b015.OPERATION#flowable-async-job-executor-thread-657#
[ProcessMtaExtensionDescriptorsStep] MTA extension descriptors processed#
#2026 03 05 11:46:52.526#Z#DEBUG#0066f6cb-1889-11f1-a16f-eeee0a90b015.OPERATION#flowable-async-job-executor-thread-657#
Step "Process Extension Descriptors" finished#
#2026 03 05 11:46:52.552#Z#DEBUG#0066f6cb-1889-11f1-a16f-eeee0a90b015.OPERATION#flowable-async-job-executor-thread-657#
[DetectMtaSchemaVersionStep] Executing task "detectSchemaVersionTask" of process "0066f6ed-1889-11f1-a16f-eeee0a90b015"...#
#2026 03 05 11:46:52.553#Z#DEBUG#0066f6cb-1889-11f1-a16f-eeee0a90b015.OPERATION#flowable-async-job-executor-thread-657#
[DetectMtaSchemaVersionStep] Detecting MTA major schema version...#
#2026 03 05 11:46:52.554#Z#INFO#0066f6cb-1889-11f1-a16f-eeee0a90b015.OPERATION#flowable-async-job-executor-thread-657#
[DetectMtaSchemaVersionStep] Detected MTA schema version: "3"#
#2026 03 05 11:46:52.559#Z#DEBUG#0066f6cb-1889-11f1-a16f-eeee0a90b015.OPERATION#flowable-async-job-executor-thread-657#
Step "Detect Schema Version" finished#
#2026 03 05 11:46:52.585#Z#DEBUG#0066f6cb-1889-11f1-a16f-eeee0a90b015.OPERATION#flowable-async-job-executor-thread-657#
[MergeDescriptorsStep] Executing task "mergeDescriptorsTask" of process "0066f6ed-1889-11f1-a16f-eeee0a90b015"...#
#2026 03 05 11:46:52.586#Z#DEBUG#0066f6cb-1889-11f1-a16f-eeee0a90b015.OPERATION#flowable-async-job-executor-thread-657#
[MergeDescriptorsStep] Validating and merging descriptors...#
#2026 03 05 11:46:52.588#Z#DEBUG#0066f6cb-1889-11f1-a16f-eeee0a90b015.OPERATION#flowable-async-job-executor-thread-657#
[MergeDescriptorsStep] Merged deployment descriptor: {
  "majorSchemaVersion" : 3,
  "schemaVersion" : "3.2.0",
  "id" : "C25C385-2",
  "version" : "0.0.1",
  "modules" : [ {
    "majorSchemaVersion" : 3,
    "name" : "c25c385-2-approuter",
    "type" : "javascript.nodejs",
    "path" : "c25c385-2-approuter",
    "properties" : { },
    "parameters" : {
      "disk-quota" : "256M",
      "memory" : "256M"
    },
    "requiredDependencies" : [ {
      "majorSchemaVersion" : 3,
      "name" : "C25C385-2_html_repo_runtime",
      "properties" : { },
      "parameters" : { },
      "propertiesMetadata" : {
        "metadata" : { }
      },
      "parametersMetadata" : {
        "metadata" : { }
      }
    }, {
      "majorSchemaVersion" : 3,
      "name" : "uaa_C25C385-2",
      "properties" : { },
      "parameters" : { },
      "propertiesMetadata" : {
        "metadata" : { }
      },
      "parametersMetadata" : {
        "metadata" : { }
      }
    }, {
      "majorSchemaVersion" : 3,
      "name" : "C25C385-2-destination-service",
      "group" : "destinations",
      "properties" : {
        "name" : "ui5",
        "forwardAuthToken" : "********",
        "url" : "https://ui5.sap.com"
      },
      "parameters" : { },
      "propertiesMetadata" : {
        "metadata" : { }
      },
      "parametersMetadata" : {
        "metadata" : { }
      }
    } ],
    "providedDependencies" : [ {
      "majorSchemaVersion" : 3,
      "name" : "c25c385-2-approuter",
      "isPublic" : false,
      "properties" : { },
      "parameters" : { },
      "propertiesMetadata" : {
        "metadata" : { }
      },
      "parametersMetadata" : {
        "metadata" : { }
      }
    } ],
    "propertiesMetadata" : {
      "metadata" : { }
    },
    "parametersMetadata" : {
      "metadata" : { }
    },
    "hooks" : [ ]
  }, {
    "majorSchemaVersion" : 3,
    "name" : "C25C385-2_ui_deployer",
    "type" : "com.sap.application.content",
    "path" : "C25C385-2_ui_deployer",
    "properties" : { },
    "parameters" : { },
    "requiredDependencies" : [ {
      "majorSchemaVersion" : 3,
      "name" : "C25C385-2_html_repo_host",
      "properties" : { },
      "parameters" : {
        "content-target" : true
      },
      "propertiesMetadata" : {
        "metadata" : { }
      },
      "parametersMetadata" : {
        "metadata" : { }
      }
    } ],
    "providedDependencies" : [ {
      "majorSchemaVersion" : 3,
      "name" : "C25C385-2_ui_deployer",
      "isPublic" : false,
      "properties" : { },
      "parameters" : { },
      "propertiesMetadata" : {
        "metadata" : { }
      },
      "parametersMetadata" : {
        "metadata" : { }
      }
    } ],
    "propertiesMetadata" : {
      "metadata" : { }
    },
    "parametersMetadata" : {
      "metadata" : { }
    },
    "hooks" : [ ]
  } ],
  "resources" : [ {
    "majorSchemaVersion" : 3,
    "name" : "C25C385-2_html_repo_runtime",
    "type" : "org.cloudfoundry.managed-service",
    "properties" : { },
    "parameters" : {
      "service-plan" : "app-runtime",
      "type" : "managed-service",
      "service" : "html5-apps-repo"
    },
    "isActive" : true,
    "isOptional" : false,
    "propertiesMetadata" : {
      "metadata" : { }
    },
    "parametersMetadata" : {
      "metadata" : { }
    },
    "requiredDependencies" : [ ],
    "processedAfter" : [ ]
  }, {
    "majorSchemaVersion" : 3,
    "name" : "uaa_C25C385-2",
    "type" : "org.cloudfoundry.managed-service",
    "properties" : { },
    "parameters" : {
      "path" : "./xs-security.json",
      "service-name" : "C25C385-2-xsuaa-service",
      "service-plan" : "application",
      "type" : "managed-service",
      "service" : "xsuaa"
    },
    "isActive" : true,
    "isOptional" : false,
    "propertiesMetadata" : {
      "metadata" : { }
    },
    "parametersMetadata" : {
      "metadata" : { }
    },
    "requiredDependencies" : [ ],
    "processedAfter" : [ ]
  }, {
    "majorSchemaVersion" : 3,
    "name" : "C25C385-2_html_repo_host",
    "type" : "org.cloudfoundry.managed-service",
    "properties" : { },
    "parameters" : {
      "service-plan" : "app-host",
      "type" : "managed-service",
      "service" : "html5-apps-repo"
    },
    "isActive" : true,
    "isOptional" : false,
    "propertiesMetadata" : {
      "metadata" : { }
    },
    "parametersMetadata" : {
      "metadata" : { }
    },
    "requiredDependencies" : [ ],
    "processedAfter" : [ ]
  }, {
    "majorSchemaVersion" : 3,
    "name" : "C25C385-2-destination-service",
    "type" : "org.cloudfoundry.managed-service",
    "properties" : { },
    "parameters" : {
      "service-name" : "C25C385-2-destination-service",
      "service-plan" : "lite",
      "type" : "managed-service",
      "config" : {
        "HTML5Runtime_enabled" : false,
        "init_data" : {
          "instance" : {
            "destinations" : [ {
              "Authentication" : "********",
              "Name" : "ui5",
              "ProxyType" : "Internet",
              "Type" : "HTTP",
              "URL" : "https://ui5.sap.com"
            } ],
            "existing_destinations_policy" : "update"
          }
        },
        "version" : "1.0.0"
      },
      "service" : "destination"
    },
    "isActive" : true,
    "isOptional" : false,
    "propertiesMetadata" : {
      "metadata" : { }
    },
    "parametersMetadata" : {
      "metadata" : { }
    },
    "requiredDependencies" : [ ],
    "processedAfter" : [ ]
  } ],
  "parameters" : {
    "enable-parallel-deployments" : true,
    "deploy_mode" : "html5-repo"
  },
  "parametersMetadata" : {
    "metadata" : { }
  }
}#
#2026 03 05 11:46:52.589#Z#DEBUG#0066f6cb-1889-11f1-a16f-eeee0a90b015.OPERATION#flowable-async-job-executor-thread-657#
[MergeDescriptorsStep] Descriptors validated and merged#
#2026 03 05 11:46:52.589#Z#DEBUG#0066f6cb-1889-11f1-a16f-eeee0a90b015.OPERATION#flowable-async-job-executor-thread-657#
Step "Merge Descriptors" finished#
#2026 03 05 11:46:52.613#Z#DEBUG#0066f6cb-1889-11f1-a16f-eeee0a90b015.OPERATION#flowable-async-job-executor-thread-657#
[DetectDeployedMtaStep] Executing task "detectDeployedMtaTask" of process "0066f6ed-1889-11f1-a16f-eeee0a90b015"...#
#2026 03 05 11:46:52.613#Z#DEBUG#0066f6cb-1889-11f1-a16f-eeee0a90b015.OPERATION#flowable-async-job-executor-thread-657#
[DetectDeployedMtaStep] Detecting deployed MTA...#
#2026 03 05 11:46:52.681#Z#DEBUG#0066f6cb-1889-11f1-a16f-eeee0a90b015.OPERATION#flowable-async-job-executor-thread-657#
[DetectDeployedMtaStep] Detecting MTA by id C25C385-2 and namespace null#
#2026 03 05 11:46:52.681#Z#DEBUG#0066f6cb-1889-11f1-a16f-eeee0a90b015.OPERATION#flowable-async-job-executor-thread-657#
[DetectDeployedMtaStep] Getting applications by metadata label selector "mta_id=40805187a127b22dc1483882242e6804,!mta_namespace"...#
#2026 03 05 11:46:52.734#Z#DEBUG#0066f6cb-1889-11f1-a16f-eeee0a90b015.OPERATION#flowable-async-job-executor-thread-657#
[DetectDeployedMtaStep] Getting service instances by metadata label selector "mta_id=40805187a127b22dc1483882242e6804,!mta_namespace"...#
#2026 03 05 11:46:52.912#Z#DEBUG#0066f6cb-1889-11f1-a16f-eeee0a90b015.OPERATION#flowable-async-job-executor-thread-657#
[DetectDeployedMtaStep] Deployed MTA: {
  "metadata" : {
    "id" : "C25C385-2",
    "version" : "0.0.1"
  },
  "applications" : [ {
    "name" : "c25c385-2-approuter",
    "metadata" : {
      "guid" : "a5c869df-1334-45d0-87fb-b2433d952c83",
      "createdAt" : [ 2026, 3, 5, 11, 19, 28 ],
      "updatedAt" : [ 2026, 3, 5, 11, 43, 41 ]
    },
    "v3Metadata" : {
      "annotations" : {
        "mta_id" : "C25C385-2",
        "mta_version" : "0.0.1",
        "mta_module" : "{\"name\":\"c25c385-2-approuter\"}",
        "mta_module_provided_dependencies" : "[]",
        "mta_bound_services" : "[\"C25C385-2_html_repo_runtime\",\"C25C385-2-xsuaa-service\",\"C25C385-2-destination-service\"]"
      },
      "labels" : {
        "mta_id" : "40805187a127b22dc1483882242e6804"
      }
    },
    "state" : "STOPPED",
    "lifecycle" : {
      "type" : "BUILDPACK",
      "data" : {
        "stack" : "cflinuxfs4",
        "buildpacks" : [ ]
      }
    },
    "space" : {
      "name" : "dev",
      "metadata" : {
        "guid" : "5037a745-9210-4b21-989a-fd56e4b52f02",
        "createdAt" : [ 2026, 1, 20, 10, 41, 27 ],
        "updatedAt" : [ 2026, 1, 20, 10, 41, 27 ]
      },
      "organization" : {
        "name" : "11700c7ftrial",
        "metadata" : {
          "guid" : "8238f1fb-8f20-4d39-bbe4-d0aad84719cc",
          "createdAt" : [ 2026, 1, 20, 10, 41, 26 ],
          "updatedAt" : [ 2026, 1, 20, 10, 41, 27 ]
        }
      }
    },
    "moduleName" : "c25c385-2-approuter",
    "boundMtaServices" : [ "C25C385-2_html_repo_runtime", "C25C385-2-xsuaa-service", "C25C385-2-destination-service" ],
    "providedDependencyNames" : [ ],
    "productizationState" : "LIVE"
  } ],
  "services" : [ {
    "name" : "C25C385-2-xsuaa-service",
    "metadata" : {
      "guid" : "ffdae91a-0a54-4be2-a103-340406b0d034",
      "createdAt" : [ 2026, 3, 5, 11, 19, 14 ],
      "updatedAt" : [ 2026, 3, 5, 11, 19, 15 ]
    },
    "v3Metadata" : {
      "annotations" : {
        "mta_id" : "C25C385-2",
        "mta_version" : "0.0.1",
        "mta_resource" : "{\"name\":\"uaa_C25C385-2\"}"
      },
      "labels" : {
        "mta_id" : "40805187a127b22dc1483882242e6804"
      }
    },
    "label" : "xsuaa",
    "plan" : "application",
    "credentials" : "********",
    "tags" : [ ],
    "type" : "managed",
    "lastOperation" : {
      "type" : "UPDATE",
      "description" : "",
      "state" : "SUCCEEDED"
    },
    "resourceName" : "uaa_C25C385-2"
  }, {
    "name" : "C25C385-2_html_repo_runtime",
    "metadata" : {
      "guid" : "dd98f55a-3a03-433d-bcc4-881dca7ee6d4",
      "createdAt" : [ 2026, 3, 5, 11, 19, 11 ],
      "updatedAt" : [ 2026, 3, 5, 11, 19, 12 ]
    },
    "v3Metadata" : {
      "annotations" : {
        "mta_id" : "C25C385-2",
        "mta_version" : "0.0.1",
        "mta_resource" : "{\"name\":\"C25C385-2_html_repo_runtime\"}"
      },
      "labels" : {
        "mta_id" : "40805187a127b22dc1483882242e6804"
      }
    },
    "label" : "html5-apps-repo",
    "plan" : "app-runtime",
    "credentials" : "********",
    "tags" : [ ],
    "type" : "managed",
    "lastOperation" : {
      "type" : "CREATE",
      "description" : "",
      "state" : "SUCCEEDED"
    },
    "resourceName" : "C25C385-2_html_repo_runtime"
  }, {
    "name" : "C25C385-2_html_repo_host",
    "metadata" : {
      "guid" : "e3058e7a-3f25-4951-a89f-32d71b0d915d",
      "createdAt" : [ 2026, 3, 5, 11, 19, 17 ],
      "updatedAt" : [ 2026, 3, 5, 11, 19, 18 ]
    },
    "v3Metadata" : {
      "annotations" : {
        "mta_id" : "C25C385-2",
        "mta_version" : "0.0.1",
        "mta_resource" : "{\"name\":\"C25C385-2_html_repo_host\"}"
      },
      "labels" : {
        "mta_id" : "40805187a127b22dc1483882242e6804"
      }
    },
    "label" : "html5-apps-repo",
    "plan" : "app-host",
    "credentials" : "********",
    "tags" : [ ],
    "type" : "managed",
    "lastOperation" : {
      "type" : "CREATE",
      "description" : "",
      "state" : "SUCCEEDED"
    },
    "resourceName" : "C25C385-2_html_repo_host"
  }, {
    "name" : "C25C385-2-destination-service",
    "metadata" : {
      "guid" : "60d43722-561d-449a-ad6c-0a10d3b260f1",
      "createdAt" : [ 2026, 3, 5, 11, 19, 14 ],
      "updatedAt" : [ 2026, 3, 5, 11, 19, 15 ]
    },
    "v3Metadata" : {
      "annotations" : {
        "mta_id" : "C25C385-2",
        "mta_version" : "0.0.1",
        "mta_resource" : "{\"name\":\"C25C385-2-destination-service\"}"
      },
      "labels" : {
        "mta_id" : "40805187a127b22dc1483882242e6804"
      }
    },
    "label" : "destination",
    "plan" : "lite",
    "credentials" : "********",
    "tags" : [ ],
    "type" : "managed",
    "lastOperation" : {
      "type" : "UPDATE",
      "description" : "",
      "state" : "SUCCEEDED"
    },
    "resourceName" : "C25C385-2-destination-service"
  } ]
}#
#2026 03 05 11:46:52.912#Z#INFO#0066f6cb-1889-11f1-a16f-eeee0a90b015.OPERATION#flowable-async-job-executor-thread-657#
[DetectDeployedMtaStep] Detected deployed MTA with ID "C25C385-2" and version "0.0.1"#
#2026 03 05 11:46:52.916#Z#DEBUG#0066f6cb-1889-11f1-a16f-eeee0a90b015.OPERATION#flowable-async-job-executor-thread-657#
[DetectDeployedMtaStep] Detecting backup mta by id "C25C385-2" and namespace "null"#
#2026 03 05 11:46:52.916#Z#DEBUG#0066f6cb-1889-11f1-a16f-eeee0a90b015.OPERATION#flowable-async-job-executor-thread-657#
[DetectDeployedMtaStep] Getting applications by metadata label selector "mta_id=40805187a127b22dc1483882242e6804,mta_namespace=b698114a0995e936895b9598a6c19a2c"...#
#2026 03 05 11:46:52.957#Z#DEBUG#0066f6cb-1889-11f1-a16f-eeee0a90b015.OPERATION#flowable-async-job-executor-thread-657#
[DetectDeployedMtaStep] Getting service instances by metadata label selector "mta_id=40805187a127b22dc1483882242e6804,mta_namespace=b698114a0995e936895b9598a6c19a2c"...#
#2026 03 05 11:46:53.021#Z#DEBUG#0066f6cb-1889-11f1-a16f-eeee0a90b015.OPERATION#flowable-async-job-executor-thread-657#
[DetectDeployedMtaStep] Deployed MTA service keys: [ {
  "name" : "********",
  "metadata" : {
    "guid" : "f71daf4b-01a8-4e87-8636-ce379409fb64",
    "createdAt" : [ 2026, 3, 5, 11, 19, 29 ],
    "updatedAt" : [ 2026, 3, 5, 11, 19, 30 ]
  },
  "v3Metadata" : {
    "annotations" : {
      "mta_id" : "C25C385-2",
      "mta_version" : "0.0.1"
    },
    "labels" : {
      "mta_id" : "40805187a127b22dc1483882242e6804",
      "space_guid" : "5037a745-9210-4b21-989a-fd56e4b52f02"
    }
  },
  "serviceInstance" : {
    "name" : "C25C385-2_html_repo_host",
    "metadata" : {
      "guid" : "e3058e7a-3f25-4951-a89f-32d71b0d915d",
      "createdAt" : [ 2026, 3, 5, 11, 19, 17 ],
      "updatedAt" : [ 2026, 3, 5, 11, 19, 18 ]
    },
    "v3Metadata" : {
      "annotations" : {
        "mta_id" : "C25C385-2",
        "mta_version" : "0.0.1",
        "mta_resource" : "{\"name\":\"C25C385-2_html_repo_host\"}"
      },
      "labels" : {
        "mta_id" : "40805187a127b22dc1483882242e6804"
      }
    },
    "credentials" : "********",
    "tags" : [ ],
    "type" : "managed"
  }
} ]#
#2026 03 05 11:46:53.021#Z#DEBUG#0066f6cb-1889-11f1-a16f-eeee0a90b015.OPERATION#flowable-async-job-executor-thread-657#
Step "Detect Deployed MTA" finished#
#2026 03 05 11:46:53.053#Z#DEBUG#0066f6cb-1889-11f1-a16f-eeee0a90b015.OPERATION#flowable-async-job-executor-thread-657#
[XS2CollectSystemParametersStep] Executing task "collectSystemParametersTask" of process "0066f6ed-1889-11f1-a16f-eeee0a90b015"...#
#2026 03 05 11:46:53.054#Z#DEBUG#0066f6cb-1889-11f1-a16f-eeee0a90b015.OPERATION#flowable-async-job-executor-thread-657#
[XS2CollectSystemParametersStep] Collecting system parameters...#
#2026 03 05 11:46:53.054#Z#DEBUG#0066f6cb-1889-11f1-a16f-eeee0a90b015.OPERATION#flowable-async-job-executor-thread-657#
[XS2CollectSystemParametersStep] Getting default domain...#
#2026 03 05 11:46:53.085#Z#DEBUG#0066f6cb-1889-11f1-a16f-eeee0a90b015.OPERATION#flowable-async-job-executor-thread-657#
[XS2CollectSystemParametersStep] Default domain: cfapps.us10-001.hana.ondemand.com#
#2026 03 05 11:46:53.086#Z#DEBUG#0066f6cb-1889-11f1-a16f-eeee0a90b015.OPERATION#flowable-async-job-executor-thread-657#
[XS2CollectSystemParametersStep] Checking for overwriting read-only parameters for mta with id: "C25C385-2"#
#2026 03 05 11:46:53.086#Z#DEBUG#0066f6cb-1889-11f1-a16f-eeee0a90b015.OPERATION#flowable-async-job-executor-thread-657#
[XS2CollectSystemParametersStep] No read-only parameters are overwritten#
#2026 03 05 11:46:53.099#Z#DEBUG#0066f6cb-1889-11f1-a16f-eeee0a90b015.OPERATION#flowable-async-job-executor-thread-657#
[XS2CollectSystemParametersStep] Descriptor with system parameters: {
  "majorSchemaVersion" : 3,
  "schemaVersion" : "3.2.0",
  "id" : "C25C385-2",
  "version" : "0.0.1",
  "modules" : [ {
    "majorSchemaVersion" : 3,
    "name" : "c25c385-2-approuter",
    "type" : "javascript.nodejs",
    "path" : "c25c385-2-approuter",
    "properties" : { },
    "parameters" : {
      "default-url" : "${protocol}://${default-uri}",
      "default-app-name" : "c25c385-2-approuter",
      "generated-password" : "********",
      "default-live-url" : "${protocol}://${default-live-uri}",
      "default-uri" : "${host}.${domain}",
      "memory" : "256M",
      "default-instances" : 1,
      "default-live-host" : "11700c7ftrial-dev-c25c385-2-approuter",
      "instances" : "${default-instances}",
      "default-host" : "11700c7ftrial-dev-c25c385-2-approuter",
      "app-name" : "${default-app-name}",
      "default-live-uri" : "11700c7ftrial-dev-c25c385-2-approuter.${domain}",
      "protocol" : "https",
      "default-live-app-name" : "c25c385-2-approuter",
      "default-live-domain" : "cfapps.us10-001.hana.ondemand.com",
      "disk-quota" : "256M",
      "domain" : "${default-domain}",
      "host" : "${default-host}",
      "generated-user" : "********"
    },
    "requiredDependencies" : [ {
      "majorSchemaVersion" : 3,
      "name" : "C25C385-2_html_repo_runtime",
      "properties" : { },
      "parameters" : { },
      "propertiesMetadata" : {
        "metadata" : { }
      },
      "parametersMetadata" : {
        "metadata" : { }
      }
    }, {
      "majorSchemaVersion" : 3,
      "name" : "uaa_C25C385-2",
      "properties" : { },
      "parameters" : { },
      "propertiesMetadata" : {
        "metadata" : { }
      },
      "parametersMetadata" : {
        "metadata" : { }
      }
    }, {
      "majorSchemaVersion" : 3,
      "name" : "C25C385-2-destination-service",
      "group" : "destinations",
      "properties" : {
        "name" : "ui5",
        "forwardAuthToken" : "********",
        "url" : "https://ui5.sap.com"
      },
      "parameters" : { },
      "propertiesMetadata" : {
        "metadata" : { }
      },
      "parametersMetadata" : {
        "metadata" : { }
      }
    } ],
    "providedDependencies" : [ {
      "majorSchemaVersion" : 3,
      "name" : "c25c385-2-approuter",
      "isPublic" : false,
      "properties" : { },
      "parameters" : { },
      "propertiesMetadata" : {
        "metadata" : { }
      },
      "parametersMetadata" : {
        "metadata" : { }
      }
    } ],
    "propertiesMetadata" : {
      "metadata" : { }
    },
    "parametersMetadata" : {
      "metadata" : { }
    },
    "hooks" : [ ]
  }, {
    "majorSchemaVersion" : 3,
    "name" : "C25C385-2_ui_deployer",
    "type" : "com.sap.application.content",
    "path" : "C25C385-2_ui_deployer",
    "properties" : { },
    "parameters" : {
      "default-url" : "${protocol}://${default-uri}",
      "default-app-name" : "C25C385-2_ui_deployer",
      "generated-password" : "********",
      "default-live-url" : "${protocol}://${default-live-uri}",
      "default-uri" : "${host}.${domain}",
      "default-instances" : 1,
      "default-live-host" : "11700c7ftrial-dev-c25c385-2-ui-deployer",
      "instances" : "${default-instances}",
      "default-host" : "11700c7ftrial-dev-c25c385-2-ui-deployer",
      "app-name" : "${default-app-name}",
      "default-live-uri" : "11700c7ftrial-dev-c25c385-2-ui-deployer.${domain}",
      "protocol" : "https",
      "default-live-app-name" : "C25C385-2_ui_deployer",
      "default-live-domain" : "cfapps.us10-001.hana.ondemand.com",
      "domain" : "${default-domain}",
      "host" : "${default-host}",
      "generated-user" : "********"
    },
    "requiredDependencies" : [ {
      "majorSchemaVersion" : 3,
      "name" : "C25C385-2_html_repo_host",
      "properties" : { },
      "parameters" : {
        "content-target" : true
      },
      "propertiesMetadata" : {
        "metadata" : { }
      },
      "parametersMetadata" : {
        "metadata" : { }
      }
    } ],
    "providedDependencies" : [ {
      "majorSchemaVersion" : 3,
      "name" : "C25C385-2_ui_deployer",
      "isPublic" : false,
      "properties" : { },
      "parameters" : { },
      "propertiesMetadata" : {
        "metadata" : { }
      },
      "parametersMetadata" : {
        "metadata" : { }
      }
    } ],
    "propertiesMetadata" : {
      "metadata" : { }
    },
    "parametersMetadata" : {
      "metadata" : { }
    },
    "hooks" : [ ]
  } ],
  "resources" : [ {
    "majorSchemaVersion" : 3,
    "name" : "C25C385-2_html_repo_runtime",
    "type" : "org.cloudfoundry.managed-service",
    "properties" : { },
    "parameters" : {
      "generated-password" : "********",
      "service-name" : "${default-service-name}",
      "service-plan" : "app-runtime",
      "service" : "html5-apps-repo",
      "generated-user" : "********",
      "default-xsappname" : "C25C385-2_html_repo_runtime",
      "type" : "managed-service",
      "default-service-name" : "C25C385-2_html_repo_runtime",
      "default-container-name" : "11700C7FTRIAL_DEV_C25C385_2_HTML_REPO_RUNTIME"
    },
    "isActive" : true,
    "isOptional" : false,
    "propertiesMetadata" : {
      "metadata" : { }
    },
    "parametersMetadata" : {
      "metadata" : { }
    },
    "requiredDependencies" : [ ],
    "processedAfter" : [ ]
  }, {
    "majorSchemaVersion" : 3,
    "name" : "uaa_C25C385-2",
    "type" : "org.cloudfoundry.managed-service",
    "properties" : { },
    "parameters" : {
      "generated-password" : "********",
      "path" : "./xs-security.json",
      "service-name" : "C25C385-2-xsuaa-service",
      "service-plan" : "application",
      "service" : "xsuaa",
      "generated-user" : "********",
      "default-xsappname" : "uaa_C25C385-2",
      "type" : "managed-service",
      "default-service-name" : "uaa_C25C385-2",
      "default-container-name" : "11700C7FTRIAL_DEV_UAA_C25C385_2"
    },
    "isActive" : true,
    "isOptional" : false,
    "propertiesMetadata" : {
      "metadata" : { }
    },
    "parametersMetadata" : {
      "metadata" : { }
    },
    "requiredDependencies" : [ ],
    "processedAfter" : [ ]
  }, {
    "majorSchemaVersion" : 3,
    "name" : "C25C385-2_html_repo_host",
    "type" : "org.cloudfoundry.managed-service",
    "properties" : { },
    "parameters" : {
      "generated-password" : "********",
      "service-name" : "${default-service-name}",
      "service-plan" : "app-host",
      "service" : "html5-apps-repo",
      "generated-user" : "********",
      "default-xsappname" : "C25C385-2_html_repo_host",
      "type" : "managed-service",
      "default-service-name" : "C25C385-2_html_repo_host",
      "default-container-name" : "11700C7FTRIAL_DEV_C25C385_2_HTML_REPO_HOST"
    },
    "isActive" : true,
    "isOptional" : false,
    "propertiesMetadata" : {
      "metadata" : { }
    },
    "parametersMetadata" : {
      "metadata" : { }
    },
    "requiredDependencies" : [ ],
    "processedAfter" : [ ]
  }, {
    "majorSchemaVersion" : 3,
    "name" : "C25C385-2-destination-service",
    "type" : "org.cloudfoundry.managed-service",
    "properties" : { },
    "parameters" : {
      "generated-password" : "********",
      "service-name" : "C25C385-2-destination-service",
      "service-plan" : "lite",
      "service" : "destination",
      "generated-user" : "********",
      "default-xsappname" : "C25C385-2-destination-service",
      "type" : "managed-service",
      "config" : {
        "HTML5Runtime_enabled" : false,
        "init_data" : {
          "instance" : {
            "destinations" : [ {
              "Authentication" : "********",
              "Name" : "ui5",
              "ProxyType" : "Internet",
              "Type" : "HTTP",
              "URL" : "https://ui5.sap.com"
            } ],
            "existing_destinations_policy" : "update"
          }
        },
        "version" : "1.0.0"
      },
      "default-service-name" : "C25C385-2-destination-service",
      "default-container-name" : "11700C7FTRIAL_DEV_C25C385_2_DESTINATION_SERVICE"
    },
    "isActive" : true,
    "isOptional" : false,
    "propertiesMetadata" : {
      "metadata" : { }
    },
    "parametersMetadata" : {
      "metadata" : { }
    },
    "requiredDependencies" : [ ],
    "processedAfter" : [ ]
  } ],
  "parameters" : {
    "deploy_mode" : "html5-repo",
    "mta-id" : "C25C385-2",
    "authorization-url" : "********",
    "org-guid" : "8238f1fb-8f20-4d39-bbe4-d0aad84719cc",
    "org" : "11700c7ftrial",
    "deploy-target" : "11700c7ftrial dev",
    "enable-parallel-deployments" : true,
    "space" : "dev",
    "xs-api-url" : "https://api.cf.us10-001.hana.ondemand.com",
    "deploy-url" : "deploy-service.cfapps.us10-001.hana.ondemand.com",
    "xs-type" : "CF",
    "default-domain" : "cfapps.us10-001.hana.ondemand.com",
    "mta-version" : "0.0.1",
    "xs-auth-url" : "********",
    "space-guid" : "5037a745-9210-4b21-989a-fd56e4b52f02",
    "user" : "********",
    "controller-url" : "https://api.cf.us10-001.hana.ondemand.com",
    "timestamp" : "20260305114652"
  },
  "parametersMetadata" : {
    "metadata" : { }
  }
}#
#2026 03 05 11:46:53.100#Z#DEBUG#0066f6cb-1889-11f1-a16f-eeee0a90b015.OPERATION#flowable-async-job-executor-thread-657#
[XS2CollectSystemParametersStep] Version rule: SAME_HIGHER#
#2026 03 05 11:46:53.100#Z#INFO#0066f6cb-1889-11f1-a16f-eeee0a90b015.OPERATION#flowable-async-job-executor-thread-657#
[XS2CollectSystemParametersStep] Detected new MTA version: "0.0.1"#
#2026 03 05 11:46:53.104#Z#INFO#0066f6cb-1889-11f1-a16f-eeee0a90b015.OPERATION#flowable-async-job-executor-thread-657#
[XS2CollectSystemParametersStep] Deployed MTA version: "0.0.1"#
#2026 03 05 11:46:53.108#Z#DEBUG#0066f6cb-1889-11f1-a16f-eeee0a90b015.OPERATION#flowable-async-job-executor-thread-657#
[XS2CollectSystemParametersStep] MTA accepted for deployment#
#2026 03 05 11:46:53.108#Z#DEBUG#0066f6cb-1889-11f1-a16f-eeee0a90b015.OPERATION#flowable-async-job-executor-thread-657#
[XS2CollectSystemParametersStep] System parameters collected#
#2026 03 05 11:46:53.109#Z#DEBUG#0066f6cb-1889-11f1-a16f-eeee0a90b015.OPERATION#flowable-async-job-executor-thread-657#
Step "Collect System Parameters" finished#
#2026 03 05 11:46:53.140#Z#DEBUG#0066f6cb-1889-11f1-a16f-eeee0a90b015.OPERATION#flowable-async-job-executor-thread-660#
[ProcessDescriptorStep] Executing task "processDescriptorTask" of process "0066f6ed-1889-11f1-a16f-eeee0a90b015"...#
#2026 03 05 11:46:53.141#Z#DEBUG#0066f6cb-1889-11f1-a16f-eeee0a90b015.OPERATION#flowable-async-job-executor-thread-660#
[ProcessDescriptorStep] Resolving properties and parameters in merged descriptor...#
#2026 03 05 11:46:53.144#Z#DEBUG#0066f6cb-1889-11f1-a16f-eeee0a90b015.OPERATION#flowable-async-job-executor-thread-660#
[ProcessDescriptorStep] Subscriptions: [ ]#
#2026 03 05 11:46:53.144#Z#DEBUG#0066f6cb-1889-11f1-a16f-eeee0a90b015.OPERATION#flowable-async-job-executor-thread-660#
[ProcessDescriptorStep] MTA modules: [c25c385-2-approuter, C25C385-2_ui_deployer]#
#2026 03 05 11:46:53.145#Z#DEBUG#0066f6cb-1889-11f1-a16f-eeee0a90b015.OPERATION#flowable-async-job-executor-thread-660#
[ProcessDescriptorStep] Resolved deployment descriptor: {
  "majorSchemaVersion" : 3,
  "schemaVersion" : "3.2.0",
  "id" : "C25C385-2",
  "version" : "0.0.1",
  "modules" : [ {
    "majorSchemaVersion" : 3,
    "name" : "c25c385-2-approuter",
    "type" : "javascript.nodejs",
    "path" : "c25c385-2-approuter",
    "properties" : { },
    "parameters" : {
      "default-url" : "https://11700c7ftrial-dev-c25c385-2-approuter.cfapps.us10-001.hana.ondemand.com",
      "default-app-name" : "c25c385-2-approuter",
      "generated-password" : "********",
      "default-live-url" : "https://11700c7ftrial-dev-c25c385-2-approuter.cfapps.us10-001.hana.ondemand.com",
      "default-uri" : "11700c7ftrial-dev-c25c385-2-approuter.cfapps.us10-001.hana.ondemand.com",
      "memory" : "256M",
      "default-instances" : 1,
      "default-live-host" : "11700c7ftrial-dev-c25c385-2-approuter",
      "instances" : 1,
      "default-host" : "11700c7ftrial-dev-c25c385-2-approuter",
      "app-name" : "c25c385-2-approuter",
      "default-live-uri" : "11700c7ftrial-dev-c25c385-2-approuter.cfapps.us10-001.hana.ondemand.com",
      "protocol" : "https",
      "default-live-app-name" : "c25c385-2-approuter",
      "default-live-domain" : "cfapps.us10-001.hana.ondemand.com",
      "disk-quota" : "256M",
      "domain" : "cfapps.us10-001.hana.ondemand.com",
      "host" : "11700c7ftrial-dev-c25c385-2-approuter",
      "generated-user" : "********"
    },
    "requiredDependencies" : [ {
      "majorSchemaVersion" : 3,
      "name" : "C25C385-2_html_repo_runtime",
      "properties" : { },
      "parameters" : { },
      "propertiesMetadata" : {
        "metadata" : { }
      },
      "parametersMetadata" : {
        "metadata" : { }
      }
    }, {
      "majorSchemaVersion" : 3,
      "name" : "uaa_C25C385-2",
      "properties" : { },
      "parameters" : { },
      "propertiesMetadata" : {
        "metadata" : { }
      },
      "parametersMetadata" : {
        "metadata" : { }
      }
    }, {
      "majorSchemaVersion" : 3,
      "name" : "C25C385-2-destination-service",
      "group" : "destinations",
      "properties" : {
        "name" : "ui5",
        "forwardAuthToken" : "********",
        "url" : "https://ui5.sap.com"
      },
      "parameters" : { },
      "propertiesMetadata" : {
        "metadata" : { }
      },
      "parametersMetadata" : {
        "metadata" : { }
      }
    } ],
    "providedDependencies" : [ {
      "majorSchemaVersion" : 3,
      "name" : "c25c385-2-approuter",
      "isPublic" : false,
      "properties" : { },
      "parameters" : { },
      "propertiesMetadata" : {
        "metadata" : { }
      },
      "parametersMetadata" : {
        "metadata" : { }
      }
    } ],
    "propertiesMetadata" : {
      "metadata" : { }
    },
    "parametersMetadata" : {
      "metadata" : { }
    },
    "hooks" : [ ]
  }, {
    "majorSchemaVersion" : 3,
    "name" : "C25C385-2_ui_deployer",
    "type" : "com.sap.application.content",
    "path" : "C25C385-2_ui_deployer",
    "properties" : { },
    "parameters" : {
      "default-url" : "https://11700c7ftrial-dev-c25c385-2-ui-deployer.cfapps.us10-001.hana.ondemand.com",
      "default-app-name" : "C25C385-2_ui_deployer",
      "generated-password" : "********",
      "default-live-url" : "https://11700c7ftrial-dev-c25c385-2-ui-deployer.cfapps.us10-001.hana.ondemand.com",
      "default-uri" : "11700c7ftrial-dev-c25c385-2-ui-deployer.cfapps.us10-001.hana.ondemand.com",
      "default-instances" : 1,
      "default-live-host" : "11700c7ftrial-dev-c25c385-2-ui-deployer",
      "instances" : 1,
      "default-host" : "11700c7ftrial-dev-c25c385-2-ui-deployer",
      "app-name" : "C25C385-2_ui_deployer",
      "default-live-uri" : "11700c7ftrial-dev-c25c385-2-ui-deployer.cfapps.us10-001.hana.ondemand.com",
      "protocol" : "https",
      "default-live-app-name" : "C25C385-2_ui_deployer",
      "default-live-domain" : "cfapps.us10-001.hana.ondemand.com",
      "domain" : "cfapps.us10-001.hana.ondemand.com",
      "host" : "11700c7ftrial-dev-c25c385-2-ui-deployer",
      "generated-user" : "********"
    },
    "requiredDependencies" : [ {
      "majorSchemaVersion" : 3,
      "name" : "C25C385-2_html_repo_host",
      "properties" : { },
      "parameters" : {
        "content-target" : true
      },
      "propertiesMetadata" : {
        "metadata" : { }
      },
      "parametersMetadata" : {
        "metadata" : { }
      }
    } ],
    "providedDependencies" : [ {
      "majorSchemaVersion" : 3,
      "name" : "C25C385-2_ui_deployer",
      "isPublic" : false,
      "properties" : { },
      "parameters" : { },
      "propertiesMetadata" : {
        "metadata" : { }
      },
      "parametersMetadata" : {
        "metadata" : { }
      }
    } ],
    "propertiesMetadata" : {
      "metadata" : { }
    },
    "parametersMetadata" : {
      "metadata" : { }
    },
    "hooks" : [ ]
  } ],
  "resources" : [ {
    "majorSchemaVersion" : 3,
    "name" : "C25C385-2_html_repo_runtime",
    "type" : "org.cloudfoundry.managed-service",
    "properties" : { },
    "parameters" : {
      "generated-password" : "********",
      "service-name" : "C25C385-2_html_repo_runtime",
      "service-plan" : "app-runtime",
      "service" : "html5-apps-repo",
      "generated-user" : "********",
      "default-xsappname" : "C25C385-2_html_repo_runtime",
      "type" : "managed-service",
      "default-service-name" : "C25C385-2_html_repo_runtime",
      "default-container-name" : "11700C7FTRIAL_DEV_C25C385_2_HTML_REPO_RUNTIME"
    },
    "isActive" : true,
    "isOptional" : false,
    "propertiesMetadata" : {
      "metadata" : { }
    },
    "parametersMetadata" : {
      "metadata" : { }
    },
    "requiredDependencies" : [ ],
    "processedAfter" : [ ]
  }, {
    "majorSchemaVersion" : 3,
    "name" : "uaa_C25C385-2",
    "type" : "org.cloudfoundry.managed-service",
    "properties" : { },
    "parameters" : {
      "generated-password" : "********",
      "path" : "./xs-security.json",
      "service-name" : "C25C385-2-xsuaa-service",
      "service-plan" : "application",
      "service" : "xsuaa",
      "generated-user" : "********",
      "default-xsappname" : "uaa_C25C385-2",
      "type" : "managed-service",
      "default-service-name" : "uaa_C25C385-2",
      "default-container-name" : "11700C7FTRIAL_DEV_UAA_C25C385_2"
    },
    "isActive" : true,
    "isOptional" : false,
    "propertiesMetadata" : {
      "metadata" : { }
    },
    "parametersMetadata" : {
      "metadata" : { }
    },
    "requiredDependencies" : [ ],
    "processedAfter" : [ ]
  }, {
    "majorSchemaVersion" : 3,
    "name" : "C25C385-2_html_repo_host",
    "type" : "org.cloudfoundry.managed-service",
    "properties" : { },
    "parameters" : {
      "generated-password" : "********",
      "service-name" : "C25C385-2_html_repo_host",
      "service-plan" : "app-host",
      "service" : "html5-apps-repo",
      "generated-user" : "********",
      "default-xsappname" : "C25C385-2_html_repo_host",
      "type" : "managed-service",
      "default-service-name" : "C25C385-2_html_repo_host",
      "default-container-name" : "11700C7FTRIAL_DEV_C25C385_2_HTML_REPO_HOST"
    },
    "isActive" : true,
    "isOptional" : false,
    "propertiesMetadata" : {
      "metadata" : { }
    },
    "parametersMetadata" : {
      "metadata" : { }
    },
    "requiredDependencies" : [ ],
    "processedAfter" : [ ]
  }, {
    "majorSchemaVersion" : 3,
    "name" : "C25C385-2-destination-service",
    "type" : "org.cloudfoundry.managed-service",
    "properties" : { },
    "parameters" : {
      "generated-password" : "********",
      "service-name" : "C25C385-2-destination-service",
      "service-plan" : "lite",
      "service" : "destination",
      "generated-user" : "********",
      "default-xsappname" : "C25C385-2-destination-service",
      "type" : "managed-service",
      "config" : {
        "HTML5Runtime_enabled" : false,
        "init_data" : {
          "instance" : {
            "destinations" : [ {
              "Authentication" : "********",
              "Name" : "ui5",
              "ProxyType" : "Internet",
              "Type" : "HTTP",
              "URL" : "https://ui5.sap.com"
            } ],
            "existing_destinations_policy" : "update"
          }
        },
        "version" : "1.0.0"
      },
      "default-service-name" : "C25C385-2-destination-service",
      "default-container-name" : "11700C7FTRIAL_DEV_C25C385_2_DESTINATION_SERVICE"
    },
    "isActive" : true,
    "isOptional" : false,
    "propertiesMetadata" : {
      "metadata" : { }
    },
    "parametersMetadata" : {
      "metadata" : { }
    },
    "requiredDependencies" : [ ],
    "processedAfter" : [ ]
  } ],
  "parameters" : {
    "deploy_mode" : "html5-repo",
    "mta-id" : "C25C385-2",
    "authorization-url" : "********",
    "org-guid" : "8238f1fb-8f20-4d39-bbe4-d0aad84719cc",
    "org" : "11700c7ftrial",
    "deploy-target" : "11700c7ftrial dev",
    "enable-parallel-deployments" : true,
    "region-primary-domain" : "us10.hana.ondemand.com",
    "space" : "dev",
    "region-domain" : "us10-001.hana.ondemand.com",
    "xs-api-url" : "https://api.cf.us10-001.hana.ondemand.com",
    "deploy-url" : "deploy-service.cfapps.us10-001.hana.ondemand.com",
    "xs-type" : "CF",
    "default-domain" : "cfapps.us10-001.hana.ondemand.com",
    "mta-version" : "0.0.1",
    "xs-auth-url" : "********",
    "space-guid" : "5037a745-9210-4b21-989a-fd56e4b52f02",
    "user" : "********",
    "controller-url" : "https://api.cf.us10-001.hana.ondemand.com",
    "timestamp" : "20260305114652"
  },
  "parametersMetadata" : {
    "metadata" : { }
  }
}#
#2026 03 05 11:46:53.145#Z#DEBUG#0066f6cb-1889-11f1-a16f-eeee0a90b015.OPERATION#flowable-async-job-executor-thread-660#
[ProcessDescriptorStep] Merged descriptor properties and parameters resolved#
#2026 03 05 11:46:53.145#Z#DEBUG#0066f6cb-1889-11f1-a16f-eeee0a90b015.OPERATION#flowable-async-job-executor-thread-660#
Step "Process Descriptor Step" finished#
#2026 03 05 11:46:53.174#Z#DEBUG#0066f6cb-1889-11f1-a16f-eeee0a90b015.OPERATION#flowable-async-job-executor-thread-661#
[XS2BuildCloudDeployModelStep] Executing task "buildDeployModelTask" of process "0066f6ed-1889-11f1-a16f-eeee0a90b015"...#
#2026 03 05 11:46:53.176#Z#DEBUG#0066f6cb-1889-11f1-a16f-eeee0a90b015.OPERATION#flowable-async-job-executor-thread-661#
[XS2BuildCloudDeployModelStep] Service keys defined for content deployment grouped by service name: {
  "C25C385-2_html_repo_host" : [ {
    "name" : "********",
    "v3Metadata" : {
      "annotations" : {
        "mta_id" : "C25C385-2",
        "mta_version" : "0.0.1"
      },
      "labels" : {
        "mta_id" : "40805187a127b22dc1483882242e6804",
        "space_guid" : "5037a745-9210-4b21-989a-fd56e4b52f02"
      }
    },
    "credentials" : "********",
    "moduleName" : "C25C385-2_ui_deployer",
    "resourceName" : "C25C385-2_html_repo_host",
    "serviceInstance" : {
      "isOptional" : false,
      "isManaged" : false,
      "name" : "C25C385-2_html_repo_host",
      "credentials" : "********",
      "tags" : [ ],
      "shouldSkipParametersUpdate" : false,
      "shouldSkipPlanUpdate" : false,
      "shouldSkipTagsUpdate" : false,
      "shouldSkipSyslogUrlUpdate" : false
    },
    "shouldDeleteServiceKeyAfterDeploy" : "********",
    "resourceType" : "org.cloudfoundry.managed-service"
  } ]
}#
#2026 03 05 11:46:53.176#Z#DEBUG#0066f6cb-1889-11f1-a16f-eeee0a90b015.OPERATION#flowable-async-job-executor-thread-661#
[XS2BuildCloudDeployModelStep] Building cloud deployment model...#
#2026 03 05 11:46:53.180#Z#DEBUG#0066f6cb-1889-11f1-a16f-eeee0a90b015.OPERATION#flowable-async-job-executor-thread-661#
[XS2BuildCloudDeployModelStep] MTA archive modules: [c25c385-2-approuter, C25C385-2_ui_deployer]#
#2026 03 05 11:46:53.180#Z#DEBUG#0066f6cb-1889-11f1-a16f-eeee0a90b015.OPERATION#flowable-async-job-executor-thread-661#
[XS2BuildCloudDeployModelStep] Deployed modules: [c25c385-2-approuter]#
#2026 03 05 11:46:53.180#Z#DEBUG#0066f6cb-1889-11f1-a16f-eeee0a90b015.OPERATION#flowable-async-job-executor-thread-661#
[XS2BuildCloudDeployModelStep] MTA modules: [c25c385-2-approuter, C25C385-2_ui_deployer]#
#2026 03 05 11:46:53.180#Z#DEBUG#0066f6cb-1889-11f1-a16f-eeee0a90b015.OPERATION#flowable-async-job-executor-thread-661#
[XS2BuildCloudDeployModelStep] Service keys to create: {
  "C25C385-2_html_repo_runtime" : [ ],
  "uaa_C25C385-2" : [ ],
  "C25C385-2_html_repo_host" : [ ],
  "C25C385-2-destination-service" : [ ]
}#
#2026 03 05 11:46:53.181#Z#DEBUG#0066f6cb-1889-11f1-a16f-eeee0a90b015.OPERATION#flowable-async-job-executor-thread-661#
[XS2BuildCloudDeployModelStep] Modules to deploy: [{
  "majorSchemaVersion" : 3,
  "name" : "c25c385-2-approuter",
  "type" : "javascript.nodejs",
  "path" : "c25c385-2-approuter",
  "properties" : { },
  "parameters" : {
    "default-url" : "https://11700c7ftrial-dev-c25c385-2-approuter.cfapps.us10-001.hana.ondemand.com",
    "default-app-name" : "c25c385-2-approuter",
    "generated-password" : "********",
    "default-live-url" : "https://11700c7ftrial-dev-c25c385-2-approuter.cfapps.us10-001.hana.ondemand.com",
    "default-uri" : "11700c7ftrial-dev-c25c385-2-approuter.cfapps.us10-001.hana.ondemand.com",
    "memory" : "256M",
    "default-instances" : 1,
    "default-live-host" : "11700c7ftrial-dev-c25c385-2-approuter",
    "instances" : 1,
    "default-host" : "11700c7ftrial-dev-c25c385-2-approuter",
    "app-name" : "c25c385-2-approuter",
    "default-live-uri" : "11700c7ftrial-dev-c25c385-2-approuter.cfapps.us10-001.hana.ondemand.com",
    "protocol" : "https",
    "default-live-app-name" : "c25c385-2-approuter",
    "default-live-domain" : "cfapps.us10-001.hana.ondemand.com",
    "disk-quota" : "256M",
    "dependency-type" : "soft",
    "domain" : "cfapps.us10-001.hana.ondemand.com",
    "host" : "11700c7ftrial-dev-c25c385-2-approuter",
    "generated-user" : "********"
  },
  "requiredDependencies" : [ {
    "majorSchemaVersion" : 3,
    "name" : "C25C385-2_html_repo_runtime",
    "properties" : { },
    "parameters" : { },
    "propertiesMetadata" : {
      "metadata" : { }
    },
    "parametersMetadata" : {
      "metadata" : { }
    }
  }, {
    "majorSchemaVersion" : 3,
    "name" : "uaa_C25C385-2",
    "properties" : { },
    "parameters" : { },
    "propertiesMetadata" : {
      "metadata" : { }
    },
    "parametersMetadata" : {
      "metadata" : { }
    }
  }, {
    "majorSchemaVersion" : 3,
    "name" : "C25C385-2-destination-service",
    "group" : "destinations",
    "properties" : {
      "name" : "ui5",
      "forwardAuthToken" : "********",
      "url" : "https://ui5.sap.com"
    },
    "parameters" : { },
    "propertiesMetadata" : {
      "metadata" : { }
    },
    "parametersMetadata" : {
      "metadata" : { }
    }
  } ],
  "providedDependencies" : [ {
    "majorSchemaVersion" : 3,
    "name" : "c25c385-2-approuter",
    "isPublic" : false,
    "properties" : { },
    "parameters" : { },
    "propertiesMetadata" : {
      "metadata" : { }
    },
    "parametersMetadata" : {
      "metadata" : { }
    }
  } ],
  "propertiesMetadata" : {
    "metadata" : { }
  },
  "parametersMetadata" : {
    "metadata" : { }
  },
  "deployedAfter" : [ ],
  "hooks" : [ ]
}, {
  "majorSchemaVersion" : 3,
  "name" : "C25C385-2_ui_deployer",
  "type" : "com.sap.application.content",
  "path" : "C25C385-2_ui_deployer",
  "properties" : { },
  "parameters" : {
    "default-url" : "https://11700c7ftrial-dev-c25c385-2-ui-deployer.cfapps.us10-001.hana.ondemand.com",
    "default-app-name" : "C25C385-2_ui_deployer",
    "generated-password" : "********",
    "default-live-url" : "https://11700c7ftrial-dev-c25c385-2-ui-deployer.cfapps.us10-001.hana.ondemand.com",
    "default-uri" : "11700c7ftrial-dev-c25c385-2-ui-deployer.cfapps.us10-001.hana.ondemand.com",
    "default-instances" : 1,
    "default-live-host" : "11700c7ftrial-dev-c25c385-2-ui-deployer",
    "instances" : 1,
    "default-host" : "11700c7ftrial-dev-c25c385-2-ui-deployer",
    "app-name" : "C25C385-2_ui_deployer",
    "default-live-uri" : "11700c7ftrial-dev-c25c385-2-ui-deployer.cfapps.us10-001.hana.ondemand.com",
    "protocol" : "https",
    "default-live-app-name" : "C25C385-2_ui_deployer",
    "default-live-domain" : "cfapps.us10-001.hana.ondemand.com",
    "dependency-type" : "soft",
    "domain" : "cfapps.us10-001.hana.ondemand.com",
    "host" : "11700c7ftrial-dev-c25c385-2-ui-deployer",
    "generated-user" : "********"
  },
  "requiredDependencies" : [ {
    "majorSchemaVersion" : 3,
    "name" : "C25C385-2_html_repo_host",
    "properties" : { },
    "parameters" : {
      "content-target" : true
    },
    "propertiesMetadata" : {
      "metadata" : { }
    },
    "parametersMetadata" : {
      "metadata" : { }
    }
  } ],
  "providedDependencies" : [ {
    "majorSchemaVersion" : 3,
    "name" : "C25C385-2_ui_deployer",
    "isPublic" : false,
    "properties" : { },
    "parameters" : { },
    "propertiesMetadata" : {
      "metadata" : { }
    },
    "parametersMetadata" : {
      "metadata" : { }
    }
  } ],
  "propertiesMetadata" : {
    "metadata" : { }
  },
  "parametersMetadata" : {
    "metadata" : { }
  },
  "deployedAfter" : [ ],
  "hooks" : [ ]
}]#
#2026 03 05 11:46:53.181#Z#DEBUG#0066f6cb-1889-11f1-a16f-eeee0a90b015.OPERATION#flowable-async-job-executor-thread-661#
[XS2BuildCloudDeployModelStep] Custom domains: []#
#2026 03 05 11:46:53.181#Z#DEBUG#0066f6cb-1889-11f1-a16f-eeee0a90b015.OPERATION#flowable-async-job-executor-thread-661#
[XS2BuildCloudDeployModelStep] Calculating resource batches...#
#2026 03 05 11:46:53.182#Z#DEBUG#0066f6cb-1889-11f1-a16f-eeee0a90b015.OPERATION#flowable-async-job-executor-thread-661#
[XS2BuildCloudDeployModelStep] Calculating resource batches completed.#
#2026 03 05 11:46:53.182#Z#DEBUG#0066f6cb-1889-11f1-a16f-eeee0a90b015.OPERATION#flowable-async-job-executor-thread-661#
[XS2BuildCloudDeployModelStep] Cloud deployment model built#
#2026 03 05 11:46:53.182#Z#DEBUG#0066f6cb-1889-11f1-a16f-eeee0a90b015.OPERATION#flowable-async-job-executor-thread-661#
Step "Build Deploy Model" finished#
#2026 03 05 11:46:53.217#Z#DEBUG#0066f6cb-1889-11f1-a16f-eeee0a90b015.OPERATION#flowable-async-job-executor-thread-654#
[BuildCloudUndeployModelStep] Executing task "buildUndeployModelTask" of process "0066f6ed-1889-11f1-a16f-eeee0a90b015"...#
#2026 03 05 11:46:53.218#Z#DEBUG#0066f6cb-1889-11f1-a16f-eeee0a90b015.OPERATION#flowable-async-job-executor-thread-654#
[BuildCloudUndeployModelStep] Building cloud undeployment model...#
#2026 03 05 11:46:53.219#Z#DEBUG#0066f6cb-1889-11f1-a16f-eeee0a90b015.OPERATION#flowable-async-job-executor-thread-654#
[BuildCloudUndeployModelStep] Detecting service keys to delete.#
#2026 03 05 11:46:53.220#Z#DEBUG#0066f6cb-1889-11f1-a16f-eeee0a90b015.OPERATION#flowable-async-job-executor-thread-654#
[BuildCloudUndeployModelStep] Detected deployed service keys by service "{C25C385-2_html_repo_host=[DeployedMtaServiceKey{name=C25C385-2_ui_deployer-C25C385-2_html_repo_host-credentials, metadata=CloudMetadata{guid=f71daf4b-01a8-4e87-8636-ce379409fb64, createdAt=2026-03-05T11:19:29, updatedAt=2026-03-05T11:19:30, url=null}, v3Metadata=Metadata{annotations={mta_id=C25C385-2, mta_version=0.0.1}, labels={mta_id=40805187a127b22dc1483882242e6804, space_guid=5037a745-9210-4b21-989a-fd56e4b52f02}}, credentials=null, serviceInstance=CloudServiceInstance{name=C25C385-2_html_repo_host, metadata=CloudMetadata{guid=e3058e7a-3f25-4951-a89f-32d71b0d915d, createdAt=2026-03-05T11:19:17, updatedAt=2026-03-05T11:19:18, url=null}, v3Metadata=Metadata{annotations={mta_id=C25C385-2, mta_version=0.0.1, mta_resource={"name":"C25C385-2_html_repo_host"}}, labels={mta_id=40805187a127b22dc1483882242e6804}}, label=null, plan=null, provider=null, broker=null, version=null, credentials={}, syslogDrainUrl=null, tags=[], type=managed, lastOperation=null}, serviceKeyOperation=null, resourceName=null}]}"#
#2026 03 05 11:46:53.222#Z#DEBUG#0066f6cb-1889-11f1-a16f-eeee0a90b015.OPERATION#flowable-async-job-executor-thread-654#
[BuildCloudUndeployModelStep] New service keys by service "{C25C385-2_html_repo_host=[C25C385-2_ui_deployer-C25C385-2_html_repo_host-credentials]}"#
#2026 03 05 11:46:53.223#Z#DEBUG#0066f6cb-1889-11f1-a16f-eeee0a90b015.OPERATION#flowable-async-job-executor-thread-654#
[BuildCloudUndeployModelStep] Existing service keys by service "{}"#
#2026 03 05 11:46:53.223#Z#DEBUG#0066f6cb-1889-11f1-a16f-eeee0a90b015.OPERATION#flowable-async-job-executor-thread-654#
[BuildCloudUndeployModelStep] Detected service keys to delete "[]"#
#2026 03 05 11:46:53.226#Z#DEBUG#0066f6cb-1889-11f1-a16f-eeee0a90b015.OPERATION#flowable-async-job-executor-thread-654#
[BuildCloudUndeployModelStep] MTA modules: [c25c385-2-approuter, C25C385-2_ui_deployer]#
#2026 03 05 11:46:53.226#Z#DEBUG#0066f6cb-1889-11f1-a16f-eeee0a90b015.OPERATION#flowable-async-job-executor-thread-654#
[BuildCloudUndeployModelStep] Modules to undeploy: [ ]#
#2026 03 05 11:46:53.226#Z#DEBUG#0066f6cb-1889-11f1-a16f-eeee0a90b015.OPERATION#flowable-async-job-executor-thread-654#
[BuildCloudUndeployModelStep] Modules that won't be changed: [ ]#
#2026 03 05 11:46:53.227#Z#DEBUG#0066f6cb-1889-11f1-a16f-eeee0a90b015.OPERATION#flowable-async-job-executor-thread-654#
[BuildCloudUndeployModelStep] Subscriptions to delete: [ ]#
#2026 03 05 11:46:53.229#Z#DEBUG#0066f6cb-1889-11f1-a16f-eeee0a90b015.OPERATION#flowable-async-job-executor-thread-654#
[BuildCloudUndeployModelStep] Cloud services to delete: []#
#2026 03 05 11:46:53.229#Z#DEBUG#0066f6cb-1889-11f1-a16f-eeee0a90b015.OPERATION#flowable-async-job-executor-thread-654#
[BuildCloudUndeployModelStep] Cloud applications to undeploy: [ ]#
#2026 03 05 11:46:53.231#Z#DEBUG#0066f6cb-1889-11f1-a16f-eeee0a90b015.OPERATION#flowable-async-job-executor-thread-654#
[BuildCloudUndeployModelStep] Cloud undeployment model built#
#2026 03 05 11:46:53.231#Z#DEBUG#0066f6cb-1889-11f1-a16f-eeee0a90b015.OPERATION#flowable-async-job-executor-thread-654#
Step "Build Undeploy Model" finished#
#2026 03 05 11:46:53.266#Z#DEBUG#0066f6cb-1889-11f1-a16f-eeee0a90b015.OPERATION#flowable-async-job-executor-thread-652#
[AddDomainsStep] Executing task "addDomainsTask" of process "0066f6ed-1889-11f1-a16f-eeee0a90b015"...#
#2026 03 05 11:46:53.268#Z#DEBUG#0066f6cb-1889-11f1-a16f-eeee0a90b015.OPERATION#flowable-async-job-executor-thread-652#
[AddDomainsStep] Custom domains: []#
#2026 03 05 11:46:53.268#Z#DEBUG#0066f6cb-1889-11f1-a16f-eeee0a90b015.OPERATION#flowable-async-job-executor-thread-652#
Step "Add Domains" finished#
#2026 03 05 11:46:53.376#Z#DEBUG#0066f6cb-1889-11f1-a16f-eeee0a90b015.OPERATION#flowable-async-job-executor-thread-656#
[ExtractBatchedServicesWithResolvedDynamicParametersStep] Executing task "prepareModulesDeploymentTask" of process "0118bbbf-1889-11f1-a16f-eeee0a90b015"...#
#2026 03 05 11:46:53.377#Z#DEBUG#0066f6cb-1889-11f1-a16f-eeee0a90b015.OPERATION#flowable-async-job-executor-thread-656#
[ExtractBatchedServicesWithResolvedDynamicParametersStep] Extracting services and resolving dynamic parameters from batch#
#2026 03 05 11:46:53.377#Z#DEBUG#0066f6cb-1889-11f1-a16f-eeee0a90b015.OPERATION#flowable-async-job-executor-thread-656#
[ExtractBatchedServicesWithResolvedDynamicParametersStep] Services to create: [ {
  "isOptional" : false,
  "isManaged" : true,
  "name" : "C25C385-2_html_repo_runtime",
  "v3Metadata" : {
    "annotations" : {
      "mta_id" : "C25C385-2",
      "mta_version" : "0.0.1",
      "mta_resource" : "{\"name\":\"C25C385-2_html_repo_runtime\"}"
    },
    "labels" : {
      "mta_id" : "40805187a127b22dc1483882242e6804"
    }
  },
  "label" : "html5-apps-repo",
  "plan" : "app-runtime",
  "credentials" : "********",
  "tags" : [ ],
  "type" : "managed",
  "resourceName" : "C25C385-2_html_repo_runtime",
  "shouldSkipParametersUpdate" : false,
  "shouldSkipPlanUpdate" : false,
  "shouldSkipTagsUpdate" : false,
  "shouldSkipSyslogUrlUpdate" : false
}, {
  "isOptional" : false,
  "isManaged" : true,
  "name" : "C25C385-2-xsuaa-service",
  "v3Metadata" : {
    "annotations" : {
      "mta_id" : "C25C385-2",
      "mta_version" : "0.0.1",
      "mta_resource" : "{\"name\":\"uaa_C25C385-2\"}"
    },
    "labels" : {
      "mta_id" : "40805187a127b22dc1483882242e6804"
    }
  },
  "label" : "xsuaa",
  "plan" : "application",
  "credentials" : "********",
  "tags" : [ ],
  "type" : "managed",
  "resourceName" : "uaa_C25C385-2",
  "shouldSkipParametersUpdate" : false,
  "shouldSkipPlanUpdate" : false,
  "shouldSkipTagsUpdate" : false,
  "shouldSkipSyslogUrlUpdate" : false
}, {
  "isOptional" : false,
  "isManaged" : true,
  "name" : "C25C385-2_html_repo_host",
  "v3Metadata" : {
    "annotations" : {
      "mta_id" : "C25C385-2",
      "mta_version" : "0.0.1",
      "mta_resource" : "{\"name\":\"C25C385-2_html_repo_host\"}"
    },
    "labels" : {
      "mta_id" : "40805187a127b22dc1483882242e6804"
    }
  },
  "label" : "html5-apps-repo",
  "plan" : "app-host",
  "credentials" : "********",
  "tags" : [ ],
  "type" : "managed",
  "resourceName" : "C25C385-2_html_repo_host",
  "shouldSkipParametersUpdate" : false,
  "shouldSkipPlanUpdate" : false,
  "shouldSkipTagsUpdate" : false,
  "shouldSkipSyslogUrlUpdate" : false
}, {
  "isOptional" : false,
  "isManaged" : true,
  "name" : "C25C385-2-destination-service",
  "v3Metadata" : {
    "annotations" : {
      "mta_id" : "C25C385-2",
      "mta_version" : "0.0.1",
      "mta_resource" : "{\"name\":\"C25C385-2-destination-service\"}"
    },
    "labels" : {
      "mta_id" : "40805187a127b22dc1483882242e6804"
    }
  },
  "label" : "destination",
  "plan" : "lite",
  "credentials" : "********",
  "tags" : [ ],
  "type" : "managed",
  "resourceName" : "C25C385-2-destination-service",
  "shouldSkipParametersUpdate" : false,
  "shouldSkipPlanUpdate" : false,
  "shouldSkipTagsUpdate" : false,
  "shouldSkipSyslogUrlUpdate" : false
} ]#
#2026 03 05 11:46:53.378#Z#DEBUG#0066f6cb-1889-11f1-a16f-eeee0a90b015.OPERATION#flowable-async-job-executor-thread-656#
Step "Extract Services with Resolved Dynamic parameters from batch" finished#
#2026 03 05 11:46:53.472#Z#DEBUG#0066f6cb-1889-11f1-a16f-eeee0a90b015.OPERATION#flowable-async-job-executor-thread-654#
[CheckServiceOperationStateStep] Executing task "CheckServiceOperationStateTask" of process "0129f911-1889-11f1-a16f-eeee0a90b015"...#
#2026 03 05 11:46:53.472#Z#DEBUG#0066f6cb-1889-11f1-a16f-eeee0a90b015.OPERATION#flowable-async-job-executor-thread-654#
[CheckServiceOperationStateStep] Getting service instance "C25C385-2_html_repo_host"...#
#2026 03 05 11:46:53.616#Z#DEBUG#0066f6cb-1889-11f1-a16f-eeee0a90b015.OPERATION#flowable-async-job-executor-thread-654#
Step "Check for service operations in Progress" finished#
#2026 03 05 11:46:53.583#Z#DEBUG#0066f6cb-1889-11f1-a16f-eeee0a90b015.OPERATION#flowable-async-job-executor-thread-2176#
[CheckServiceOperationStateStep] Executing task "CheckServiceOperationStateTask" of process "0137dbeb-1889-11f1-a181-eeee0a85159a"...#
#2026 03 05 11:46:53.583#Z#DEBUG#0066f6cb-1889-11f1-a16f-eeee0a90b015.OPERATION#flowable-async-job-executor-thread-2176#
[CheckServiceOperationStateStep] Getting service instance "C25C385-2-xsuaa-service"...#
#2026 03 05 11:46:53.725#Z#DEBUG#0066f6cb-1889-11f1-a16f-eeee0a90b015.OPERATION#flowable-async-job-executor-thread-2176#
Step "Check for service operations in Progress" finished#
#2026 03 05 11:46:53.645#Z#DEBUG#0066f6cb-1889-11f1-a16f-eeee0a90b015.OPERATION#flowable-async-job-executor-thread-654#
[DetermineServiceCreateUpdateServiceActionsStep] Executing task "DetermineServiceCreateUpdateActionsTask" of process "0129f911-1889-11f1-a16f-eeee0a90b015"...#
#2026 03 05 11:46:53.646#Z#INFO#0066f6cb-1889-11f1-a16f-eeee0a90b015.OPERATION#flowable-async-job-executor-thread-654#
[DetermineServiceCreateUpdateServiceActionsStep] Processing service "C25C385-2_html_repo_host"...#
#2026 03 05 11:46:53.651#Z#DEBUG#0066f6cb-1889-11f1-a16f-eeee0a90b015.OPERATION#flowable-async-job-executor-thread-654#
[DetermineServiceCreateUpdateServiceActionsStep] Getting service instance "C25C385-2_html_repo_host"...#
#2026 03 05 11:46:53.793#Z#DEBUG#0066f6cb-1889-11f1-a16f-eeee0a90b015.OPERATION#flowable-async-job-executor-thread-654#
[DetermineServiceCreateUpdateServiceActionsStep] Existing service: {
  "name" : "C25C385-2_html_repo_host",
  "metadata" : {
    "guid" : "e3058e7a-3f25-4951-a89f-32d71b0d915d",
    "createdAt" : [ 2026, 3, 5, 11, 19, 17 ],
    "updatedAt" : [ 2026, 3, 5, 11, 19, 18 ]
  },
  "v3Metadata" : {
    "annotations" : {
      "mta_id" : "C25C385-2",
      "mta_version" : "0.0.1",
      "mta_resource" : "{\"name\":\"C25C385-2_html_repo_host\"}"
    },
    "labels" : {
      "mta_id" : "40805187a127b22dc1483882242e6804"
    }
  },
  "label" : "html5-apps-repo",
  "plan" : "app-host",
  "credentials" : "********",
  "tags" : [ ],
  "type" : "managed",
  "lastOperation" : {
    "type" : "CREATE",
    "description" : "",
    "state" : "SUCCEEDED"
  }
}#
#2026 03 05 11:46:53.793#Z#WARN#0066f6cb-1889-11f1-a16f-eeee0a90b015.OPERATION#flowable-async-job-executor-thread-654#
[DetermineServiceCreateUpdateServiceActionsStep] Service parameters for service "C25C385-2_html_repo_host" will not be updated, as the parameters are not defined or empty.#
#2026 03 05 11:46:53.793#Z#DEBUG#0066f6cb-1889-11f1-a16f-eeee0a90b015.OPERATION#flowable-async-job-executor-thread-654#
Step "Determine update actions" finished#
#2026 03 05 11:46:53.835#Z#DEBUG#0066f6cb-1889-11f1-a16f-eeee0a90b015.OPERATION#flowable-async-job-executor-thread-654#
[CheckForServiceBindingOrKeyOperationStep] Executing task "CheckForServiceBindingOrKeyCreation" of process "0129f911-1889-11f1-a16f-eeee0a90b015"...#
#2026 03 05 11:46:53.837#Z#DEBUG#0066f6cb-1889-11f1-a16f-eeee0a90b015.OPERATION#flowable-async-job-executor-thread-654#
Step "Check for service binding or key creation" finished#
#2026 03 05 11:46:53.764#Z#DEBUG#0066f6cb-1889-11f1-a16f-eeee0a90b015.OPERATION#flowable-async-job-executor-thread-2174#
[DetermineServiceCreateUpdateServiceActionsStep] Executing task "DetermineServiceCreateUpdateActionsTask" of process "0137dbeb-1889-11f1-a181-eeee0a85159a"...#
#2026 03 05 11:46:53.765#Z#INFO#0066f6cb-1889-11f1-a16f-eeee0a90b015.OPERATION#flowable-async-job-executor-thread-2174#
[DetermineServiceCreateUpdateServiceActionsStep] Processing service "C25C385-2-xsuaa-service"...#
#2026 03 05 11:46:53.771#Z#DEBUG#0066f6cb-1889-11f1-a16f-eeee0a90b015.OPERATION#flowable-async-job-executor-thread-2174#
[DetermineServiceCreateUpdateServiceActionsStep] Getting service instance "C25C385-2-xsuaa-service"...#
#2026 03 05 11:46:53.905#Z#INFO#0066f6cb-1889-11f1-a16f-eeee0a90b015.OPERATION#flowable-async-job-executor-thread-2174#
[DetermineServiceCreateUpdateServiceActionsStep] Setting service "C25C385-2-xsuaa-service" parameters from "xs-security.json"#
#2026 03 05 11:46:53.951#Z#DEBUG#0066f6cb-1889-11f1-a16f-eeee0a90b015.OPERATION#flowable-async-job-executor-thread-2174#
[DetermineServiceCreateUpdateServiceActionsStep] Existing service: {
  "name" : "C25C385-2-xsuaa-service",
  "metadata" : {
    "guid" : "ffdae91a-0a54-4be2-a103-340406b0d034",
    "createdAt" : [ 2026, 3, 5, 11, 19, 14 ],
    "updatedAt" : [ 2026, 3, 5, 11, 19, 15 ]
  },
  "v3Metadata" : {
    "annotations" : {
      "mta_id" : "C25C385-2",
      "mta_version" : "0.0.1",
      "mta_resource" : "{\"name\":\"uaa_C25C385-2\"}"
    },
    "labels" : {
      "mta_id" : "40805187a127b22dc1483882242e6804"
    }
  },
  "label" : "xsuaa",
  "plan" : "application",
  "credentials" : "********",
  "tags" : [ ],
  "type" : "managed",
  "lastOperation" : {
    "type" : "UPDATE",
    "description" : "",
    "state" : "SUCCEEDED"
  }
}#
#2026 03 05 11:46:53.952#Z#DEBUG#0066f6cb-1889-11f1-a16f-eeee0a90b015.OPERATION#flowable-async-job-executor-thread-2174#
[DetermineServiceCreateUpdateServiceActionsStep] Service parameters will be updated#
#2026 03 05 11:46:53.952#Z#DEBUG#0066f6cb-1889-11f1-a16f-eeee0a90b015.OPERATION#flowable-async-job-executor-thread-2174#
[DetermineServiceCreateUpdateServiceActionsStep] New parameters: {
  "description" : "Security profile of called application",
  "role-templates" : [ {
    "name" : "********",
    "description" : "UAA",
    "scope-references" : [ "********" ]
  } ],
  "scopes" : [ {
    "name" : "********",
    "description" : "UAA"
  } ],
  "tenant-mode" : "dedicated",
  "xsappname" : "c25c385-2"
}#
#2026 03 05 11:46:53.952#Z#DEBUG#0066f6cb-1889-11f1-a16f-eeee0a90b015.OPERATION#flowable-async-job-executor-thread-2174#
Step "Determine update actions" finished#
#2026 03 05 11:46:54.006#Z#DEBUG#0066f6cb-1889-11f1-a16f-eeee0a90b015.OPERATION#flowable-async-job-executor-thread-2174#
[CheckForServiceBindingOrKeyOperationStep] Executing task "CheckForServiceBindingOrKeyCreation" of process "0137dbeb-1889-11f1-a181-eeee0a85159a"...#
#2026 03 05 11:46:54.009#Z#DEBUG#0066f6cb-1889-11f1-a16f-eeee0a90b015.OPERATION#flowable-async-job-executor-thread-2174#
Step "Check for service binding or key creation" finished#
#2026 03 05 11:46:54.050#Z#DEBUG#0066f6cb-1889-11f1-a16f-eeee0a90b015.OPERATION#flowable-async-job-executor-thread-2174#
[UpdateServiceParametersStep] Executing task "UpdateServiceParametersTask" of process "0137dbeb-1889-11f1-a181-eeee0a85159a"...#
#2026 03 05 11:46:54.053#Z#INFO#0066f6cb-1889-11f1-a16f-eeee0a90b015.OPERATION#flowable-async-job-executor-thread-2174#
[UpdateServiceParametersStep] Updating service "C25C385-2-xsuaa-service"...#
#2026 03 05 11:46:54.060#Z#DEBUG#0066f6cb-1889-11f1-a16f-eeee0a90b015.OPERATION#flowable-async-job-executor-thread-2174#
[UpdateServiceParametersStep] Updating service parameters for service "C25C385-2-xsuaa-service"...#
#2026 03 05 11:46:54.160#Z#DEBUG#0066f6cb-1889-11f1-a16f-eeee0a90b015.OPERATION#flowable-async-job-executor-thread-2174#
[UpdateServiceParametersStep] Service "C25C385-2-xsuaa-service" updated#
#2026 03 05 11:46:54.160#Z#DEBUG#0066f6cb-1889-11f1-a16f-eeee0a90b015.OPERATION#flowable-async-job-executor-thread-2174#
[UpdateServiceParametersStep] Triggered service operations: {
  "C25C385-2-xsuaa-service" : "UPDATE"
}#
#2026 03 05 11:46:54.162#Z#DEBUG#0066f6cb-1889-11f1-a16f-eeee0a90b015.OPERATION#flowable-async-job-executor-thread-2174#
Step "Update parameters" finished#
#2026 03 05 11:46:56.556#Z#DEBUG#0066f6cb-1889-11f1-a16f-eeee0a90b015.OPERATION#flowable-async-job-executor-thread-2600#
[CheckServiceOperationStateStep] Executing task "CheckServiceOperationStateTask" of process "0300182b-1889-11f1-9f51-eeee0a9c214e"...#
#2026 03 05 11:46:56.629#Z#DEBUG#0066f6cb-1889-11f1-a16f-eeee0a90b015.OPERATION#flowable-async-job-executor-thread-2600#
[CheckServiceOperationStateStep] Getting service instance "C25C385-2-destination-service"...#
#2026 03 05 11:46:56.792#Z#DEBUG#0066f6cb-1889-11f1-a16f-eeee0a90b015.OPERATION#flowable-async-job-executor-thread-2600#
Step "Check for service operations in Progress" finished#
#2026 03 05 11:46:56.818#Z#DEBUG#0066f6cb-1889-11f1-a16f-eeee0a90b015.OPERATION#flowable-async-job-executor-thread-2600#
[DetermineServiceCreateUpdateServiceActionsStep] Executing task "DetermineServiceCreateUpdateActionsTask" of process "0300182b-1889-11f1-9f51-eeee0a9c214e"...#
#2026 03 05 11:46:56.819#Z#INFO#0066f6cb-1889-11f1-a16f-eeee0a90b015.OPERATION#flowable-async-job-executor-thread-2600#
[DetermineServiceCreateUpdateServiceActionsStep] Processing service "C25C385-2-destination-service"...#
#2026 03 05 11:46:56.823#Z#DEBUG#0066f6cb-1889-11f1-a16f-eeee0a90b015.OPERATION#flowable-async-job-executor-thread-2600#
[DetermineServiceCreateUpdateServiceActionsStep] Getting service instance "C25C385-2-destination-service"...#
#2026 03 05 11:46:56.969#Z#DEBUG#0066f6cb-1889-11f1-a16f-eeee0a90b015.OPERATION#flowable-async-job-executor-thread-2600#
[DetermineServiceCreateUpdateServiceActionsStep] Existing service: {
  "name" : "C25C385-2-destination-service",
  "metadata" : {
    "guid" : "60d43722-561d-449a-ad6c-0a10d3b260f1",
    "createdAt" : [ 2026, 3, 5, 11, 19, 14 ],
    "updatedAt" : [ 2026, 3, 5, 11, 19, 15 ]
  },
  "v3Metadata" : {
    "annotations" : {
      "mta_id" : "C25C385-2",
      "mta_version" : "0.0.1",
      "mta_resource" : "{\"name\":\"C25C385-2-destination-service\"}"
    },
    "labels" : {
      "mta_id" : "40805187a127b22dc1483882242e6804"
    }
  },
  "label" : "destination",
  "plan" : "lite",
  "credentials" : "********",
  "tags" : [ ],
  "type" : "managed",
  "lastOperation" : {
    "type" : "UPDATE",
    "description" : "",
    "state" : "SUCCEEDED"
  }
}#
#2026 03 05 11:46:56.969#Z#DEBUG#0066f6cb-1889-11f1-a16f-eeee0a90b015.OPERATION#flowable-async-job-executor-thread-2600#
[DetermineServiceCreateUpdateServiceActionsStep] Service parameters will be updated#
#2026 03 05 11:46:56.969#Z#DEBUG#0066f6cb-1889-11f1-a16f-eeee0a90b015.OPERATION#flowable-async-job-executor-thread-2600#
[DetermineServiceCreateUpdateServiceActionsStep] New parameters: {
  "HTML5Runtime_enabled" : false,
  "init_data" : {
    "instance" : {
      "destinations" : [ {
        "Authentication" : "********",
        "Name" : "ui5",
        "ProxyType" : "Internet",
        "Type" : "HTTP",
        "URL" : "https://ui5.sap.com"
      } ],
      "existing_destinations_policy" : "update"
    }
  },
  "version" : "1.0.0"
}#
#2026 03 05 11:46:56.969#Z#DEBUG#0066f6cb-1889-11f1-a16f-eeee0a90b015.OPERATION#flowable-async-job-executor-thread-2600#
Step "Determine update actions" finished#
#2026 03 05 11:46:57.011#Z#DEBUG#0066f6cb-1889-11f1-a16f-eeee0a90b015.OPERATION#flowable-async-job-executor-thread-2600#
[CheckForServiceBindingOrKeyOperationStep] Executing task "CheckForServiceBindingOrKeyCreation" of process "0300182b-1889-11f1-9f51-eeee0a9c214e"...#
#2026 03 05 11:46:57.014#Z#DEBUG#0066f6cb-1889-11f1-a16f-eeee0a90b015.OPERATION#flowable-async-job-executor-thread-2600#
Step "Check for service binding or key creation" finished#
#2026 03 05 11:46:57.045#Z#DEBUG#0066f6cb-1889-11f1-a16f-eeee0a90b015.OPERATION#flowable-async-job-executor-thread-2600#
[UpdateServiceParametersStep] Executing task "UpdateServiceParametersTask" of process "0300182b-1889-11f1-9f51-eeee0a9c214e"...#
#2026 03 05 11:46:57.046#Z#INFO#0066f6cb-1889-11f1-a16f-eeee0a90b015.OPERATION#flowable-async-job-executor-thread-2600#
[UpdateServiceParametersStep] Updating service "C25C385-2-destination-service"...#
#2026 03 05 11:46:57.053#Z#DEBUG#0066f6cb-1889-11f1-a16f-eeee0a90b015.OPERATION#flowable-async-job-executor-thread-2600#
[UpdateServiceParametersStep] Updating service parameters for service "C25C385-2-destination-service"...#
#2026 03 05 11:46:57.154#Z#DEBUG#0066f6cb-1889-11f1-a16f-eeee0a90b015.OPERATION#flowable-async-job-executor-thread-2600#
[UpdateServiceParametersStep] Service "C25C385-2-destination-service" updated#
#2026 03 05 11:46:57.154#Z#DEBUG#0066f6cb-1889-11f1-a16f-eeee0a90b015.OPERATION#flowable-async-job-executor-thread-2600#
[UpdateServiceParametersStep] Triggered service operations: {
  "C25C385-2-destination-service" : "UPDATE"
}#
#2026 03 05 11:46:57.156#Z#DEBUG#0066f6cb-1889-11f1-a16f-eeee0a90b015.OPERATION#flowable-async-job-executor-thread-2600#
Step "Update parameters" finished#
#2026 03 05 11:46:59.564#Z#DEBUG#0066f6cb-1889-11f1-a16f-eeee0a90b015.OPERATION#flowable-async-job-executor-thread-666#
[CheckServiceOperationStateStep] Executing task "CheckServiceOperationStateTask" of process "04cbff54-1889-11f1-a16f-eeee0a90b015"...#
#2026 03 05 11:46:59.564#Z#DEBUG#0066f6cb-1889-11f1-a16f-eeee0a90b015.OPERATION#flowable-async-job-executor-thread-666#
[CheckServiceOperationStateStep] Getting service instance "C25C385-2_html_repo_runtime"...#
#2026 03 05 11:46:59.687#Z#DEBUG#0066f6cb-1889-11f1-a16f-eeee0a90b015.OPERATION#flowable-async-job-executor-thread-666#
Step "Check for service operations in Progress" finished#
#2026 03 05 11:46:59.714#Z#DEBUG#0066f6cb-1889-11f1-a16f-eeee0a90b015.OPERATION#flowable-async-job-executor-thread-668#
[DetermineServiceCreateUpdateServiceActionsStep] Executing task "DetermineServiceCreateUpdateActionsTask" of process "04cbff54-1889-11f1-a16f-eeee0a90b015"...#
#2026 03 05 11:46:59.715#Z#INFO#0066f6cb-1889-11f1-a16f-eeee0a90b015.OPERATION#flowable-async-job-executor-thread-668#
[DetermineServiceCreateUpdateServiceActionsStep] Processing service "C25C385-2_html_repo_runtime"...#
#2026 03 05 11:46:59.719#Z#DEBUG#0066f6cb-1889-11f1-a16f-eeee0a90b015.OPERATION#flowable-async-job-executor-thread-668#
[DetermineServiceCreateUpdateServiceActionsStep] Getting service instance "C25C385-2_html_repo_runtime"...#
#2026 03 05 11:46:59.853#Z#DEBUG#0066f6cb-1889-11f1-a16f-eeee0a90b015.OPERATION#flowable-async-job-executor-thread-668#
[DetermineServiceCreateUpdateServiceActionsStep] Existing service: {
  "name" : "C25C385-2_html_repo_runtime",
  "metadata" : {
    "guid" : "dd98f55a-3a03-433d-bcc4-881dca7ee6d4",
    "createdAt" : [ 2026, 3, 5, 11, 19, 11 ],
    "updatedAt" : [ 2026, 3, 5, 11, 19, 12 ]
  },
  "v3Metadata" : {
    "annotations" : {
      "mta_id" : "C25C385-2",
      "mta_version" : "0.0.1",
      "mta_resource" : "{\"name\":\"C25C385-2_html_repo_runtime\"}"
    },
    "labels" : {
      "mta_id" : "40805187a127b22dc1483882242e6804"
    }
  },
  "label" : "html5-apps-repo",
  "plan" : "app-runtime",
  "credentials" : "********",
  "tags" : [ ],
  "type" : "managed",
  "lastOperation" : {
    "type" : "CREATE",
    "description" : "",
    "state" : "SUCCEEDED"
  }
}#
#2026 03 05 11:46:59.854#Z#WARN#0066f6cb-1889-11f1-a16f-eeee0a90b015.OPERATION#flowable-async-job-executor-thread-668#
[DetermineServiceCreateUpdateServiceActionsStep] Service parameters for service "C25C385-2_html_repo_runtime" will not be updated, as the parameters are not defined or empty.#
#2026 03 05 11:46:59.854#Z#DEBUG#0066f6cb-1889-11f1-a16f-eeee0a90b015.OPERATION#flowable-async-job-executor-thread-668#
Step "Determine update actions" finished#
#2026 03 05 11:46:59.893#Z#DEBUG#0066f6cb-1889-11f1-a16f-eeee0a90b015.OPERATION#flowable-async-job-executor-thread-668#
[CheckForServiceBindingOrKeyOperationStep] Executing task "CheckForServiceBindingOrKeyCreation" of process "04cbff54-1889-11f1-a16f-eeee0a90b015"...#
#2026 03 05 11:46:59.894#Z#DEBUG#0066f6cb-1889-11f1-a16f-eeee0a90b015.OPERATION#flowable-async-job-executor-thread-668#
Step "Check for service binding or key creation" finished#
#2026 03 05 11:47:07.845#Z#DEBUG#0066f6cb-1889-11f1-a16f-eeee0a90b015.OPERATION#flowable-async-job-executor-thread-2602#
[UpdateServiceParametersStep] Executing task "UpdateServiceParametersTask" of process "0137dbeb-1889-11f1-a181-eeee0a85159a"...#
#2026 03 05 11:47:07.846#Z#DEBUG#0066f6cb-1889-11f1-a16f-eeee0a90b015.OPERATION#flowable-async-job-executor-thread-2602#
[UpdateServiceParametersStep] Polling service operations...#
#2026 03 05 11:47:07.848#Z#DEBUG#0066f6cb-1889-11f1-a16f-eeee0a90b015.OPERATION#flowable-async-job-executor-thread-2602#
[UpdateServiceParametersStep] Getting service instance "C25C385-2-xsuaa-service"...#
#2026 03 05 11:47:07.890#Z#DEBUG#0066f6cb-1889-11f1-a16f-eeee0a90b015.OPERATION#flowable-async-job-executor-thread-2601#
[UpdateServiceParametersStep] Executing task "UpdateServiceParametersTask" of process "0300182b-1889-11f1-9f51-eeee0a9c214e"...#
#2026 03 05 11:47:07.892#Z#DEBUG#0066f6cb-1889-11f1-a16f-eeee0a90b015.OPERATION#flowable-async-job-executor-thread-2601#
[UpdateServiceParametersStep] Polling service operations...#
#2026 03 05 11:47:07.894#Z#DEBUG#0066f6cb-1889-11f1-a16f-eeee0a90b015.OPERATION#flowable-async-job-executor-thread-2601#
[UpdateServiceParametersStep] Getting service instance "C25C385-2-destination-service"...#
#2026 03 05 11:47:07.994#Z#DEBUG#0066f6cb-1889-11f1-a16f-eeee0a90b015.OPERATION#flowable-async-job-executor-thread-2602#
[UpdateServiceParametersStep] Last operation for service "C25C385-2-xsuaa-service": {
  "type" : "UPDATE",
  "description" : "",
  "state" : "SUCCEEDED"
}#
#2026 03 05 11:47:07.995#Z#DEBUG#0066f6cb-1889-11f1-a16f-eeee0a90b015.OPERATION#flowable-async-job-executor-thread-2602#
[UpdateServiceParametersStep] Service "C25C385-2-xsuaa-service" updated#
#2026 03 05 11:47:07.995#Z#INFO#0066f6cb-1889-11f1-a16f-eeee0a90b015.OPERATION#flowable-async-job-executor-thread-2602#
[UpdateServiceParametersStep] 1 of 1 done#
#2026 03 05 11:47:08.000#Z#DEBUG#0066f6cb-1889-11f1-a16f-eeee0a90b015.OPERATION#flowable-async-job-executor-thread-2602#
[UpdateServiceParametersStep] Remaining services to poll: [ ]#
#2026 03 05 11:47:08.001#Z#DEBUG#0066f6cb-1889-11f1-a16f-eeee0a90b015.OPERATION#flowable-async-job-executor-thread-2602#
Step "Update parameters" finished#
#2026 03 05 11:47:08.038#Z#DEBUG#0066f6cb-1889-11f1-a16f-eeee0a90b015.OPERATION#flowable-async-job-executor-thread-2601#
[UpdateServiceParametersStep] Last operation for service "C25C385-2-destination-service": {
  "type" : "UPDATE",
  "description" : "",
  "state" : "SUCCEEDED"
}#
#2026 03 05 11:47:08.038#Z#DEBUG#0066f6cb-1889-11f1-a16f-eeee0a90b015.OPERATION#flowable-async-job-executor-thread-2601#
[UpdateServiceParametersStep] Service "C25C385-2-destination-service" updated#
#2026 03 05 11:47:08.038#Z#INFO#0066f6cb-1889-11f1-a16f-eeee0a90b015.OPERATION#flowable-async-job-executor-thread-2601#
[UpdateServiceParametersStep] 1 of 1 done#
#2026 03 05 11:47:08.044#Z#DEBUG#0066f6cb-1889-11f1-a16f-eeee0a90b015.OPERATION#flowable-async-job-executor-thread-2601#
[UpdateServiceParametersStep] Remaining services to poll: [ ]#
#2026 03 05 11:47:08.045#Z#DEBUG#0066f6cb-1889-11f1-a16f-eeee0a90b015.OPERATION#flowable-async-job-executor-thread-2601#
Step "Update parameters" finished#
#2026 03 05 11:47:08.415#Z#DEBUG#0066f6cb-1889-11f1-a16f-eeee0a90b015.OPERATION#flowable-async-job-executor-thread-2602#
[PrepareModulesDeploymentStep] Executing task "prepareModulesDeploymentTask" of process "0a0e2068-1889-11f1-9f51-eeee0a9c214e"...#
#2026 03 05 11:47:08.416#Z#DEBUG#0066f6cb-1889-11f1-a16f-eeee0a90b015.OPERATION#flowable-async-job-executor-thread-2602#
[PrepareModulesDeploymentStep] Preparing modules deployment...#
#2026 03 05 11:47:08.420#Z#DEBUG#0066f6cb-1889-11f1-a16f-eeee0a90b015.OPERATION#flowable-async-job-executor-thread-2602#
Step "Prepare Modules Deployment" finished#
#2026 03 05 11:47:08.458#Z#DEBUG#0066f6cb-1889-11f1-a16f-eeee0a90b015.OPERATION#flowable-async-job-executor-thread-2602#
[ComputeNextModulesStep] Executing task "computeNextModulesToDeployInParallel" of process "0a0e2068-1889-11f1-9f51-eeee0a9c214e"...#
#2026 03 05 11:47:08.459#Z#DEBUG#0066f6cb-1889-11f1-a16f-eeee0a90b015.OPERATION#flowable-async-job-executor-thread-2602#
[ComputeNextModulesStep] Computing modules for next parallel iteration...#
#2026 03 05 11:47:08.460#Z#DEBUG#0066f6cb-1889-11f1-a16f-eeee0a90b015.OPERATION#flowable-async-job-executor-thread-2602#
[ComputeNextModulesStep] Completed modules detected: []#
#2026 03 05 11:47:08.460#Z#DEBUG#0066f6cb-1889-11f1-a16f-eeee0a90b015.OPERATION#flowable-async-job-executor-thread-2602#
[ComputeNextModulesStep] All modules for deploy detected: [c25c385-2-approuter, C25C385-2_ui_deployer]#
#2026 03 05 11:47:08.460#Z#DEBUG#0066f6cb-1889-11f1-a16f-eeee0a90b015.OPERATION#flowable-async-job-executor-thread-2602#
[ComputeNextModulesStep] Modules not for deploy detected: []#
#2026 03 05 11:47:08.461#Z#DEBUG#0066f6cb-1889-11f1-a16f-eeee0a90b015.OPERATION#flowable-async-job-executor-thread-2602#
[ComputeNextModulesStep] Computed modules for next parallel iteration: [ {
  "majorSchemaVersion" : 3,
  "name" : "c25c385-2-approuter",
  "type" : "javascript.nodejs",
  "path" : "c25c385-2-approuter",
  "properties" : { },
  "parameters" : {
    "app-name" : "c25c385-2-approuter",
    "default-app-name" : "c25c385-2-approuter",
    "default-host" : "11700c7ftrial-dev-c25c385-2-approuter",
    "default-instances" : 1,
    "default-live-app-name" : "c25c385-2-approuter",
    "default-live-domain" : "cfapps.us10-001.hana.ondemand.com",
    "default-live-host" : "11700c7ftrial-dev-c25c385-2-approuter",
    "default-live-uri" : "11700c7ftrial-dev-c25c385-2-approuter.cfapps.us10-001.hana.ondemand.com",
    "default-live-url" : "https://11700c7ftrial-dev-c25c385-2-approuter.cfapps.us10-001.hana.ondemand.com",
    "default-uri" : "11700c7ftrial-dev-c25c385-2-approuter.cfapps.us10-001.hana.ondemand.com",
    "default-url" : "https://11700c7ftrial-dev-c25c385-2-approuter.cfapps.us10-001.hana.ondemand.com",
    "dependency-type" : "soft",
    "disk-quota" : "256M",
    "domain" : "cfapps.us10-001.hana.ondemand.com",
    "generated-password" : "********",
    "generated-user" : "********",
    "host" : "11700c7ftrial-dev-c25c385-2-approuter",
    "instances" : 1,
    "memory" : "256M",
    "protocol" : "https"
  },
  "requiredDependencies" : [ {
    "majorSchemaVersion" : 3,
    "name" : "C25C385-2_html_repo_runtime",
    "properties" : { },
    "parameters" : { },
    "propertiesMetadata" : {
      "metadata" : { }
    },
    "parametersMetadata" : {
      "metadata" : { }
    }
  }, {
    "majorSchemaVersion" : 3,
    "name" : "uaa_C25C385-2",
    "properties" : { },
    "parameters" : { },
    "propertiesMetadata" : {
      "metadata" : { }
    },
    "parametersMetadata" : {
      "metadata" : { }
    }
  }, {
    "majorSchemaVersion" : 3,
    "name" : "C25C385-2-destination-service",
    "group" : "destinations",
    "properties" : {
      "forwardAuthToken" : "********",
      "name" : "ui5",
      "url" : "https://ui5.sap.com"
    },
    "parameters" : { },
    "propertiesMetadata" : {
      "metadata" : { }
    },
    "parametersMetadata" : {
      "metadata" : { }
    }
  } ],
  "providedDependencies" : [ {
    "majorSchemaVersion" : 3,
    "name" : "c25c385-2-approuter",
    "isPublic" : false,
    "properties" : { },
    "parameters" : { },
    "propertiesMetadata" : {
      "metadata" : { }
    },
    "parametersMetadata" : {
      "metadata" : { }
    }
  } ],
  "propertiesMetadata" : {
    "metadata" : { }
  },
  "parametersMetadata" : {
    "metadata" : { }
  },
  "deployedAfter" : [ ],
  "hooks" : [ ]
}, {
  "majorSchemaVersion" : 3,
  "name" : "C25C385-2_ui_deployer",
  "type" : "com.sap.application.content",
  "path" : "C25C385-2_ui_deployer",
  "properties" : { },
  "parameters" : {
    "app-name" : "C25C385-2_ui_deployer",
    "default-app-name" : "C25C385-2_ui_deployer",
    "default-host" : "11700c7ftrial-dev-c25c385-2-ui-deployer",
    "default-instances" : 1,
    "default-live-app-name" : "C25C385-2_ui_deployer",
    "default-live-domain" : "cfapps.us10-001.hana.ondemand.com",
    "default-live-host" : "11700c7ftrial-dev-c25c385-2-ui-deployer",
    "default-live-uri" : "11700c7ftrial-dev-c25c385-2-ui-deployer.cfapps.us10-001.hana.ondemand.com",
    "default-live-url" : "https://11700c7ftrial-dev-c25c385-2-ui-deployer.cfapps.us10-001.hana.ondemand.com",
    "default-uri" : "11700c7ftrial-dev-c25c385-2-ui-deployer.cfapps.us10-001.hana.ondemand.com",
    "default-url" : "https://11700c7ftrial-dev-c25c385-2-ui-deployer.cfapps.us10-001.hana.ondemand.com",
    "dependency-type" : "soft",
    "domain" : "cfapps.us10-001.hana.ondemand.com",
    "generated-password" : "********",
    "generated-user" : "********",
    "host" : "11700c7ftrial-dev-c25c385-2-ui-deployer",
    "instances" : 1,
    "protocol" : "https"
  },
  "requiredDependencies" : [ {
    "majorSchemaVersion" : 3,
    "name" : "C25C385-2_html_repo_host",
    "properties" : { },
    "parameters" : {
      "content-target" : true
    },
    "propertiesMetadata" : {
      "metadata" : { }
    },
    "parametersMetadata" : {
      "metadata" : { }
    }
  } ],
  "providedDependencies" : [ {
    "majorSchemaVersion" : 3,
    "name" : "C25C385-2_ui_deployer",
    "isPublic" : false,
    "properties" : { },
    "parameters" : { },
    "propertiesMetadata" : {
      "metadata" : { }
    },
    "parametersMetadata" : {
      "metadata" : { }
    }
  } ],
  "propertiesMetadata" : {
    "metadata" : { }
  },
  "parametersMetadata" : {
    "metadata" : { }
  },
  "deployedAfter" : [ ],
  "hooks" : [ ]
} ]#
#2026 03 05 11:47:08.461#Z#DEBUG#0066f6cb-1889-11f1-a16f-eeee0a90b015.OPERATION#flowable-async-job-executor-thread-2602#
Step "Compute Next Modules To Deploy" finished#
#2026 03 05 11:47:08.602#Z#DEBUG#0066f6cb-1889-11f1-a16f-eeee0a90b015.OPERATION#flowable-async-job-executor-thread-2602#
[ProcessDescriptorStep] Executing task "reprocessDescriptorTask" of process "0a29717c-1889-11f1-9f51-eeee0a9c214e"...#
#2026 03 05 11:47:08.603#Z#DEBUG#0066f6cb-1889-11f1-a16f-eeee0a90b015.OPERATION#flowable-async-job-executor-thread-2602#
[ProcessDescriptorStep] Resolving properties and parameters in merged descriptor...#
#2026 03 05 11:47:08.605#Z#DEBUG#0066f6cb-1889-11f1-a16f-eeee0a90b015.OPERATION#flowable-async-job-executor-thread-2602#
[ProcessDescriptorStep] Subscriptions: [ ]#
#2026 03 05 11:47:08.610#Z#DEBUG#0066f6cb-1889-11f1-a16f-eeee0a90b015.OPERATION#flowable-async-job-executor-thread-2602#
[ProcessDescriptorStep] MTA modules: [c25c385-2-approuter, C25C385-2_ui_deployer]#
#2026 03 05 11:47:08.613#Z#DEBUG#0066f6cb-1889-11f1-a16f-eeee0a90b015.OPERATION#flowable-async-job-executor-thread-2602#
[ProcessDescriptorStep] Resolved deployment descriptor: {
  "majorSchemaVersion" : 3,
  "schemaVersion" : "3.2.0",
  "id" : "C25C385-2",
  "version" : "0.0.1",
  "modules" : [ {
    "majorSchemaVersion" : 3,
    "name" : "c25c385-2-approuter",
    "type" : "javascript.nodejs",
    "path" : "c25c385-2-approuter",
    "properties" : { },
    "parameters" : {
      "default-url" : "https://11700c7ftrial-dev-c25c385-2-approuter.cfapps.us10-001.hana.ondemand.com",
      "default-app-name" : "c25c385-2-approuter",
      "generated-password" : "********",
      "default-live-url" : "https://11700c7ftrial-dev-c25c385-2-approuter.cfapps.us10-001.hana.ondemand.com",
      "default-uri" : "11700c7ftrial-dev-c25c385-2-approuter.cfapps.us10-001.hana.ondemand.com",
      "memory" : "256M",
      "default-instances" : 1,
      "default-live-host" : "11700c7ftrial-dev-c25c385-2-approuter",
      "instances" : 1,
      "default-host" : "11700c7ftrial-dev-c25c385-2-approuter",
      "app-name" : "c25c385-2-approuter",
      "default-live-uri" : "11700c7ftrial-dev-c25c385-2-approuter.cfapps.us10-001.hana.ondemand.com",
      "protocol" : "https",
      "default-live-app-name" : "c25c385-2-approuter",
      "default-live-domain" : "cfapps.us10-001.hana.ondemand.com",
      "disk-quota" : "256M",
      "domain" : "cfapps.us10-001.hana.ondemand.com",
      "host" : "11700c7ftrial-dev-c25c385-2-approuter",
      "generated-user" : "********"
    },
    "requiredDependencies" : [ {
      "majorSchemaVersion" : 3,
      "name" : "C25C385-2_html_repo_runtime",
      "properties" : { },
      "parameters" : { },
      "propertiesMetadata" : {
        "metadata" : { }
      },
      "parametersMetadata" : {
        "metadata" : { }
      }
    }, {
      "majorSchemaVersion" : 3,
      "name" : "uaa_C25C385-2",
      "properties" : { },
      "parameters" : { },
      "propertiesMetadata" : {
        "metadata" : { }
      },
      "parametersMetadata" : {
        "metadata" : { }
      }
    }, {
      "majorSchemaVersion" : 3,
      "name" : "C25C385-2-destination-service",
      "group" : "destinations",
      "properties" : {
        "name" : "ui5",
        "forwardAuthToken" : "********",
        "url" : "https://ui5.sap.com"
      },
      "parameters" : { },
      "propertiesMetadata" : {
        "metadata" : { }
      },
      "parametersMetadata" : {
        "metadata" : { }
      }
    } ],
    "providedDependencies" : [ {
      "majorSchemaVersion" : 3,
      "name" : "c25c385-2-approuter",
      "isPublic" : false,
      "properties" : { },
      "parameters" : { },
      "propertiesMetadata" : {
        "metadata" : { }
      },
      "parametersMetadata" : {
        "metadata" : { }
      }
    } ],
    "propertiesMetadata" : {
      "metadata" : { }
    },
    "parametersMetadata" : {
      "metadata" : { }
    },
    "hooks" : [ ]
  }, {
    "majorSchemaVersion" : 3,
    "name" : "C25C385-2_ui_deployer",
    "type" : "com.sap.application.content",
    "path" : "C25C385-2_ui_deployer",
    "properties" : { },
    "parameters" : {
      "default-url" : "https://11700c7ftrial-dev-c25c385-2-ui-deployer.cfapps.us10-001.hana.ondemand.com",
      "default-app-name" : "C25C385-2_ui_deployer",
      "generated-password" : "********",
      "default-live-url" : "https://11700c7ftrial-dev-c25c385-2-ui-deployer.cfapps.us10-001.hana.ondemand.com",
      "default-uri" : "11700c7ftrial-dev-c25c385-2-ui-deployer.cfapps.us10-001.hana.ondemand.com",
      "default-instances" : 1,
      "default-live-host" : "11700c7ftrial-dev-c25c385-2-ui-deployer",
      "instances" : 1,
      "default-host" : "11700c7ftrial-dev-c25c385-2-ui-deployer",
      "app-name" : "C25C385-2_ui_deployer",
      "default-live-uri" : "11700c7ftrial-dev-c25c385-2-ui-deployer.cfapps.us10-001.hana.ondemand.com",
      "protocol" : "https",
      "default-live-app-name" : "C25C385-2_ui_deployer",
      "default-live-domain" : "cfapps.us10-001.hana.ondemand.com",
      "domain" : "cfapps.us10-001.hana.ondemand.com",
      "host" : "11700c7ftrial-dev-c25c385-2-ui-deployer",
      "generated-user" : "********"
    },
    "requiredDependencies" : [ {
      "majorSchemaVersion" : 3,
      "name" : "C25C385-2_html_repo_host",
      "properties" : { },
      "parameters" : {
        "content-target" : true
      },
      "propertiesMetadata" : {
        "metadata" : { }
      },
      "parametersMetadata" : {
        "metadata" : { }
      }
    } ],
    "providedDependencies" : [ {
      "majorSchemaVersion" : 3,
      "name" : "C25C385-2_ui_deployer",
      "isPublic" : false,
      "properties" : { },
      "parameters" : { },
      "propertiesMetadata" : {
        "metadata" : { }
      },
      "parametersMetadata" : {
        "metadata" : { }
      }
    } ],
    "propertiesMetadata" : {
      "metadata" : { }
    },
    "parametersMetadata" : {
      "metadata" : { }
    },
    "hooks" : [ ]
  } ],
  "resources" : [ {
    "majorSchemaVersion" : 3,
    "name" : "C25C385-2_html_repo_runtime",
    "type" : "org.cloudfoundry.managed-service",
    "properties" : { },
    "parameters" : {
      "generated-password" : "********",
      "service-name" : "C25C385-2_html_repo_runtime",
      "service-plan" : "app-runtime",
      "service" : "html5-apps-repo",
      "generated-user" : "********",
      "default-xsappname" : "C25C385-2_html_repo_runtime",
      "type" : "managed-service",
      "default-service-name" : "C25C385-2_html_repo_runtime",
      "default-container-name" : "11700C7FTRIAL_DEV_C25C385_2_HTML_REPO_RUNTIME"
    },
    "isActive" : true,
    "isOptional" : false,
    "propertiesMetadata" : {
      "metadata" : { }
    },
    "parametersMetadata" : {
      "metadata" : { }
    },
    "requiredDependencies" : [ ],
    "processedAfter" : [ ]
  }, {
    "majorSchemaVersion" : 3,
    "name" : "uaa_C25C385-2",
    "type" : "org.cloudfoundry.managed-service",
    "properties" : { },
    "parameters" : {
      "generated-password" : "********",
      "path" : "./xs-security.json",
      "service-name" : "C25C385-2-xsuaa-service",
      "service-plan" : "application",
      "service" : "xsuaa",
      "generated-user" : "********",
      "default-xsappname" : "uaa_C25C385-2",
      "type" : "managed-service",
      "default-service-name" : "uaa_C25C385-2",
      "default-container-name" : "11700C7FTRIAL_DEV_UAA_C25C385_2"
    },
    "isActive" : true,
    "isOptional" : false,
    "propertiesMetadata" : {
      "metadata" : { }
    },
    "parametersMetadata" : {
      "metadata" : { }
    },
    "requiredDependencies" : [ ],
    "processedAfter" : [ ]
  }, {
    "majorSchemaVersion" : 3,
    "name" : "C25C385-2_html_repo_host",
    "type" : "org.cloudfoundry.managed-service",
    "properties" : { },
    "parameters" : {
      "generated-password" : "********",
      "service-name" : "C25C385-2_html_repo_host",
      "service-plan" : "app-host",
      "service" : "html5-apps-repo",
      "generated-user" : "********",
      "default-xsappname" : "C25C385-2_html_repo_host",
      "type" : "managed-service",
      "default-service-name" : "C25C385-2_html_repo_host",
      "default-container-name" : "11700C7FTRIAL_DEV_C25C385_2_HTML_REPO_HOST"
    },
    "isActive" : true,
    "isOptional" : false,
    "propertiesMetadata" : {
      "metadata" : { }
    },
    "parametersMetadata" : {
      "metadata" : { }
    },
    "requiredDependencies" : [ ],
    "processedAfter" : [ ]
  }, {
    "majorSchemaVersion" : 3,
    "name" : "C25C385-2-destination-service",
    "type" : "org.cloudfoundry.managed-service",
    "properties" : { },
    "parameters" : {
      "generated-password" : "********",
      "service-name" : "C25C385-2-destination-service",
      "service-plan" : "lite",
      "service" : "destination",
      "generated-user" : "********",
      "default-xsappname" : "C25C385-2-destination-service",
      "type" : "managed-service",
      "config" : {
        "HTML5Runtime_enabled" : false,
        "init_data" : {
          "instance" : {
            "destinations" : [ {
              "Authentication" : "********",
              "Name" : "ui5",
              "ProxyType" : "Internet",
              "Type" : "HTTP",
              "URL" : "https://ui5.sap.com"
            } ],
            "existing_destinations_policy" : "update"
          }
        },
        "version" : "1.0.0"
      },
      "default-service-name" : "C25C385-2-destination-service",
      "default-container-name" : "11700C7FTRIAL_DEV_C25C385_2_DESTINATION_SERVICE"
    },
    "isActive" : true,
    "isOptional" : false,
    "propertiesMetadata" : {
      "metadata" : { }
    },
    "parametersMetadata" : {
      "metadata" : { }
    },
    "requiredDependencies" : [ ],
    "processedAfter" : [ ]
  } ],
  "parameters" : {
    "deploy_mode" : "html5-repo",
    "mta-id" : "C25C385-2",
    "authorization-url" : "********",
    "org-guid" : "8238f1fb-8f20-4d39-bbe4-d0aad84719cc",
    "org" : "11700c7ftrial",
    "deploy-target" : "11700c7ftrial dev",
    "enable-parallel-deployments" : true,
    "region-primary-domain" : "us10.hana.ondemand.com",
    "space" : "dev",
    "region-domain" : "us10-001.hana.ondemand.com",
    "xs-api-url" : "https://api.cf.us10-001.hana.ondemand.com",
    "deploy-url" : "deploy-service.cfapps.us10-001.hana.ondemand.com",
    "xs-type" : "CF",
    "default-domain" : "cfapps.us10-001.hana.ondemand.com",
    "mta-version" : "0.0.1",
    "xs-auth-url" : "********",
    "space-guid" : "5037a745-9210-4b21-989a-fd56e4b52f02",
    "user" : "********",
    "controller-url" : "https://api.cf.us10-001.hana.ondemand.com",
    "timestamp" : "20260305114652"
  },
  "parametersMetadata" : {
    "metadata" : { }
  }
}#
#2026 03 05 11:47:08.613#Z#DEBUG#0066f6cb-1889-11f1-a16f-eeee0a90b015.OPERATION#flowable-async-job-executor-thread-2602#
[ProcessDescriptorStep] Merged descriptor properties and parameters resolved#
#2026 03 05 11:47:08.613#Z#DEBUG#0066f6cb-1889-11f1-a16f-eeee0a90b015.OPERATION#flowable-async-job-executor-thread-2602#
Step "Re-Process Descriptor Step" finished#
#2026 03 05 11:47:08.643#Z#DEBUG#0066f6cb-1889-11f1-a16f-eeee0a90b015.OPERATION#flowable-async-job-executor-thread-2602#
[BuildApplicationDeployModelStep] Executing task "buildApplicationDeployModelTask" of process "0a29717c-1889-11f1-9f51-eeee0a9c214e"...#
#2026 03 05 11:47:08.644#Z#DEBUG#0066f6cb-1889-11f1-a16f-eeee0a90b015.OPERATION#flowable-async-job-executor-thread-2602#
[BuildApplicationDeployModelStep] Building cloud deployment model for application "c25c385-2-approuter"...#
#2026 03 05 11:47:08.648#Z#DEBUG#0066f6cb-1889-11f1-a16f-eeee0a90b015.OPERATION#flowable-async-job-executor-thread-2602#
[BuildApplicationDeployModelStep] No health-check-type is specified. Setting default type: port#
#2026 03 05 11:47:08.648#Z#INFO#0066f6cb-1889-11f1-a16f-eeee0a90b015.OPERATION#flowable-async-job-executor-thread-2602#
[BuildApplicationDeployModelStep] Building configuration entries for org 11700c7ftrial, space dev, spaceId 5037a745-9210-4b21-989a-fd56e4b52f02 and namespace null!#
#2026 03 05 11:47:08.649#Z#DEBUG#0066f6cb-1889-11f1-a16f-eeee0a90b015.OPERATION#flowable-async-job-executor-thread-2602#
[BuildApplicationDeployModelStep] Configuration entries to publish: [ ]#
#2026 03 05 11:47:08.649#Z#DEBUG#0066f6cb-1889-11f1-a16f-eeee0a90b015.OPERATION#flowable-async-job-executor-thread-2602#
[BuildApplicationDeployModelStep] Cloud deployment model for application built#
#2026 03 05 11:47:08.649#Z#DEBUG#0066f6cb-1889-11f1-a16f-eeee0a90b015.OPERATION#flowable-async-job-executor-thread-2602#
Step "Build Application Deploy Model" finished#
#2026 03 05 11:47:08.697#Z#DEBUG#0066f6cb-1889-11f1-a16f-eeee0a90b015.OPERATION#flowable-async-job-executor-thread-2602#
[CreateOrUpdateAppStep] Executing task "createAppTask" of process "0a29717c-1889-11f1-9f51-eeee0a9c214e"...#
#2026 03 05 11:47:08.698#Z#DEBUG#0066f6cb-1889-11f1-a16f-eeee0a90b015.OPERATION#flowable-async-job-executor-thread-2602#
[CreateOrUpdateAppStep] Getting application "c25c385-2-approuter"...#
#2026 03 05 11:47:08.748#Z#INFO#0066f6cb-1889-11f1-a16f-eeee0a90b015.OPERATION#flowable-async-job-executor-thread-2602#
[CreateOrUpdateAppStep] Updating application "c25c385-2-approuter"...#
#2026 03 05 11:47:08.755#Z#DEBUG#0066f6cb-1889-11f1-a16f-eeee0a90b015.OPERATION#flowable-async-job-executor-thread-2602#
[CreateOrUpdateAppStep] Getting process for application "a5c869df-1334-45d0-87fb-b2433d952c83"...#
#2026 03 05 11:47:08.818#Z#DEBUG#0066f6cb-1889-11f1-a16f-eeee0a90b015.OPERATION#flowable-async-job-executor-thread-2602#
[CreateOrUpdateAppStep] Getting routes for application "a5c869df-1334-45d0-87fb-b2433d952c83"...#
#2026 03 05 11:47:08.861#Z#DEBUG#0066f6cb-1889-11f1-a16f-eeee0a90b015.OPERATION#flowable-async-job-executor-thread-2602#
[CreateOrUpdateAppStep] Getting features for application "a5c869df-1334-45d0-87fb-b2433d952c83"#
#2026 03 05 11:47:10.585#Z#DEBUG#0066f6cb-1889-11f1-a16f-eeee0a90b015.OPERATION#flowable-async-job-executor-thread-2602#
[CreateOrUpdateAppStep] Updating staging of application "c25c385-2-approuter" to: {
  "isReadinessHealthCheckEnabled" : true,
  "buildpacks" : [ ],
  "healthCheckType" : "port",
  "appFeatures" : { }
}#
#2026 03 05 11:47:10.800#Z#DEBUG#0066f6cb-1889-11f1-a16f-eeee0a90b015.OPERATION#flowable-async-job-executor-thread-2602#
[CreateOrUpdateAppStep] Application "c25c385-2-approuter" updated#
#2026 03 05 11:47:10.800#Z#DEBUG#0066f6cb-1889-11f1-a16f-eeee0a90b015.OPERATION#flowable-async-job-executor-thread-2602#
[CreateOrUpdateAppStep] Getting environment of application "a5c869df-1334-45d0-87fb-b2433d952c83"...#
#2026 03 05 11:47:10.873#Z#DEBUG#0066f6cb-1889-11f1-a16f-eeee0a90b015.OPERATION#flowable-async-job-executor-thread-2602#
[CreateOrUpdateAppStep] Application "c25c385-2-approuter" updated#
#2026 03 05 11:47:10.873#Z#DEBUG#0066f6cb-1889-11f1-a16f-eeee0a90b015.OPERATION#flowable-async-job-executor-thread-2602#
Step "Create App" finished#
#2026 03 05 11:47:10.979#Z#DEBUG#0066f6cb-1889-11f1-a16f-eeee0a90b015.OPERATION#flowable-async-job-executor-thread-2602#
[CheckServiceBindingOperationStep] Executing task "checkForServiceBindingOperationInProgress" of process "0b9905d9-1889-11f1-9f51-eeee0a9c214e"...#
#2026 03 05 11:47:10.979#Z#DEBUG#0066f6cb-1889-11f1-a16f-eeee0a90b015.OPERATION#flowable-async-job-executor-thread-2602#
[CheckServiceBindingOperationStep] Checking for service binding operation in progress between app "c25c385-2-approuter" and service instance "C25C385-2_html_repo_runtime"#
#2026 03 05 11:47:10.979#Z#DEBUG#0066f6cb-1889-11f1-a16f-eeee0a90b015.OPERATION#flowable-async-job-executor-thread-2602#
[CheckServiceBindingOperationStep] Getting application guid "c25c385-2-approuter"...#
#2026 03 05 11:47:11.028#Z#DEBUG#0066f6cb-1889-11f1-a16f-eeee0a90b015.OPERATION#flowable-async-job-executor-thread-2602#
[CheckServiceBindingOperationStep] Getting GUID of required service instance "C25C385-2_html_repo_runtime"...#
#2026 03 05 11:47:11.058#Z#DEBUG#0066f6cb-1889-11f1-a16f-eeee0a90b015.OPERATION#flowable-async-job-executor-thread-2602#
[CheckServiceBindingOperationStep] Getting binding of service instance "dd98f55a-3a03-433d-bcc4-881dca7ee6d4" with application "a5c869df-1334-45d0-87fb-b2433d952c83"...#
#2026 03 05 11:47:11.097#Z#DEBUG#0066f6cb-1889-11f1-a16f-eeee0a90b015.OPERATION#flowable-async-job-executor-thread-2602#
[CheckServiceBindingOperationStep] Service binding operation "b83a250c-5125-4ae1-b8ee-a5b8efb945f8" with type "create" is in state "succeeded"#
#2026 03 05 11:47:11.097#Z#DEBUG#0066f6cb-1889-11f1-a16f-eeee0a90b015.OPERATION#flowable-async-job-executor-thread-2602#
Step "Check For Service Binding Operation In Progress" finished#
#2026 03 05 11:47:11.127#Z#DEBUG#0066f6cb-1889-11f1-a16f-eeee0a90b015.OPERATION#flowable-async-job-executor-thread-2602#
[DetermineApplicationServiceBindingActionsStep] Executing task "determineApplicationServiceBindingActionsTask" of process "0b9905d9-1889-11f1-9f51-eeee0a9c214e"...#
#2026 03 05 11:47:11.127#Z#DEBUG#0066f6cb-1889-11f1-a16f-eeee0a90b015.OPERATION#flowable-async-job-executor-thread-2602#
[DetermineApplicationServiceBindingActionsStep] Determine bind/unbind operations of application "c25c385-2-approuter" to service instance "C25C385-2_html_repo_runtime"#
#2026 03 05 11:47:11.127#Z#DEBUG#0066f6cb-1889-11f1-a16f-eeee0a90b015.OPERATION#flowable-async-job-executor-thread-2602#
[DetermineApplicationServiceBindingActionsStep] Getting application "c25c385-2-approuter"...#
#2026 03 05 11:47:11.176#Z#DEBUG#0066f6cb-1889-11f1-a16f-eeee0a90b015.OPERATION#flowable-async-job-executor-thread-2602#
[DetermineApplicationServiceBindingActionsStep] Binding parameters for application "c25c385-2-approuter": { }#
#2026 03 05 11:47:11.208#Z#DEBUG#0066f6cb-1889-11f1-a16f-eeee0a90b015.OPERATION#flowable-async-job-executor-thread-2602#
[DetermineApplicationServiceBindingActionsStep] Check should rebind application "c25c385-2-approuter" and service instance "C25C385-2_html_repo_runtime"#
#2026 03 05 11:47:11.208#Z#DEBUG#0066f6cb-1889-11f1-a16f-eeee0a90b015.OPERATION#flowable-async-job-executor-thread-2602#
[DetermineApplicationServiceBindingActionsStep] Getting GUID of required service instance "C25C385-2_html_repo_runtime"...#
#2026 03 05 11:47:11.252#Z#DEBUG#0066f6cb-1889-11f1-a16f-eeee0a90b015.OPERATION#flowable-async-job-executor-thread-2602#
[DetermineApplicationServiceBindingActionsStep] Getting binding of service instance "dd98f55a-3a03-433d-bcc4-881dca7ee6d4" with application "a5c869df-1334-45d0-87fb-b2433d952c83"...#
#2026 03 05 11:47:11.287#Z#DEBUG#0066f6cb-1889-11f1-a16f-eeee0a90b015.OPERATION#flowable-async-job-executor-thread-2602#
[DetermineApplicationServiceBindingActionsStep] Getting parameters of service binding "b83a250c-5125-4ae1-b8ee-a5b8efb945f8"...#
#2026 03 05 11:47:11.323#Z#WARN#0066f6cb-1889-11f1-a16f-eeee0a90b015.OPERATION#flowable-async-job-executor-thread-2602#
[DetermineApplicationServiceBindingActionsStep] Cannot retrieve parameters of binding between application "c25c385-2-approuter" and service instance "C25C385-2_html_repo_runtime"#
#2026 03 05 11:47:11.324#Z#DEBUG#0066f6cb-1889-11f1-a16f-eeee0a90b015.OPERATION#flowable-async-job-executor-thread-2602#
[DetermineApplicationServiceBindingActionsStep] Calculated binding operations between application "c25c385-2-approuter" and service instance "C25C385-2_html_repo_runtime": unbind - true bind - true#
#2026 03 05 11:47:11.324#Z#DEBUG#0066f6cb-1889-11f1-a16f-eeee0a90b015.OPERATION#flowable-async-job-executor-thread-2602#
Step "Determine Application Service Binding Actions" finished#
#2026 03 05 11:47:11.356#Z#DEBUG#0066f6cb-1889-11f1-a16f-eeee0a90b015.OPERATION#flowable-async-job-executor-thread-2602#
[UnbindServiceFromApplicationStep] Executing task "unbindServiceFromApplicationTask" of process "0b9905d9-1889-11f1-9f51-eeee0a9c214e"...#
#2026 03 05 11:47:11.357#Z#INFO#0066f6cb-1889-11f1-a16f-eeee0a90b015.OPERATION#flowable-async-job-executor-thread-2602#
[UnbindServiceFromApplicationStep] Unbinding service instance "C25C385-2_html_repo_runtime" from application "c25c385-2-approuter"...#
#2026 03 05 11:47:11.361#Z#DEBUG#0066f6cb-1889-11f1-a16f-eeee0a90b015.OPERATION#flowable-async-job-executor-thread-2602#
[UnbindServiceFromApplicationStep] Unbinding application "c25c385-2-approuter" from service instance "C25C385-2_html_repo_runtime"...#
#2026 03 05 11:47:11.539#Z#DEBUG#0066f6cb-1889-11f1-a16f-eeee0a90b015.OPERATION#flowable-async-job-executor-thread-2602#
Step "Unbind Service from Application" finished#
#2026 03 05 11:47:11.598#Z#DEBUG#0066f6cb-1889-11f1-a16f-eeee0a90b015.OPERATION#flowable-async-job-executor-thread-676#
[CheckServiceBindingOperationStep] Executing task "checkForServiceBindingOperationInProgress" of process "0bf86428-1889-11f1-a16f-eeee0a90b015"...#
#2026 03 05 11:47:11.598#Z#DEBUG#0066f6cb-1889-11f1-a16f-eeee0a90b015.OPERATION#flowable-async-job-executor-thread-676#
[CheckServiceBindingOperationStep] Checking for service binding operation in progress between app "c25c385-2-approuter" and service instance "C25C385-2-xsuaa-service"#
#2026 03 05 11:47:11.598#Z#DEBUG#0066f6cb-1889-11f1-a16f-eeee0a90b015.OPERATION#flowable-async-job-executor-thread-676#
[CheckServiceBindingOperationStep] Getting application guid "c25c385-2-approuter"...#
#2026 03 05 11:47:11.649#Z#DEBUG#0066f6cb-1889-11f1-a16f-eeee0a90b015.OPERATION#flowable-async-job-executor-thread-676#
[CheckServiceBindingOperationStep] Getting GUID of required service instance "C25C385-2-xsuaa-service"...#
#2026 03 05 11:47:11.690#Z#DEBUG#0066f6cb-1889-11f1-a16f-eeee0a90b015.OPERATION#flowable-async-job-executor-thread-676#
[CheckServiceBindingOperationStep] Getting binding of service instance "ffdae91a-0a54-4be2-a103-340406b0d034" with application "a5c869df-1334-45d0-87fb-b2433d952c83"...#
#2026 03 05 11:47:11.729#Z#DEBUG#0066f6cb-1889-11f1-a16f-eeee0a90b015.OPERATION#flowable-async-job-executor-thread-676#
[CheckServiceBindingOperationStep] Service binding operation "51741849-cc7d-4dfe-9de1-3732b0174d94" with type "create" is in state "succeeded"#
#2026 03 05 11:47:11.729#Z#DEBUG#0066f6cb-1889-11f1-a16f-eeee0a90b015.OPERATION#flowable-async-job-executor-thread-676#
Step "Check For Service Binding Operation In Progress" finished#
#2026 03 05 11:47:11.656#Z#DEBUG#0066f6cb-1889-11f1-a16f-eeee0a90b015.OPERATION#flowable-async-job-executor-thread-677#
[BuildContentDeploymentConfigurationStep] Executing task "buildContentDeploymentConfigurationTask" of process "0bfcd093-1889-11f1-a16f-eeee0a90b015"...#
#2026 03 05 11:47:11.660#Z#DEBUG#0066f6cb-1889-11f1-a16f-eeee0a90b015.OPERATION#flowable-async-job-executor-thread-677#
[BuildContentDeploymentConfigurationStep] Getting service key "C25C385-2_ui_deployer-C25C385-2_html_repo_host-credentials" for service instance "C25C385-2_html_repo_host"...#
#2026 03 05 11:47:11.892#Z#INFO#0066f6cb-1889-11f1-a16f-eeee0a90b015.OPERATION#flowable-async-job-executor-thread-677#
[BuildContentDeploymentConfigurationStep] Service key "C25C385-2_ui_deployer-C25C385-2_html_repo_host-credentials" for service "C25C385-2_html_repo_host" already exists#
#2026 03 05 11:47:11.897#Z#DEBUG#0066f6cb-1889-11f1-a16f-eeee0a90b015.OPERATION#flowable-async-job-executor-thread-677#
Step "Build Content Deployment Configuration" finished#
#2026 03 05 11:47:11.758#Z#DEBUG#0066f6cb-1889-11f1-a16f-eeee0a90b015.OPERATION#flowable-async-job-executor-thread-674#
[DetermineApplicationServiceBindingActionsStep] Executing task "determineApplicationServiceBindingActionsTask" of process "0bf86428-1889-11f1-a16f-eeee0a90b015"...#
#2026 03 05 11:47:11.758#Z#DEBUG#0066f6cb-1889-11f1-a16f-eeee0a90b015.OPERATION#flowable-async-job-executor-thread-674#
[DetermineApplicationServiceBindingActionsStep] Determine bind/unbind operations of application "c25c385-2-approuter" to service instance "C25C385-2-xsuaa-service"#
#2026 03 05 11:47:11.758#Z#DEBUG#0066f6cb-1889-11f1-a16f-eeee0a90b015.OPERATION#flowable-async-job-executor-thread-674#
[DetermineApplicationServiceBindingActionsStep] Getting application "c25c385-2-approuter"...#
#2026 03 05 11:47:11.809#Z#DEBUG#0066f6cb-1889-11f1-a16f-eeee0a90b015.OPERATION#flowable-async-job-executor-thread-674#
[DetermineApplicationServiceBindingActionsStep] Binding parameters for application "c25c385-2-approuter": { }#
#2026 03 05 11:47:11.847#Z#DEBUG#0066f6cb-1889-11f1-a16f-eeee0a90b015.OPERATION#flowable-async-job-executor-thread-674#
[DetermineApplicationServiceBindingActionsStep] Check should rebind application "c25c385-2-approuter" and service instance "C25C385-2-xsuaa-service"#
#2026 03 05 11:47:11.847#Z#DEBUG#0066f6cb-1889-11f1-a16f-eeee0a90b015.OPERATION#flowable-async-job-executor-thread-674#
[DetermineApplicationServiceBindingActionsStep] Getting GUID of required service instance "C25C385-2-xsuaa-service"...#
#2026 03 05 11:47:11.888#Z#DEBUG#0066f6cb-1889-11f1-a16f-eeee0a90b015.OPERATION#flowable-async-job-executor-thread-674#
[DetermineApplicationServiceBindingActionsStep] Getting binding of service instance "ffdae91a-0a54-4be2-a103-340406b0d034" with application "a5c869df-1334-45d0-87fb-b2433d952c83"...#
#2026 03 05 11:47:11.916#Z#DEBUG#0066f6cb-1889-11f1-a16f-eeee0a90b015.OPERATION#flowable-async-job-executor-thread-674#
[DetermineApplicationServiceBindingActionsStep] Getting parameters of service binding "51741849-cc7d-4dfe-9de1-3732b0174d94"...#
#2026 03 05 11:47:11.963#Z#WARN#0066f6cb-1889-11f1-a16f-eeee0a90b015.OPERATION#flowable-async-job-executor-thread-674#
[DetermineApplicationServiceBindingActionsStep] Cannot retrieve parameters of binding between application "c25c385-2-approuter" and service instance "C25C385-2-xsuaa-service"#
#2026 03 05 11:47:11.964#Z#DEBUG#0066f6cb-1889-11f1-a16f-eeee0a90b015.OPERATION#flowable-async-job-executor-thread-674#
[DetermineApplicationServiceBindingActionsStep] Calculated binding operations between application "c25c385-2-approuter" and service instance "C25C385-2-xsuaa-service": unbind - true bind - true#
#2026 03 05 11:47:11.964#Z#DEBUG#0066f6cb-1889-11f1-a16f-eeee0a90b015.OPERATION#flowable-async-job-executor-thread-674#
Step "Determine Application Service Binding Actions" finished#
#2026 03 05 11:47:11.900#Z#DEBUG#0066f6cb-1889-11f1-a16f-eeee0a90b015.OPERATION#flowable-async-job-executor-thread-677#
[CreateContentDeployClientConfigurationStep] Executing task "createContentDeployClientConfigurationTask" of process "0c2bf6c6-1889-11f1-a16f-eeee0a90b015"...#
#2026 03 05 11:47:11.901#Z#DEBUG#0066f6cb-1889-11f1-a16f-eeee0a90b015.OPERATION#flowable-async-job-executor-thread-677#
[CreateContentDeployClientConfigurationStep] Content deployer client configuration: {
  "contentDeployerUrl" : "https://html5-apps-repo-dt.cfapps.us10.hana.ondemand.com",
  "uaaClientConfiguration" : {
    "url" : "********",
    "credentials" : "********",
    "authenticationStrategyType" : "********"
  },
  "httpRequestHeaders" : {
    "X-CorrelationID" : "0066f6cb-1889-11f1-a16f-eeee0a90b015"
  },
  "spaceId" : "5037a745-9210-4b21-989a-fd56e4b52f02",
  "serviceName" : "C25C385-2_html_repo_host"
}#
#2026 03 05 11:47:12.053#Z#DEBUG#0066f6cb-1889-11f1-a16f-eeee0a90b015.OPERATION#flowable-async-job-executor-thread-677#
Step "Create Content Deploy Client Configuration" finished#
#2026 03 05 11:47:12.054#Z#DEBUG#0066f6cb-1889-11f1-a16f-eeee0a90b015.OPERATION#flowable-async-job-executor-thread-677#
[GetContentFromDeploymentDescriptorStep] Executing task "getContentFromDeploymentDescriptorTask" of process "0c2bf6c6-1889-11f1-a16f-eeee0a90b015"...#
#2026 03 05 11:47:12.054#Z#DEBUG#0066f6cb-1889-11f1-a16f-eeee0a90b015.OPERATION#flowable-async-job-executor-thread-677#
Step "Get Content From Deployment Descriptor" finished#
#2026 03 05 11:47:11.998#Z#DEBUG#0066f6cb-1889-11f1-a16f-eeee0a90b015.OPERATION#flowable-async-job-executor-thread-674#
[UnbindServiceFromApplicationStep] Executing task "unbindServiceFromApplicationTask" of process "0bf86428-1889-11f1-a16f-eeee0a90b015"...#
#2026 03 05 11:47:12.000#Z#INFO#0066f6cb-1889-11f1-a16f-eeee0a90b015.OPERATION#flowable-async-job-executor-thread-674#
[UnbindServiceFromApplicationStep] Unbinding service instance "C25C385-2-xsuaa-service" from application "c25c385-2-approuter"...#
#2026 03 05 11:47:12.005#Z#DEBUG#0066f6cb-1889-11f1-a16f-eeee0a90b015.OPERATION#flowable-async-job-executor-thread-674#
[UnbindServiceFromApplicationStep] Unbinding application "c25c385-2-approuter" from service instance "C25C385-2-xsuaa-service"...#
#2026 03 05 11:47:12.167#Z#DEBUG#0066f6cb-1889-11f1-a16f-eeee0a90b015.OPERATION#flowable-async-job-executor-thread-674#
Step "Unbind Service from Application" finished#
#2026 03 05 11:47:12.055#Z#DEBUG#0066f6cb-1889-11f1-a16f-eeee0a90b015.OPERATION#flowable-async-job-executor-thread-677#
[UploadContentStep] Executing task "uploadContentTask" of process "0c2bf6c6-1889-11f1-a16f-eeee0a90b015"...#
#2026 03 05 11:47:12.056#Z#INFO#0066f6cb-1889-11f1-a16f-eeee0a90b015.OPERATION#flowable-async-job-executor-thread-677#
[UploadContentStep] Uploading content module "C25C385-2_ui_deployer" in target service "C25C385-2_html_repo_host"...#
#2026 03 05 11:47:12.060#Z#DEBUG#0066f6cb-1889-11f1-a16f-eeee0a90b015.OPERATION#flowable-async-job-executor-thread-677#
[UploadContentStep] Uploading file "C25C385-2_ui_deployer/resources/data.zip" for content module "C25C385-2_ui_deployer" in service "C25C385-2_html_repo_host"#
#2026 03 05 11:47:12.236#Z#INFO#0066f6cb-1889-11f1-a16f-eeee0a90b015.OPERATION#flowable-async-job-executor-thread-677#
[UploadContentStep] Content to deploy size: 135,661 in bytes#
#2026 03 05 11:47:13.910#Z#DEBUG#0066f6cb-1889-11f1-a16f-eeee0a90b015.OPERATION#flowable-async-job-executor-thread-677#
[UploadContentStep] Uploaded content: {
  "id" : "d1b1508e-b487-41bc-af32-6deb75564a32",
  "name" : "content.zip",
  "contentType" : "FILE"
}#
#2026 03 05 11:47:13.910#Z#DEBUG#0066f6cb-1889-11f1-a16f-eeee0a90b015.OPERATION#flowable-async-job-executor-thread-677#
Step "Upload Content" finished#
#2026 03 05 11:47:13.912#Z#DEBUG#0066f6cb-1889-11f1-a16f-eeee0a90b015.OPERATION#flowable-async-job-executor-thread-677#
[StartContentDeployStep] Executing task "startContentDeployTask" of process "0c2bf6c6-1889-11f1-a16f-eeee0a90b015"...#
#2026 03 05 11:47:13.912#Z#INFO#0066f6cb-1889-11f1-a16f-eeee0a90b015.OPERATION#flowable-async-job-executor-thread-677#
[StartContentDeployStep] Deploying content module "C25C385-2_ui_deployer" in target service "C25C385-2_html_repo_host"...#
#2026 03 05 11:47:14.091#Z#DEBUG#0066f6cb-1889-11f1-a16f-eeee0a90b015.OPERATION#flowable-async-job-executor-thread-677#
Step "Start Content Deploy" finished#
#2026 03 05 11:47:14.652#Z#DEBUG#0066f6cb-1889-11f1-a16f-eeee0a90b015.OPERATION#flowable-async-job-executor-thread-2185#
[CheckServiceBindingOperationStep] Executing task "checkForServiceBindingOperationInProgress" of process "0dc75779-1889-11f1-a181-eeee0a85159a"...#
#2026 03 05 11:47:14.652#Z#DEBUG#0066f6cb-1889-11f1-a16f-eeee0a90b015.OPERATION#flowable-async-job-executor-thread-2185#
[CheckServiceBindingOperationStep] Checking for service binding operation in progress between app "c25c385-2-approuter" and service instance "C25C385-2-destination-service"#
#2026 03 05 11:47:14.652#Z#DEBUG#0066f6cb-1889-11f1-a16f-eeee0a90b015.OPERATION#flowable-async-job-executor-thread-2185#
[CheckServiceBindingOperationStep] Getting application guid "c25c385-2-approuter"...#
#2026 03 05 11:47:14.700#Z#DEBUG#0066f6cb-1889-11f1-a16f-eeee0a90b015.OPERATION#flowable-async-job-executor-thread-2185#
[CheckServiceBindingOperationStep] Getting GUID of required service instance "C25C385-2-destination-service"...#
#2026 03 05 11:47:14.731#Z#DEBUG#0066f6cb-1889-11f1-a16f-eeee0a90b015.OPERATION#flowable-async-job-executor-thread-2185#
[CheckServiceBindingOperationStep] Getting binding of service instance "60d43722-561d-449a-ad6c-0a10d3b260f1" with application "a5c869df-1334-45d0-87fb-b2433d952c83"...#
#2026 03 05 11:47:14.763#Z#DEBUG#0066f6cb-1889-11f1-a16f-eeee0a90b015.OPERATION#flowable-async-job-executor-thread-2185#
[CheckServiceBindingOperationStep] Service binding operation "a22b3ac5-d762-4e7a-8dc0-9ab5120e3b6a" with type "create" is in state "succeeded"#
#2026 03 05 11:47:14.763#Z#DEBUG#0066f6cb-1889-11f1-a16f-eeee0a90b015.OPERATION#flowable-async-job-executor-thread-2185#
Step "Check For Service Binding Operation In Progress" finished#
#2026 03 05 11:47:14.803#Z#DEBUG#0066f6cb-1889-11f1-a16f-eeee0a90b015.OPERATION#flowable-async-job-executor-thread-2187#
[DetermineApplicationServiceBindingActionsStep] Executing task "determineApplicationServiceBindingActionsTask" of process "0dc75779-1889-11f1-a181-eeee0a85159a"...#
#2026 03 05 11:47:14.804#Z#DEBUG#0066f6cb-1889-11f1-a16f-eeee0a90b015.OPERATION#flowable-async-job-executor-thread-2187#
[DetermineApplicationServiceBindingActionsStep] Determine bind/unbind operations of application "c25c385-2-approuter" to service instance "C25C385-2-destination-service"#
#2026 03 05 11:47:14.804#Z#DEBUG#0066f6cb-1889-11f1-a16f-eeee0a90b015.OPERATION#flowable-async-job-executor-thread-2187#
[DetermineApplicationServiceBindingActionsStep] Getting application "c25c385-2-approuter"...#
#2026 03 05 11:47:14.852#Z#DEBUG#0066f6cb-1889-11f1-a16f-eeee0a90b015.OPERATION#flowable-async-job-executor-thread-2187#
[DetermineApplicationServiceBindingActionsStep] Binding parameters for application "c25c385-2-approuter": { }#
#2026 03 05 11:47:14.885#Z#DEBUG#0066f6cb-1889-11f1-a16f-eeee0a90b015.OPERATION#flowable-async-job-executor-thread-2187#
[DetermineApplicationServiceBindingActionsStep] Check should rebind application "c25c385-2-approuter" and service instance "C25C385-2-destination-service"#
#2026 03 05 11:47:14.885#Z#DEBUG#0066f6cb-1889-11f1-a16f-eeee0a90b015.OPERATION#flowable-async-job-executor-thread-2187#
[DetermineApplicationServiceBindingActionsStep] Getting GUID of required service instance "C25C385-2-destination-service"...#
#2026 03 05 11:47:14.920#Z#DEBUG#0066f6cb-1889-11f1-a16f-eeee0a90b015.OPERATION#flowable-async-job-executor-thread-2187#
[DetermineApplicationServiceBindingActionsStep] Getting binding of service instance "60d43722-561d-449a-ad6c-0a10d3b260f1" with application "a5c869df-1334-45d0-87fb-b2433d952c83"...#
#2026 03 05 11:47:14.964#Z#DEBUG#0066f6cb-1889-11f1-a16f-eeee0a90b015.OPERATION#flowable-async-job-executor-thread-2187#
[DetermineApplicationServiceBindingActionsStep] Getting parameters of service binding "a22b3ac5-d762-4e7a-8dc0-9ab5120e3b6a"...#
#2026 03 05 11:47:14.994#Z#WARN#0066f6cb-1889-11f1-a16f-eeee0a90b015.OPERATION#flowable-async-job-executor-thread-2187#
[DetermineApplicationServiceBindingActionsStep] Cannot retrieve parameters of binding between application "c25c385-2-approuter" and service instance "C25C385-2-destination-service"#
#2026 03 05 11:47:14.996#Z#DEBUG#0066f6cb-1889-11f1-a16f-eeee0a90b015.OPERATION#flowable-async-job-executor-thread-2187#
[DetermineApplicationServiceBindingActionsStep] Calculated binding operations between application "c25c385-2-approuter" and service instance "C25C385-2-destination-service": unbind - true bind - true#
#2026 03 05 11:47:14.996#Z#DEBUG#0066f6cb-1889-11f1-a16f-eeee0a90b015.OPERATION#flowable-async-job-executor-thread-2187#
Step "Determine Application Service Binding Actions" finished#
#2026 03 05 11:47:15.051#Z#DEBUG#0066f6cb-1889-11f1-a16f-eeee0a90b015.OPERATION#flowable-async-job-executor-thread-2188#
[UnbindServiceFromApplicationStep] Executing task "unbindServiceFromApplicationTask" of process "0dc75779-1889-11f1-a181-eeee0a85159a"...#
#2026 03 05 11:47:15.053#Z#INFO#0066f6cb-1889-11f1-a16f-eeee0a90b015.OPERATION#flowable-async-job-executor-thread-2188#
[UnbindServiceFromApplicationStep] Unbinding service instance "C25C385-2-destination-service" from application "c25c385-2-approuter"...#
#2026 03 05 11:47:15.060#Z#DEBUG#0066f6cb-1889-11f1-a16f-eeee0a90b015.OPERATION#flowable-async-job-executor-thread-2188#
[UnbindServiceFromApplicationStep] Unbinding application "c25c385-2-approuter" from service instance "C25C385-2-destination-service"...#
#2026 03 05 11:47:15.254#Z#DEBUG#0066f6cb-1889-11f1-a16f-eeee0a90b015.OPERATION#flowable-async-job-executor-thread-2188#
Step "Unbind Service from Application" finished#
#2026 03 05 11:47:17.987#Z#DEBUG#0066f6cb-1889-11f1-a16f-eeee0a90b015.OPERATION#flowable-async-job-executor-thread-677#
[UnbindServiceFromApplicationStep] Executing task "unbindServiceFromApplicationTask" of process "0b9905d9-1889-11f1-9f51-eeee0a9c214e"...#
#2026 03 05 11:47:17.988#Z#DEBUG#0066f6cb-1889-11f1-a16f-eeee0a90b015.OPERATION#flowable-async-job-executor-thread-677#
[UnbindServiceFromApplicationStep] Getting async job "8063dcf3-d051-4d38-be98-bb45ed8575de"#
#2026 03 05 11:47:17.991#Z#DEBUG#0066f6cb-1889-11f1-a16f-eeee0a90b015.OPERATION#flowable-async-job-executor-thread-679#
[UnbindServiceFromApplicationStep] Executing task "unbindServiceFromApplicationTask" of process "0bf86428-1889-11f1-a16f-eeee0a90b015"...#
#2026 03 05 11:47:17.991#Z#DEBUG#0066f6cb-1889-11f1-a16f-eeee0a90b015.OPERATION#flowable-async-job-executor-thread-679#
[UnbindServiceFromApplicationStep] Getting async job "1cdba075-e031-4503-9773-95f90f63af63"#
#2026 03 05 11:47:18.018#Z#DEBUG#0066f6cb-1889-11f1-a16f-eeee0a90b015.OPERATION#flowable-async-job-executor-thread-677#
[UnbindServiceFromApplicationStep] Getting service instance "C25C385-2_html_repo_runtime"...#
#2026 03 05 11:47:18.024#Z#DEBUG#0066f6cb-1889-11f1-a16f-eeee0a90b015.OPERATION#flowable-async-job-executor-thread-679#
[UnbindServiceFromApplicationStep] Getting service instance "C25C385-2-xsuaa-service"...#
#2026 03 05 11:47:18.152#Z#DEBUG#0066f6cb-1889-11f1-a16f-eeee0a90b015.OPERATION#flowable-async-job-executor-thread-679#
[UnbindServiceFromApplicationStep] Async service binding operation with id "1cdba075-e031-4503-9773-95f90f63af63" finished#
#2026 03 05 11:47:18.153#Z#DEBUG#0066f6cb-1889-11f1-a16f-eeee0a90b015.OPERATION#flowable-async-job-executor-thread-679#
Step "Unbind Service from Application" finished#
#2026 03 05 11:47:18.164#Z#DEBUG#0066f6cb-1889-11f1-a16f-eeee0a90b015.OPERATION#flowable-async-job-executor-thread-677#
[UnbindServiceFromApplicationStep] Async service binding operation with id "8063dcf3-d051-4d38-be98-bb45ed8575de" finished#
#2026 03 05 11:47:18.165#Z#DEBUG#0066f6cb-1889-11f1-a16f-eeee0a90b015.OPERATION#flowable-async-job-executor-thread-677#
Step "Unbind Service from Application" finished#
#2026 03 05 11:47:18.183#Z#DEBUG#0066f6cb-1889-11f1-a16f-eeee0a90b015.OPERATION#flowable-async-job-executor-thread-679#
[BindServiceToApplicationStep] Executing task "bindServiceToApplicationTask" of process "0bf86428-1889-11f1-a16f-eeee0a90b015"...#
#2026 03 05 11:47:18.184#Z#INFO#0066f6cb-1889-11f1-a16f-eeee0a90b015.OPERATION#flowable-async-job-executor-thread-679#
[BindServiceToApplicationStep] Binding service instance "C25C385-2-xsuaa-service" to application "c25c385-2-approuter"...#
#2026 03 05 11:47:18.189#Z#DEBUG#0066f6cb-1889-11f1-a16f-eeee0a90b015.OPERATION#flowable-async-job-executor-thread-679#
[BindServiceToApplicationStep] Binding service instance "C25C385-2-xsuaa-service" to application "c25c385-2-approuter" with parameters: { }#
#2026 03 05 11:47:18.193#Z#DEBUG#0066f6cb-1889-11f1-a16f-eeee0a90b015.OPERATION#flowable-async-job-executor-thread-677#
[BindServiceToApplicationStep] Executing task "bindServiceToApplicationTask" of process "0b9905d9-1889-11f1-9f51-eeee0a9c214e"...#
#2026 03 05 11:47:18.195#Z#INFO#0066f6cb-1889-11f1-a16f-eeee0a90b015.OPERATION#flowable-async-job-executor-thread-677#
[BindServiceToApplicationStep] Binding service instance "C25C385-2_html_repo_runtime" to application "c25c385-2-approuter"...#
#2026 03 05 11:47:18.199#Z#DEBUG#0066f6cb-1889-11f1-a16f-eeee0a90b015.OPERATION#flowable-async-job-executor-thread-677#
[BindServiceToApplicationStep] Binding service instance "C25C385-2_html_repo_runtime" to application "c25c385-2-approuter" with parameters: { }#
#2026 03 05 11:47:18.341#Z#DEBUG#0066f6cb-1889-11f1-a16f-eeee0a90b015.OPERATION#flowable-async-job-executor-thread-679#
Step "Bind Service to Application" finished#
#2026 03 05 11:47:18.358#Z#DEBUG#0066f6cb-1889-11f1-a16f-eeee0a90b015.OPERATION#flowable-async-job-executor-thread-677#
Step "Bind Service to Application" finished#
#2026 03 05 11:47:28.041#Z#DEBUG#0066f6cb-1889-11f1-a16f-eeee0a90b015.OPERATION#flowable-async-job-executor-thread-2191#
[BindServiceToApplicationStep] Executing task "bindServiceToApplicationTask" of process "0bf86428-1889-11f1-a16f-eeee0a90b015"...#
#2026 03 05 11:47:28.042#Z#DEBUG#0066f6cb-1889-11f1-a16f-eeee0a90b015.OPERATION#flowable-async-job-executor-thread-2191#
[BindServiceToApplicationStep] Getting async job "c61a35a8-3a5b-45f0-a09f-50a84fc68051"#
#2026 03 05 11:47:28.059#Z#DEBUG#0066f6cb-1889-11f1-a16f-eeee0a90b015.OPERATION#flowable-async-job-executor-thread-2192#
[BindServiceToApplicationStep] Executing task "bindServiceToApplicationTask" of process "0b9905d9-1889-11f1-9f51-eeee0a9c214e"...#
#2026 03 05 11:47:28.061#Z#DEBUG#0066f6cb-1889-11f1-a16f-eeee0a90b015.OPERATION#flowable-async-job-executor-thread-2192#
[BindServiceToApplicationStep] Getting async job "45ac7102-4fcf-4ca4-a123-563996edca05"#
#2026 03 05 11:47:28.070#Z#DEBUG#0066f6cb-1889-11f1-a16f-eeee0a90b015.OPERATION#flowable-async-job-executor-thread-2191#
[BindServiceToApplicationStep] Getting service instance "C25C385-2-xsuaa-service"...#
#2026 03 05 11:47:28.088#Z#DEBUG#0066f6cb-1889-11f1-a16f-eeee0a90b015.OPERATION#flowable-async-job-executor-thread-2192#
[BindServiceToApplicationStep] Getting service instance "C25C385-2_html_repo_runtime"...#
#2026 03 05 11:47:28.214#Z#DEBUG#0066f6cb-1889-11f1-a16f-eeee0a90b015.OPERATION#flowable-async-job-executor-thread-2191#
[BindServiceToApplicationStep] Async service binding operation with id "c61a35a8-3a5b-45f0-a09f-50a84fc68051" finished#
#2026 03 05 11:47:28.215#Z#DEBUG#0066f6cb-1889-11f1-a16f-eeee0a90b015.OPERATION#flowable-async-job-executor-thread-2191#
Step "Bind Service to Application" finished#
#2026 03 05 11:47:28.233#Z#DEBUG#0066f6cb-1889-11f1-a16f-eeee0a90b015.OPERATION#flowable-async-job-executor-thread-2192#
[BindServiceToApplicationStep] Async service binding operation with id "45ac7102-4fcf-4ca4-a123-563996edca05" finished#
#2026 03 05 11:47:28.235#Z#DEBUG#0066f6cb-1889-11f1-a16f-eeee0a90b015.OPERATION#flowable-async-job-executor-thread-2192#
Step "Bind Service to Application" finished#
#2026 03 05 11:47:28.102#Z#DEBUG#0066f6cb-1889-11f1-a16f-eeee0a90b015.OPERATION#flowable-async-job-executor-thread-685#
[UnbindServiceFromApplicationStep] Executing task "unbindServiceFromApplicationTask" of process "0dc75779-1889-11f1-a181-eeee0a85159a"...#
#2026 03 05 11:47:28.102#Z#DEBUG#0066f6cb-1889-11f1-a16f-eeee0a90b015.OPERATION#flowable-async-job-executor-thread-685#
[UnbindServiceFromApplicationStep] Getting async job "5994fde4-55ea-4677-bebe-3dce2064ad37"#
#2026 03 05 11:47:28.132#Z#DEBUG#0066f6cb-1889-11f1-a16f-eeee0a90b015.OPERATION#flowable-async-job-executor-thread-685#
[UnbindServiceFromApplicationStep] Getting service instance "C25C385-2-destination-service"...#
#2026 03 05 11:47:28.278#Z#DEBUG#0066f6cb-1889-11f1-a16f-eeee0a90b015.OPERATION#flowable-async-job-executor-thread-685#
[UnbindServiceFromApplicationStep] Async service binding operation with id "5994fde4-55ea-4677-bebe-3dce2064ad37" finished#
#2026 03 05 11:47:28.279#Z#DEBUG#0066f6cb-1889-11f1-a16f-eeee0a90b015.OPERATION#flowable-async-job-executor-thread-685#
Step "Unbind Service from Application" finished#
#2026 03 05 11:47:28.311#Z#DEBUG#0066f6cb-1889-11f1-a16f-eeee0a90b015.OPERATION#flowable-async-job-executor-thread-685#
[BindServiceToApplicationStep] Executing task "bindServiceToApplicationTask" of process "0dc75779-1889-11f1-a181-eeee0a85159a"...#
#2026 03 05 11:47:28.313#Z#INFO#0066f6cb-1889-11f1-a16f-eeee0a90b015.OPERATION#flowable-async-job-executor-thread-685#
[BindServiceToApplicationStep] Binding service instance "C25C385-2-destination-service" to application "c25c385-2-approuter"...#
#2026 03 05 11:47:28.321#Z#DEBUG#0066f6cb-1889-11f1-a16f-eeee0a90b015.OPERATION#flowable-async-job-executor-thread-685#
[BindServiceToApplicationStep] Binding service instance "C25C385-2-destination-service" to application "c25c385-2-approuter" with parameters: { }#
#2026 03 05 11:47:28.462#Z#DEBUG#0066f6cb-1889-11f1-a16f-eeee0a90b015.OPERATION#flowable-async-job-executor-thread-685#
Step "Bind Service to Application" finished#
#2026 03 05 11:47:28.079#Z#DEBUG#0066f6cb-1889-11f1-a16f-eeee0a90b015.OPERATION#flowable-async-job-executor-thread-690#
[StartContentDeployStep] Executing task "startContentDeployTask" of process "0c2bf6c6-1889-11f1-a16f-eeee0a90b015"...#
#2026 03 05 11:47:28.080#Z#DEBUG#0066f6cb-1889-11f1-a16f-eeee0a90b015.OPERATION#flowable-async-job-executor-thread-690#
[StartContentDeployStep] Checking status of module content deployment "C25C385-2_ui_deployer" in service "C25C385-2_html_repo_host"...#
#2026 03 05 11:47:28.529#Z#DEBUG#0066f6cb-1889-11f1-a16f-eeee0a90b015.OPERATION#flowable-async-job-executor-thread-690#
[StartContentDeployStep] Deleting content deployment resource "d1b1508e-b487-41bc-af32-6deb75564a32"...#
#2026 03 05 11:47:28.561#Z#DEBUG#0066f6cb-1889-11f1-a16f-eeee0a90b015.OPERATION#flowable-async-job-executor-thread-690#
Step "Start Content Deploy" finished#
#2026 03 05 11:47:38.256#Z#DEBUG#0066f6cb-1889-11f1-a16f-eeee0a90b015.OPERATION#flowable-async-job-executor-thread-695#
[BindServiceToApplicationStep] Executing task "bindServiceToApplicationTask" of process "0dc75779-1889-11f1-a181-eeee0a85159a"...#
#2026 03 05 11:47:38.256#Z#DEBUG#0066f6cb-1889-11f1-a16f-eeee0a90b015.OPERATION#flowable-async-job-executor-thread-695#
[BindServiceToApplicationStep] Getting async job "29b9484b-2e1e-4b65-9be1-f392f6c172ab"#
#2026 03 05 11:47:38.293#Z#DEBUG#0066f6cb-1889-11f1-a16f-eeee0a90b015.OPERATION#flowable-async-job-executor-thread-695#
[BindServiceToApplicationStep] Getting service instance "C25C385-2-destination-service"...#
#2026 03 05 11:47:38.440#Z#DEBUG#0066f6cb-1889-11f1-a16f-eeee0a90b015.OPERATION#flowable-async-job-executor-thread-695#
[BindServiceToApplicationStep] Async service binding operation with id "29b9484b-2e1e-4b65-9be1-f392f6c172ab" finished#
#2026 03 05 11:47:38.441#Z#DEBUG#0066f6cb-1889-11f1-a16f-eeee0a90b015.OPERATION#flowable-async-job-executor-thread-695#
Step "Bind Service to Application" finished#
#2026 03 05 11:47:38.550#Z#DEBUG#0066f6cb-1889-11f1-a16f-eeee0a90b015.OPERATION#flowable-async-job-executor-thread-695#
[DetermineVcapServicesPropertiesChangedStep] Executing task "determineVcapServicesPropertiesChangedTask" of process "1c07b7a3-1889-11f1-a16f-eeee0a90b015"...#
#2026 03 05 11:47:38.551#Z#DEBUG#0066f6cb-1889-11f1-a16f-eeee0a90b015.OPERATION#flowable-async-job-executor-thread-695#
[DetermineVcapServicesPropertiesChangedStep] VCAP_SERVICES properties for application "c25c385-2-approuter" changed: true#
#2026 03 05 11:47:38.551#Z#DEBUG#0066f6cb-1889-11f1-a16f-eeee0a90b015.OPERATION#flowable-async-job-executor-thread-695#
Step "Determine vcap services properties changed" finished#
#2026 03 05 11:47:38.577#Z#DEBUG#0066f6cb-1889-11f1-a16f-eeee0a90b015.OPERATION#flowable-async-job-executor-thread-695#
[UploadAppStep] Executing task "uploadAppTask" of process "1c07b7a3-1889-11f1-a16f-eeee0a90b015"...#
#2026 03 05 11:47:38.578#Z#DEBUG#0066f6cb-1889-11f1-a16f-eeee0a90b015.OPERATION#flowable-async-job-executor-thread-695#
[UploadAppStep] Application upload timeout is default one: 3,600 seconds#
#2026 03 05 11:47:38.578#Z#INFO#0066f6cb-1889-11f1-a16f-eeee0a90b015.OPERATION#flowable-async-job-executor-thread-695#
[UploadAppStep] Uploading application "c25c385-2-approuter"...#
#2026 03 05 11:47:38.583#Z#DEBUG#0066f6cb-1889-11f1-a16f-eeee0a90b015.OPERATION#flowable-async-job-executor-thread-695#
[UploadAppStep] Getting application "c25c385-2-approuter"...#
#2026 03 05 11:47:38.623#Z#DEBUG#0066f6cb-1889-11f1-a16f-eeee0a90b015.OPERATION#flowable-async-job-executor-thread-695#
[UploadAppStep] Getting environment of application "a5c869df-1334-45d0-87fb-b2433d952c83"...#
#2026 03 05 11:47:38.656#Z#INFO#0066f6cb-1889-11f1-a16f-eeee0a90b015.OPERATION#flowable-async-job-executor-thread-695#
[UploadAppStep] Calculating application digest: "c25c385-2-approuter"#
#2026 03 05 11:47:38.893#Z#DEBUG#0066f6cb-1889-11f1-a16f-eeee0a90b015.OPERATION#flowable-async-job-executor-thread-695#
Step "Upload App" finished#
#2026 03 05 11:47:48.248#Z#DEBUG#0066f6cb-1889-11f1-a16f-eeee0a90b015.OPERATION#flowable-async-job-executor-thread-701#
[UploadAppStep] Executing task "uploadAppTask" of process "1c07b7a3-1889-11f1-a16f-eeee0a90b015"...#
#2026 03 05 11:47:48.248#Z#DEBUG#0066f6cb-1889-11f1-a16f-eeee0a90b015.OPERATION#flowable-async-job-executor-thread-701#
[UploadAppStep] Application upload timeout is default one: 3,600 seconds#
#2026 03 05 11:47:48.250#Z#DEBUG#0066f6cb-1889-11f1-a16f-eeee0a90b015.OPERATION#pool-20-thread-4#
[UploadAppStep] Upload of application: c25c385-2-approuter started on instance: 2#
#2026 03 05 11:47:48.250#Z#DEBUG#0066f6cb-1889-11f1-a16f-eeee0a90b015.OPERATION#pool-20-thread-4#
[UploadAppStep] Uploading file "c25c385-2-approuter/data.zip" for application "c25c385-2-approuter"#
#2026 03 05 11:47:48.363#Z#INFO#0066f6cb-1889-11f1-a16f-eeee0a90b015.OPERATION#pool-20-thread-4#
[UploadAppStep] Time elapsed for app binary download: 113 in millis#
#2026 03 05 11:47:48.364#Z#INFO#0066f6cb-1889-11f1-a16f-eeee0a90b015.OPERATION#pool-20-thread-4#
[UploadAppStep] Size of app c25c385-2-approuter is 8,300,349 bytes#
#2026 03 05 11:47:48.364#Z#DEBUG#0066f6cb-1889-11f1-a16f-eeee0a90b015.OPERATION#pool-20-thread-4#
[UploadAppStep] Asynchronously uploading binaries for application "c25c385-2-approuter"...#
#2026 03 05 11:47:48.606#Z#INFO#0066f6cb-1889-11f1-a16f-eeee0a90b015.OPERATION#pool-20-thread-4#
[UploadAppStep] Started async upload of application "c25c385-2-approuter"#
#2026 03 05 11:47:48.611#Z#INFO#0066f6cb-1889-11f1-a16f-eeee0a90b015.OPERATION#flowable-async-job-executor-thread-701#
[UploadAppStep] Time elapsed for upload: 362 in millis#
#2026 03 05 11:47:48.612#Z#DEBUG#0066f6cb-1889-11f1-a16f-eeee0a90b015.OPERATION#flowable-async-job-executor-thread-701#
[UploadAppStep] Getting application "c25c385-2-approuter"...#
#2026 03 05 11:47:48.631#Z#DEBUG#0066f6cb-1889-11f1-a16f-eeee0a90b015.OPERATION#App upload monitor: 57956016-ce70-44b0-a95d-2485afe0926d#
[UploadAppStep] Upload status: PROCESSING_UPLOAD#
#2026 03 05 11:47:48.658#Z#DEBUG#0066f6cb-1889-11f1-a16f-eeee0a90b015.OPERATION#flowable-async-job-executor-thread-701#
[UploadAppStep] Getting environment of application "a5c869df-1334-45d0-87fb-b2433d952c83"...#
#2026 03 05 11:47:48.691#Z#DEBUG#0066f6cb-1889-11f1-a16f-eeee0a90b015.OPERATION#flowable-async-job-executor-thread-701#
[UploadAppStep] Updating environment of application "c25c385-2-approuter"#
#2026 03 05 11:47:48.784#Z#DEBUG#0066f6cb-1889-11f1-a16f-eeee0a90b015.OPERATION#flowable-async-job-executor-thread-701#
Step "Upload App" finished#
#2026 03 05 11:47:53.657#Z#DEBUG#0066f6cb-1889-11f1-a16f-eeee0a90b015.OPERATION#App upload monitor: 57956016-ce70-44b0-a95d-2485afe0926d#
[UploadAppStep] Upload status: PROCESSING_UPLOAD#
#2026 03 05 11:47:58.283#Z#DEBUG#0066f6cb-1889-11f1-a16f-eeee0a90b015.OPERATION#flowable-async-job-executor-thread-712#
[UploadAppStep] Executing task "uploadAppTask" of process "1c07b7a3-1889-11f1-a16f-eeee0a90b015"...#
#2026 03 05 11:47:58.284#Z#DEBUG#0066f6cb-1889-11f1-a16f-eeee0a90b015.OPERATION#flowable-async-job-executor-thread-712#
[UploadAppStep] Application upload timeout is default one: 3,600 seconds#
#2026 03 05 11:47:58.284#Z#DEBUG#0066f6cb-1889-11f1-a16f-eeee0a90b015.OPERATION#flowable-async-job-executor-thread-712#
[UploadAppStep] Checking upload status of application "c25c385-2-approuter"...#
#2026 03 05 11:47:58.284#Z#DEBUG#0066f6cb-1889-11f1-a16f-eeee0a90b015.OPERATION#flowable-async-job-executor-thread-712#
[UploadAppStep] Getting package "57956016-ce70-44b0-a95d-2485afe0926d"...#
#2026 03 05 11:47:58.317#Z#DEBUG#0066f6cb-1889-11f1-a16f-eeee0a90b015.OPERATION#flowable-async-job-executor-thread-712#
[UploadAppStep] Application "c25c385-2-approuter" uploaded#
#2026 03 05 11:47:58.320#Z#DEBUG#0066f6cb-1889-11f1-a16f-eeee0a90b015.OPERATION#flowable-async-job-executor-thread-712#
Step "Upload App" finished#
#2026 03 05 11:47:58.445#Z#DEBUG#0066f6cb-1889-11f1-a16f-eeee0a90b015.OPERATION#flowable-async-job-executor-thread-708#
[ScaleAppStep] Executing task "scaleAppTask" of process "1c07b7a3-1889-11f1-a16f-eeee0a90b015"...#
#2026 03 05 11:47:58.446#Z#DEBUG#0066f6cb-1889-11f1-a16f-eeee0a90b015.OPERATION#flowable-async-job-executor-thread-708#
[ScaleAppStep] Scaling application "c25c385-2-approuter"...#
#2026 03 05 11:47:58.446#Z#DEBUG#0066f6cb-1889-11f1-a16f-eeee0a90b015.OPERATION#flowable-async-job-executor-thread-708#
[ScaleAppStep] Getting application guid "c25c385-2-approuter"...#
#2026 03 05 11:47:58.491#Z#DEBUG#0066f6cb-1889-11f1-a16f-eeee0a90b015.OPERATION#flowable-async-job-executor-thread-708#
[ScaleAppStep] Getting process for application "a5c869df-1334-45d0-87fb-b2433d952c83"...#
#2026 03 05 11:47:58.526#Z#DEBUG#0066f6cb-1889-11f1-a16f-eeee0a90b015.OPERATION#flowable-async-job-executor-thread-708#
[ScaleAppStep] Application "c25c385-2-approuter" scaled#
#2026 03 05 11:47:58.526#Z#DEBUG#0066f6cb-1889-11f1-a16f-eeee0a90b015.OPERATION#flowable-async-job-executor-thread-708#
Step "Scale App" finished#
#2026 03 05 11:47:58.683#Z#DEBUG#0066f6cb-1889-11f1-a16f-eeee0a90b015.OPERATION#App upload monitor: 57956016-ce70-44b0-a95d-2485afe0926d#
[UploadAppStep] Upload status: READY#
#2026 03 05 11:47:59.213#Z#DEBUG#0066f6cb-1889-11f1-a16f-eeee0a90b015.OPERATION#flowable-async-job-executor-thread-709#
[DetermineDesiredStateAchievingActionsStep] Executing task "determineDesiredStateAchievingActionsTask" of process "1c07b7a3-1889-11f1-a16f-eeee0a90b015"...#
#2026 03 05 11:47:59.215#Z#DEBUG#0066f6cb-1889-11f1-a16f-eeee0a90b015.OPERATION#flowable-async-job-executor-thread-709#
[DetermineDesiredStateAchievingActionsStep] Getting application "c25c385-2-approuter"...#
#2026 03 05 11:47:59.273#Z#DEBUG#0066f6cb-1889-11f1-a16f-eeee0a90b015.OPERATION#flowable-async-job-executor-thread-709#
[DetermineDesiredStateAchievingActionsStep] Getting instances for application "c25c385-2-approuter"...#
#2026 03 05 11:47:59.273#Z#DEBUG#0066f6cb-1889-11f1-a16f-eeee0a90b015.OPERATION#flowable-async-job-executor-thread-709#
[DetermineDesiredStateAchievingActionsStep] Getting environment of application "a5c869df-1334-45d0-87fb-b2433d952c83"...#
#2026 03 05 11:47:59.310#Z#DEBUG#0066f6cb-1889-11f1-a16f-eeee0a90b015.OPERATION#flowable-async-job-executor-thread-709#
[DetermineDesiredStateAchievingActionsStep] Current state of application c25c385-2-approuter: STOPPED#
#2026 03 05 11:47:59.310#Z#DEBUG#0066f6cb-1889-11f1-a16f-eeee0a90b015.OPERATION#flowable-async-job-executor-thread-709#
[DetermineDesiredStateAchievingActionsStep] Desired state of application c25c385-2-approuter: STARTED#
#2026 03 05 11:47:59.310#Z#DEBUG#0066f6cb-1889-11f1-a16f-eeee0a90b015.OPERATION#flowable-async-job-executor-thread-709#
[DetermineDesiredStateAchievingActionsStep] Actions that should be executed on application c25c385-2-approuter: [STAGE, START]#
#2026 03 05 11:47:59.310#Z#DEBUG#0066f6cb-1889-11f1-a16f-eeee0a90b015.OPERATION#flowable-async-job-executor-thread-709#
Step "Determine Desired State Achieving Actions" finished#
#2026 03 05 11:47:59.357#Z#DEBUG#0066f6cb-1889-11f1-a16f-eeee0a90b015.OPERATION#flowable-async-job-executor-thread-709#
[StageAppStep] Executing task "stageAppTask" of process "1c07b7a3-1889-11f1-a16f-eeee0a90b015"...#
#2026 03 05 11:47:59.358#Z#DEBUG#0066f6cb-1889-11f1-a16f-eeee0a90b015.OPERATION#flowable-async-job-executor-thread-709#
[StageAppStep] Application stage timeout is default one: 3,600 seconds#
#2026 03 05 11:47:59.359#Z#INFO#0066f6cb-1889-11f1-a16f-eeee0a90b015.OPERATION#flowable-async-job-executor-thread-709#
[StageAppStep] Staging application "c25c385-2-approuter"...#
#2026 03 05 11:47:59.364#Z#DEBUG#0066f6cb-1889-11f1-a16f-eeee0a90b015.OPERATION#flowable-async-job-executor-thread-709#
[StageAppStep] Creating build for package "57956016-ce70-44b0-a95d-2485afe0926d"...#
#2026 03 05 11:47:59.956#Z#DEBUG#0066f6cb-1889-11f1-a16f-eeee0a90b015.OPERATION#flowable-async-job-executor-thread-709#
Step "Stage App" finished#
#2026 03 05 11:48:08.385#Z#DEBUG#0066f6cb-1889-11f1-a16f-eeee0a90b015.OPERATION#flowable-async-job-executor-thread-712#
[StageAppStep] Executing task "stageAppTask" of process "1c07b7a3-1889-11f1-a16f-eeee0a90b015"...#
#2026 03 05 11:48:08.387#Z#DEBUG#0066f6cb-1889-11f1-a16f-eeee0a90b015.OPERATION#flowable-async-job-executor-thread-712#
[StageAppStep] Application stage timeout is default one: 3,600 seconds#
#2026 03 05 11:48:08.387#Z#DEBUG#0066f6cb-1889-11f1-a16f-eeee0a90b015.OPERATION#flowable-async-job-executor-thread-712#
[StageAppStep] Checking status of application "c25c385-2-approuter"...#
#2026 03 05 11:48:08.387#Z#DEBUG#0066f6cb-1889-11f1-a16f-eeee0a90b015.OPERATION#flowable-async-job-executor-thread-712#
[StageAppStep] Getting build "eb663874-c29c-46a2-a80d-e017b1c9aba1"...#
#2026 03 05 11:48:08.431#Z#DEBUG#0066f6cb-1889-11f1-a16f-eeee0a90b015.OPERATION#flowable-async-job-executor-thread-712#
[StageAppStep] Staging status of application "c25c385-2-approuter": FAILED#
#2026 03 05 11:48:08.432#Z#DEBUG#0066f6cb-1889-11f1-a16f-eeee0a90b015.OPERATION#flowable-async-job-executor-thread-712#
[StageAppStep] Getting application guid "c25c385-2-approuter"...#
#2026 03 05 11:48:08.591#Z#ERROR#0066f6cb-1889-11f1-a16f-eeee0a90b015.OPERATION#flowable-async-job-executor-thread-712#
[StageAppStep] Error staging application "c25c385-2-approuter": BuildpackCompileFailed - App staging failed in the buildpack compile phase
Download the application logs via the dmol command and check them for more information.#
#2026 03 05 11:48:08.596#Z#ERROR#0066f6cb-1889-11f1-a16f-eeee0a90b015.OPERATION#flowable-async-job-executor-thread-712#
Exception caught#
org.cloudfoundry.multiapps.common.SLException: A step of the process has failed. Retrying it may solve the issue.
	at org.cloudfoundry.multiapps.controller.process.steps.SyncFlowableStep.executeInternal(SyncFlowableStep.java:76)
	at org.cloudfoundry.multiapps.controller.process.steps.SyncFlowableStep.lambda$execute$0(SyncFlowableStep.java:64)
	at org.cloudfoundry.multiapps.controller.core.util.LoggingUtil.logWithCorrelationId(LoggingUtil.java:14)
	at org.cloudfoundry.multiapps.controller.process.steps.SyncFlowableStep.execute(SyncFlowableStep.java:64)
	at org.flowable.engine.impl.delegate.invocation.JavaDelegateInvocation.invoke(JavaDelegateInvocation.java:35)
	at org.flowable.engine.impl.delegate.invocation.DelegateInvocation.proceed(DelegateInvocation.java:32)
	at org.flowable.engine.impl.delegate.invocation.DefaultDelegateInterceptor.handleInvocation(DefaultDelegateInterceptor.java:26)
	at org.flowable.engine.impl.bpmn.behavior.ServiceTaskDelegateExpressionActivityBehavior.execute(ServiceTaskDelegateExpressionActivityBehavior.java:177)
	at org.flowable.engine.impl.agenda.ContinueProcessOperation.executeActivityBehavior(ContinueProcessOperation.java:298)
	at org.flowable.engine.impl.agenda.ContinueProcessOperation.executeSynchronous(ContinueProcessOperation.java:175)
	at org.flowable.engine.impl.agenda.ContinueProcessOperation.continueThroughFlowNode(ContinueProcessOperation.java:125)
	at org.flowable.engine.impl.agenda.ContinueProcessOperation.run(ContinueProcessOperation.java:88)
	at org.flowable.common.engine.impl.AbstractEngineConfiguration.lambda$new$0(AbstractEngineConfiguration.java:198)
	at org.flowable.engine.impl.interceptor.CommandInvoker.executeOperation(CommandInvoker.java:189)
	at org.flowable.engine.impl.interceptor.CommandInvoker.executeOperations(CommandInvoker.java:128)
	at org.flowable.engine.impl.interceptor.CommandInvoker.execute(CommandInvoker.java:80)
	at org.flowable.engine.impl.interceptor.BpmnOverrideContextInterceptor.execute(BpmnOverrideContextInterceptor.java:26)
	at org.flowable.common.engine.impl.interceptor.TransactionContextInterceptor.execute(TransactionContextInterceptor.java:53)
	at org.flowable.common.engine.impl.interceptor.CommandContextInterceptor.execute(CommandContextInterceptor.java:105)
	at org.flowable.common.spring.SpringTransactionInterceptor.lambda$execute$0(SpringTransactionInterceptor.java:57)
	at org.springframework.transaction.support.TransactionTemplate.execute(TransactionTemplate.java:140)
	at org.flowable.common.spring.SpringTransactionInterceptor.execute(SpringTransactionInterceptor.java:57)
	at org.flowable.common.engine.impl.interceptor.LogInterceptor.execute(LogInterceptor.java:30)
	at org.flowable.common.engine.impl.cfg.CommandExecutorImpl.execute(CommandExecutorImpl.java:56)
	at org.flowable.common.engine.impl.cfg.CommandExecutorImpl.execute(CommandExecutorImpl.java:51)
	at org.flowable.job.service.impl.asyncexecutor.ExecuteAsyncRunnable.handleTransactionalJob(ExecuteAsyncRunnable.java:177)
	at org.flowable.job.service.impl.asyncexecutor.ExecuteAsyncRunnable.executeJob(ExecuteAsyncRunnable.java:146)
	at org.flowable.job.service.impl.asyncexecutor.ExecuteAsyncRunnable.runInternally(ExecuteAsyncRunnable.java:122)
	at org.flowable.job.service.impl.asyncexecutor.ExecuteAsyncRunnable.run(ExecuteAsyncRunnable.java:96)
	at java.base/java.util.concurrent.ThreadPoolExecutor.runWorker(ThreadPoolExecutor.java:1136)
	at java.base/java.util.concurrent.ThreadPoolExecutor$Worker.run(ThreadPoolExecutor.java:635)
	at java.base/java.lang.Thread.run(Thread.java:840)
#2026 03 05 11:48:08.602#Z#DEBUG#0066f6cb-1889-11f1-a16f-eeee0a90b015.OPERATION#flowable-async-job-executor-thread-712#
Step "Stage App" finished#
#2026 03 05 11:48:10.940#Z#DEBUG#0066f6cb-1889-11f1-a16f-eeee0a90b015.OPERATION#flowable-async-job-executor-thread-710#
[StageAppStep] Executing task "stageAppTask" of process "1c07b7a3-1889-11f1-a16f-eeee0a90b015"...#
#2026 03 05 11:48:10.941#Z#DEBUG#0066f6cb-1889-11f1-a16f-eeee0a90b015.OPERATION#flowable-async-job-executor-thread-710#
[StageAppStep] Application stage timeout is default one: 3,600 seconds#
#2026 03 05 11:48:11.007#Z#INFO#0066f6cb-1889-11f1-a16f-eeee0a90b015.OPERATION#flowable-async-job-executor-thread-710#
[StageAppStep] Staging application "c25c385-2-approuter"...#
#2026 03 05 11:48:11.012#Z#DEBUG#0066f6cb-1889-11f1-a16f-eeee0a90b015.OPERATION#flowable-async-job-executor-thread-710#
[StageAppStep] Creating build for package "57956016-ce70-44b0-a95d-2485afe0926d"...#
#2026 03 05 11:48:11.562#Z#DEBUG#0066f6cb-1889-11f1-a16f-eeee0a90b015.OPERATION#flowable-async-job-executor-thread-710#
Step "Stage App" finished#
#2026 03 05 11:48:18.534#Z#DEBUG#0066f6cb-1889-11f1-a16f-eeee0a90b015.OPERATION#flowable-async-job-executor-thread-715#
[StageAppStep] Executing task "stageAppTask" of process "1c07b7a3-1889-11f1-a16f-eeee0a90b015"...#
#2026 03 05 11:48:18.536#Z#DEBUG#0066f6cb-1889-11f1-a16f-eeee0a90b015.OPERATION#flowable-async-job-executor-thread-715#
[StageAppStep] Application stage timeout is default one: 3,600 seconds#
#2026 03 05 11:48:18.536#Z#DEBUG#0066f6cb-1889-11f1-a16f-eeee0a90b015.OPERATION#flowable-async-job-executor-thread-715#
[StageAppStep] Checking status of application "c25c385-2-approuter"...#
#2026 03 05 11:48:18.536#Z#DEBUG#0066f6cb-1889-11f1-a16f-eeee0a90b015.OPERATION#flowable-async-job-executor-thread-715#
[StageAppStep] Getting build "bb40cd4f-be93-40a5-a943-347e71d00fb1"...#
#2026 03 05 11:48:18.566#Z#DEBUG#0066f6cb-1889-11f1-a16f-eeee0a90b015.OPERATION#flowable-async-job-executor-thread-715#
[StageAppStep] Staging status of application "c25c385-2-approuter": PENDING#
#2026 03 05 11:48:18.569#Z#DEBUG#0066f6cb-1889-11f1-a16f-eeee0a90b015.OPERATION#flowable-async-job-executor-thread-715#
[StageAppStep] Getting application guid "c25c385-2-approuter"...#
#2026 03 05 11:48:18.721#Z#DEBUG#0066f6cb-1889-11f1-a16f-eeee0a90b015.OPERATION#flowable-async-job-executor-thread-715#
Step "Stage App" finished#
#2026 03 05 11:48:28.728#Z#DEBUG#0066f6cb-1889-11f1-a16f-eeee0a90b015.OPERATION#flowable-async-job-executor-thread-723#
[StageAppStep] Executing task "stageAppTask" of process "1c07b7a3-1889-11f1-a16f-eeee0a90b015"...#
#2026 03 05 11:48:28.729#Z#DEBUG#0066f6cb-1889-11f1-a16f-eeee0a90b015.OPERATION#flowable-async-job-executor-thread-723#
[StageAppStep] Application stage timeout is default one: 3,600 seconds#
#2026 03 05 11:48:28.729#Z#DEBUG#0066f6cb-1889-11f1-a16f-eeee0a90b015.OPERATION#flowable-async-job-executor-thread-723#
[StageAppStep] Checking status of application "c25c385-2-approuter"...#
#2026 03 05 11:48:28.729#Z#DEBUG#0066f6cb-1889-11f1-a16f-eeee0a90b015.OPERATION#flowable-async-job-executor-thread-723#
[StageAppStep] Getting build "bb40cd4f-be93-40a5-a943-347e71d00fb1"...#
#2026 03 05 11:48:28.767#Z#DEBUG#0066f6cb-1889-11f1-a16f-eeee0a90b015.OPERATION#flowable-async-job-executor-thread-723#
[StageAppStep] Staging status of application "c25c385-2-approuter": FAILED#
#2026 03 05 11:48:28.769#Z#DEBUG#0066f6cb-1889-11f1-a16f-eeee0a90b015.OPERATION#flowable-async-job-executor-thread-723#
[StageAppStep] Getting application guid "c25c385-2-approuter"...#
#2026 03 05 11:48:28.872#Z#ERROR#0066f6cb-1889-11f1-a16f-eeee0a90b015.OPERATION#flowable-async-job-executor-thread-723#
[StageAppStep] Error staging application "c25c385-2-approuter": BuildpackCompileFailed - App staging failed in the buildpack compile phase
Download the application logs via the dmol command and check them for more information.#
#2026 03 05 11:48:28.878#Z#ERROR#0066f6cb-1889-11f1-a16f-eeee0a90b015.OPERATION#flowable-async-job-executor-thread-723#
Exception caught#
org.cloudfoundry.multiapps.common.SLException: A step of the process has failed. Retrying it may solve the issue.
	at org.cloudfoundry.multiapps.controller.process.steps.SyncFlowableStep.executeInternal(SyncFlowableStep.java:76)
	at org.cloudfoundry.multiapps.controller.process.steps.SyncFlowableStep.lambda$execute$0(SyncFlowableStep.java:64)
	at org.cloudfoundry.multiapps.controller.core.util.LoggingUtil.logWithCorrelationId(LoggingUtil.java:14)
	at org.cloudfoundry.multiapps.controller.process.steps.SyncFlowableStep.execute(SyncFlowableStep.java:64)
	at org.flowable.engine.impl.delegate.invocation.JavaDelegateInvocation.invoke(JavaDelegateInvocation.java:35)
	at org.flowable.engine.impl.delegate.invocation.DelegateInvocation.proceed(DelegateInvocation.java:32)
	at org.flowable.engine.impl.delegate.invocation.DefaultDelegateInterceptor.handleInvocation(DefaultDelegateInterceptor.java:26)
	at org.flowable.engine.impl.bpmn.behavior.ServiceTaskDelegateExpressionActivityBehavior.execute(ServiceTaskDelegateExpressionActivityBehavior.java:177)
	at org.flowable.engine.impl.agenda.ContinueProcessOperation.executeActivityBehavior(ContinueProcessOperation.java:298)
	at org.flowable.engine.impl.agenda.ContinueProcessOperation.executeSynchronous(ContinueProcessOperation.java:175)
	at org.flowable.engine.impl.agenda.ContinueProcessOperation.continueThroughFlowNode(ContinueProcessOperation.java:125)
	at org.flowable.engine.impl.agenda.ContinueProcessOperation.run(ContinueProcessOperation.java:88)
	at org.flowable.common.engine.impl.AbstractEngineConfiguration.lambda$new$0(AbstractEngineConfiguration.java:198)
	at org.flowable.engine.impl.interceptor.CommandInvoker.executeOperation(CommandInvoker.java:189)
	at org.flowable.engine.impl.interceptor.CommandInvoker.executeOperations(CommandInvoker.java:128)
	at org.flowable.engine.impl.interceptor.CommandInvoker.execute(CommandInvoker.java:80)
	at org.flowable.engine.impl.interceptor.BpmnOverrideContextInterceptor.execute(BpmnOverrideContextInterceptor.java:26)
	at org.flowable.common.engine.impl.interceptor.TransactionContextInterceptor.execute(TransactionContextInterceptor.java:53)
	at org.flowable.common.engine.impl.interceptor.CommandContextInterceptor.execute(CommandContextInterceptor.java:105)
	at org.flowable.common.spring.SpringTransactionInterceptor.lambda$execute$0(SpringTransactionInterceptor.java:57)
	at org.springframework.transaction.support.TransactionTemplate.execute(TransactionTemplate.java:140)
	at org.flowable.common.spring.SpringTransactionInterceptor.execute(SpringTransactionInterceptor.java:57)
	at org.flowable.common.engine.impl.interceptor.LogInterceptor.execute(LogInterceptor.java:30)
	at org.flowable.common.engine.impl.cfg.CommandExecutorImpl.execute(CommandExecutorImpl.java:56)
	at org.flowable.common.engine.impl.cfg.CommandExecutorImpl.execute(CommandExecutorImpl.java:51)
	at org.flowable.job.service.impl.asyncexecutor.ExecuteAsyncRunnable.handleTransactionalJob(ExecuteAsyncRunnable.java:177)
	at org.flowable.job.service.impl.asyncexecutor.ExecuteAsyncRunnable.executeJob(ExecuteAsyncRunnable.java:146)
	at org.flowable.job.service.impl.asyncexecutor.ExecuteAsyncRunnable.runInternally(ExecuteAsyncRunnable.java:122)
	at org.flowable.job.service.impl.asyncexecutor.ExecuteAsyncRunnable.run(ExecuteAsyncRunnable.java:96)
	at java.base/java.util.concurrent.ThreadPoolExecutor.runWorker(ThreadPoolExecutor.java:1136)
	at java.base/java.util.concurrent.ThreadPoolExecutor$Worker.run(ThreadPoolExecutor.java:635)
	at java.base/java.lang.Thread.run(Thread.java:840)
#2026 03 05 11:48:28.884#Z#DEBUG#0066f6cb-1889-11f1-a16f-eeee0a90b015.OPERATION#flowable-async-job-executor-thread-723#
Step "Stage App" finished#
#2026 03 05 11:48:29.426#Z#DEBUG#0066f6cb-1889-11f1-a16f-eeee0a90b015.OPERATION#flowable-async-job-executor-thread-2239#
[StageAppStep] Executing task "stageAppTask" of process "1c07b7a3-1889-11f1-a16f-eeee0a90b015"...#
#2026 03 05 11:48:29.428#Z#DEBUG#0066f6cb-1889-11f1-a16f-eeee0a90b015.OPERATION#flowable-async-job-executor-thread-2239#
[StageAppStep] Application stage timeout is default one: 3,600 seconds#
#2026 03 05 11:48:29.429#Z#INFO#0066f6cb-1889-11f1-a16f-eeee0a90b015.OPERATION#flowable-async-job-executor-thread-2239#
[StageAppStep] Staging application "c25c385-2-approuter"...#
#2026 03 05 11:48:29.436#Z#DEBUG#0066f6cb-1889-11f1-a16f-eeee0a90b015.OPERATION#flowable-async-job-executor-thread-2239#
[StageAppStep] Creating build for package "57956016-ce70-44b0-a95d-2485afe0926d"...#
#2026 03 05 11:48:30.035#Z#DEBUG#0066f6cb-1889-11f1-a16f-eeee0a90b015.OPERATION#flowable-async-job-executor-thread-2239#
Step "Stage App" finished#
#2026 03 05 11:48:38.676#Z#DEBUG#0066f6cb-1889-11f1-a16f-eeee0a90b015.OPERATION#flowable-async-job-executor-thread-726#
[StageAppStep] Executing task "stageAppTask" of process "1c07b7a3-1889-11f1-a16f-eeee0a90b015"...#
#2026 03 05 11:48:38.677#Z#DEBUG#0066f6cb-1889-11f1-a16f-eeee0a90b015.OPERATION#flowable-async-job-executor-thread-726#
[StageAppStep] Application stage timeout is default one: 3,600 seconds#
#2026 03 05 11:48:38.757#Z#DEBUG#0066f6cb-1889-11f1-a16f-eeee0a90b015.OPERATION#flowable-async-job-executor-thread-726#
[StageAppStep] Checking status of application "c25c385-2-approuter"...#
#2026 03 05 11:48:38.757#Z#DEBUG#0066f6cb-1889-11f1-a16f-eeee0a90b015.OPERATION#flowable-async-job-executor-thread-726#
[StageAppStep] Getting build "de2b0e95-2718-4686-ba70-93eac575614c"...#
#2026 03 05 11:48:38.820#Z#DEBUG#0066f6cb-1889-11f1-a16f-eeee0a90b015.OPERATION#flowable-async-job-executor-thread-726#
[StageAppStep] Staging status of application "c25c385-2-approuter": FAILED#
#2026 03 05 11:48:38.822#Z#DEBUG#0066f6cb-1889-11f1-a16f-eeee0a90b015.OPERATION#flowable-async-job-executor-thread-726#
[StageAppStep] Getting application guid "c25c385-2-approuter"...#
#2026 03 05 11:48:38.937#Z#ERROR#0066f6cb-1889-11f1-a16f-eeee0a90b015.OPERATION#flowable-async-job-executor-thread-726#
[StageAppStep] Error staging application "c25c385-2-approuter": BuildpackCompileFailed - App staging failed in the buildpack compile phase
Download the application logs via the dmol command and check them for more information.#
#2026 03 05 11:48:38.943#Z#ERROR#0066f6cb-1889-11f1-a16f-eeee0a90b015.OPERATION#flowable-async-job-executor-thread-726#
Exception caught#
org.cloudfoundry.multiapps.common.SLException: A step of the process has failed. Retrying it may solve the issue.
	at org.cloudfoundry.multiapps.controller.process.steps.SyncFlowableStep.executeInternal(SyncFlowableStep.java:76)
	at org.cloudfoundry.multiapps.controller.process.steps.SyncFlowableStep.lambda$execute$0(SyncFlowableStep.java:64)
	at org.cloudfoundry.multiapps.controller.core.util.LoggingUtil.logWithCorrelationId(LoggingUtil.java:14)
	at org.cloudfoundry.multiapps.controller.process.steps.SyncFlowableStep.execute(SyncFlowableStep.java:64)
	at org.flowable.engine.impl.delegate.invocation.JavaDelegateInvocation.invoke(JavaDelegateInvocation.java:35)
	at org.flowable.engine.impl.delegate.invocation.DelegateInvocation.proceed(DelegateInvocation.java:32)
	at org.flowable.engine.impl.delegate.invocation.DefaultDelegateInterceptor.handleInvocation(DefaultDelegateInterceptor.java:26)
	at org.flowable.engine.impl.bpmn.behavior.ServiceTaskDelegateExpressionActivityBehavior.execute(ServiceTaskDelegateExpressionActivityBehavior.java:177)
	at org.flowable.engine.impl.agenda.ContinueProcessOperation.executeActivityBehavior(ContinueProcessOperation.java:298)
	at org.flowable.engine.impl.agenda.ContinueProcessOperation.executeSynchronous(ContinueProcessOperation.java:175)
	at org.flowable.engine.impl.agenda.ContinueProcessOperation.continueThroughFlowNode(ContinueProcessOperation.java:125)
	at org.flowable.engine.impl.agenda.ContinueProcessOperation.run(ContinueProcessOperation.java:88)
	at org.flowable.common.engine.impl.AbstractEngineConfiguration.lambda$new$0(AbstractEngineConfiguration.java:198)
	at org.flowable.engine.impl.interceptor.CommandInvoker.executeOperation(CommandInvoker.java:189)
	at org.flowable.engine.impl.interceptor.CommandInvoker.executeOperations(CommandInvoker.java:128)
	at org.flowable.engine.impl.interceptor.CommandInvoker.execute(CommandInvoker.java:80)
	at org.flowable.engine.impl.interceptor.BpmnOverrideContextInterceptor.execute(BpmnOverrideContextInterceptor.java:26)
	at org.flowable.common.engine.impl.interceptor.TransactionContextInterceptor.execute(TransactionContextInterceptor.java:53)
	at org.flowable.common.engine.impl.interceptor.CommandContextInterceptor.execute(CommandContextInterceptor.java:105)
	at org.flowable.common.spring.SpringTransactionInterceptor.lambda$execute$0(SpringTransactionInterceptor.java:57)
	at org.springframework.transaction.support.TransactionTemplate.execute(TransactionTemplate.java:140)
	at org.flowable.common.spring.SpringTransactionInterceptor.execute(SpringTransactionInterceptor.java:57)
	at org.flowable.common.engine.impl.interceptor.LogInterceptor.execute(LogInterceptor.java:30)
	at org.flowable.common.engine.impl.cfg.CommandExecutorImpl.execute(CommandExecutorImpl.java:56)
	at org.flowable.common.engine.impl.cfg.CommandExecutorImpl.execute(CommandExecutorImpl.java:51)
	at org.flowable.job.service.impl.asyncexecutor.ExecuteAsyncRunnable.handleTransactionalJob(ExecuteAsyncRunnable.java:177)
	at org.flowable.job.service.impl.asyncexecutor.ExecuteAsyncRunnable.executeJob(ExecuteAsyncRunnable.java:146)
	at org.flowable.job.service.impl.asyncexecutor.ExecuteAsyncRunnable.runInternally(ExecuteAsyncRunnable.java:122)
	at org.flowable.job.service.impl.asyncexecutor.ExecuteAsyncRunnable.run(ExecuteAsyncRunnable.java:96)
	at java.base/java.util.concurrent.ThreadPoolExecutor.runWorker(ThreadPoolExecutor.java:1136)
	at java.base/java.util.concurrent.ThreadPoolExecutor$Worker.run(ThreadPoolExecutor.java:635)
	at java.base/java.lang.Thread.run(Thread.java:840)
#2026 03 05 11:48:38.951#Z#DEBUG#0066f6cb-1889-11f1-a16f-eeee0a90b015.OPERATION#flowable-async-job-executor-thread-726#
Step "Stage App" finished#
#2026 03 05 11:48:41.780#Z#DEBUG#0066f6cb-1889-11f1-a16f-eeee0a90b015.OPERATION#flowable-async-job-executor-thread-2245#
[StageAppStep] Executing task "stageAppTask" of process "1c07b7a3-1889-11f1-a16f-eeee0a90b015"...#
#2026 03 05 11:48:41.781#Z#DEBUG#0066f6cb-1889-11f1-a16f-eeee0a90b015.OPERATION#flowable-async-job-executor-thread-2245#
[StageAppStep] Application stage timeout is default one: 3,600 seconds#
#2026 03 05 11:48:41.783#Z#INFO#0066f6cb-1889-11f1-a16f-eeee0a90b015.OPERATION#flowable-async-job-executor-thread-2245#
[StageAppStep] Staging application "c25c385-2-approuter"...#
#2026 03 05 11:48:41.788#Z#DEBUG#0066f6cb-1889-11f1-a16f-eeee0a90b015.OPERATION#flowable-async-job-executor-thread-2245#
[StageAppStep] Creating build for package "57956016-ce70-44b0-a95d-2485afe0926d"...#
#2026 03 05 11:48:42.387#Z#DEBUG#0066f6cb-1889-11f1-a16f-eeee0a90b015.OPERATION#flowable-async-job-executor-thread-2245#
Step "Stage App" finished#
#2026 03 05 11:48:48.740#Z#DEBUG#0066f6cb-1889-11f1-a16f-eeee0a90b015.OPERATION#flowable-async-job-executor-thread-733#
[StageAppStep] Executing task "stageAppTask" of process "1c07b7a3-1889-11f1-a16f-eeee0a90b015"...#
#2026 03 05 11:48:48.741#Z#DEBUG#0066f6cb-1889-11f1-a16f-eeee0a90b015.OPERATION#flowable-async-job-executor-thread-733#
[StageAppStep] Application stage timeout is default one: 3,600 seconds#
#2026 03 05 11:48:48.816#Z#DEBUG#0066f6cb-1889-11f1-a16f-eeee0a90b015.OPERATION#flowable-async-job-executor-thread-733#
[StageAppStep] Checking status of application "c25c385-2-approuter"...#
#2026 03 05 11:48:48.816#Z#DEBUG#0066f6cb-1889-11f1-a16f-eeee0a90b015.OPERATION#flowable-async-job-executor-thread-733#
[StageAppStep] Getting build "c073a4ba-79d1-4449-9072-7560e05ffbc5"...#
#2026 03 05 11:48:48.866#Z#DEBUG#0066f6cb-1889-11f1-a16f-eeee0a90b015.OPERATION#flowable-async-job-executor-thread-733#
[StageAppStep] Staging status of application "c25c385-2-approuter": FAILED#
#2026 03 05 11:48:48.868#Z#DEBUG#0066f6cb-1889-11f1-a16f-eeee0a90b015.OPERATION#flowable-async-job-executor-thread-733#
[StageAppStep] Getting application guid "c25c385-2-approuter"...#
#2026 03 05 11:48:48.958#Z#ERROR#0066f6cb-1889-11f1-a16f-eeee0a90b015.OPERATION#flowable-async-job-executor-thread-733#
[StageAppStep] Error staging application "c25c385-2-approuter": BuildpackCompileFailed - App staging failed in the buildpack compile phase
Download the application logs via the dmol command and check them for more information.#
#2026 03 05 11:48:48.963#Z#ERROR#0066f6cb-1889-11f1-a16f-eeee0a90b015.OPERATION#flowable-async-job-executor-thread-733#
Exception caught#
org.cloudfoundry.multiapps.common.SLException: A step of the process has failed. Retrying it may solve the issue.
	at org.cloudfoundry.multiapps.controller.process.steps.SyncFlowableStep.executeInternal(SyncFlowableStep.java:76)
	at org.cloudfoundry.multiapps.controller.process.steps.SyncFlowableStep.lambda$execute$0(SyncFlowableStep.java:64)
	at org.cloudfoundry.multiapps.controller.core.util.LoggingUtil.logWithCorrelationId(LoggingUtil.java:14)
	at org.cloudfoundry.multiapps.controller.process.steps.SyncFlowableStep.execute(SyncFlowableStep.java:64)
	at org.flowable.engine.impl.delegate.invocation.JavaDelegateInvocation.invoke(JavaDelegateInvocation.java:35)
	at org.flowable.engine.impl.delegate.invocation.DelegateInvocation.proceed(DelegateInvocation.java:32)
	at org.flowable.engine.impl.delegate.invocation.DefaultDelegateInterceptor.handleInvocation(DefaultDelegateInterceptor.java:26)
	at org.flowable.engine.impl.bpmn.behavior.ServiceTaskDelegateExpressionActivityBehavior.execute(ServiceTaskDelegateExpressionActivityBehavior.java:177)
	at org.flowable.engine.impl.agenda.ContinueProcessOperation.executeActivityBehavior(ContinueProcessOperation.java:298)
	at org.flowable.engine.impl.agenda.ContinueProcessOperation.executeSynchronous(ContinueProcessOperation.java:175)
	at org.flowable.engine.impl.agenda.ContinueProcessOperation.continueThroughFlowNode(ContinueProcessOperation.java:125)
	at org.flowable.engine.impl.agenda.ContinueProcessOperation.run(ContinueProcessOperation.java:88)
	at org.flowable.common.engine.impl.AbstractEngineConfiguration.lambda$new$0(AbstractEngineConfiguration.java:198)
	at org.flowable.engine.impl.interceptor.CommandInvoker.executeOperation(CommandInvoker.java:189)
	at org.flowable.engine.impl.interceptor.CommandInvoker.executeOperations(CommandInvoker.java:128)
	at org.flowable.engine.impl.interceptor.CommandInvoker.execute(CommandInvoker.java:80)
	at org.flowable.engine.impl.interceptor.BpmnOverrideContextInterceptor.execute(BpmnOverrideContextInterceptor.java:26)
	at org.flowable.common.engine.impl.interceptor.TransactionContextInterceptor.execute(TransactionContextInterceptor.java:53)
	at org.flowable.common.engine.impl.interceptor.CommandContextInterceptor.execute(CommandContextInterceptor.java:105)
	at org.flowable.common.spring.SpringTransactionInterceptor.lambda$execute$0(SpringTransactionInterceptor.java:57)
	at org.springframework.transaction.support.TransactionTemplate.execute(TransactionTemplate.java:140)
	at org.flowable.common.spring.SpringTransactionInterceptor.execute(SpringTransactionInterceptor.java:57)
	at org.flowable.common.engine.impl.interceptor.LogInterceptor.execute(LogInterceptor.java:30)
	at org.flowable.common.engine.impl.cfg.CommandExecutorImpl.execute(CommandExecutorImpl.java:56)
	at org.flowable.common.engine.impl.cfg.CommandExecutorImpl.execute(CommandExecutorImpl.java:51)
	at org.flowable.job.service.impl.asyncexecutor.ExecuteAsyncRunnable.handleTransactionalJob(ExecuteAsyncRunnable.java:177)
	at org.flowable.job.service.impl.asyncexecutor.ExecuteAsyncRunnable.executeJob(ExecuteAsyncRunnable.java:146)
	at org.flowable.job.service.impl.asyncexecutor.ExecuteAsyncRunnable.runInternally(ExecuteAsyncRunnable.java:122)
	at org.flowable.job.service.impl.asyncexecutor.ExecuteAsyncRunnable.run(ExecuteAsyncRunnable.java:96)
	at java.base/java.util.concurrent.ThreadPoolExecutor.runWorker(ThreadPoolExecutor.java:1136)
	at java.base/java.util.concurrent.ThreadPoolExecutor$Worker.run(ThreadPoolExecutor.java:635)
	at java.base/java.lang.Thread.run(Thread.java:840)
#2026 03 05 11:48:48.971#Z#DEBUG#0066f6cb-1889-11f1-a16f-eeee0a90b015.OPERATION#flowable-async-job-executor-thread-733#
Step "Stage App" finished#
